tanim,guc,ort_tuketim,gun_sayisi,yuk_faktoru_proxy
10002650 tr-2,1000,2113.3200879120877,455,0.08805500366300366
15001890-L-216,400,0.0,2,0.0
184302287,50,31.12993406593407,455,0.025941611721611725
202917T,1600,7206.515604395605,455,0.1876696771978022
202918T,18000,1073.0505494505494,455,0.002483913308913309
61740209,200,240.96040404040406,297,0.050200084175084175
700074584,1250,6505.069010989011,455,0.2168356336996337
700095988,1250,5247.904175824176,455,0.1749301391941392
700095990,1000,2463.3325714285716,455,0.10263885714285714
700095992,1000,2923.344175824176,455,0.12180600732600734
700095997,1000,4840.84705882353,255,0.20170196078431374
700096000,630,957.2118681318682,455,0.06330766323623467
700096002,1000,7778.458021978022,455,0.3241024175824176
700096003,1250,7441.796043956045,455,0.24805986813186814
700096004,630,1725.1358241758244,455,0.11409628466771325
700096005,250,1102.8574945054945,455,0.1838095824175824
700096007,1000,7793.193469387755,392,0.32471639455782314
700096008,400,429.3988679245283,318,0.044729048742138365
700096011,1250,1781.7016949152542,118,0.05939005649717514
700096013,630,1850.171868131868,455,0.12236586429443572
700096016,1000,4542.826666666667,24,0.18928444444444445
700096017,50,71.77145299145299,117,0.059809544159544155
700096018,1000,6950.013186813187,455,0.28958388278388275
700096019,1000,3664.568263736264,455,0.15269034432234432
700096020,400,3900.0176703296706,455,0.40625184065934067
700096021,400,4260.509333333333,450,0.44380305555555555
700096026,250,278.9416314199396,331,0.04649027190332326
700096027,1000,3730.6556483516483,455,0.15544398534798534
700096028,1250,1888.057142857143,455,0.0629352380952381
700096029,1000,4857.513494505495,455,0.20239639560439562
700096030,1250,6201.113098039216,255,0.20670376993464054
700096034,400,4023.2616263736263,455,0.41908975274725274
700096036,1250,4859.292857142857,448,0.16197642857142858
700096037,1000,2155.761188118812,404,0.08982338283828382
700096038,400,1962.9032967032967,455,0.20446909340659342
700096039,400,2659.53,436,0.277034375
700096040,1000,3894.336703296703,455,0.1622640293040293
700096041,1000,4831.9328000000005,375,0.20133053333333337
700096042,630,1192.75,16,0.07888558201058202
700096045,630,1551.7850549450548,455,0.10263128670271526
700096046,630,4572.208810572687,454,0.3023947626040137
700096047,1000,916.9793406593407,455,0.03820747252747253
700096048,1000,3522.0576496674057,451,0.14675240206947524
700096049,1250,2614.4331360946744,338,0.08714777120315581
700096050,1250,1372.873725490196,255,0.045762457516339866
700096051,1250,1495.6486274509805,255,0.049854954248366015
700096052,1000,3808.7900518134716,386,0.15869958549222798
700096053,1000,4096.758153846154,455,0.1706982564102564
700096054,1000,1803.0795294117647,255,0.0751283137254902
700096055,1000,3774.3865486725663,452,0.15726610619469025
700096056,1250,4859.305494505495,455,0.16197684981684982
700096057,250,826.3486995515696,446,0.1377247832585949
700096058,400,2663.2112727272724,330,0.2774178409090909
700096059,400,3364.081882352941,255,0.35042519607843137
700096060,1250,8669.783529411763,255,0.28899278431372544
700096062,400,35.34347032967033,455,0.0036816114926739927
700096063,1000,4546.179516483517,455,0.18942414652014652
700096064,1000,2564.2208,300,0.10684253333333334
700096065,1000,3949.1921824104234,307,0.16454967426710096
700096067,1250,3191.6703296703295,455,0.10638901098901098
700153028,250,436.1860133630289,449,0.07269766889383815
700153029,630,1946.0275555555556,450,0.12870552616108172
700153031,400,1440.490813186813,455,0.15005112637362636
700153032,400,1435.3885714285716,455,0.14951964285714286
700153035,1250,8458.733176470589,255,0.2819577725490196
700153038,1250,4257.022009569378,418,0.1419007336523126
700153039,1000,16.894613003095976,323,0.0007039422084623324
700153040,1250,3559.7081318681317,455,0.11865693772893772
700153041,1000,1761.507137254902,255,0.07339613071895425
700153042,1000,3058.469978021978,455,0.12743624908424908
700153043,2000,8566.365714285714,455,0.17846595238095236
700153045,400,3504.8924835164835,455,0.365092967032967
700153047,1000,2489.233333333333,324,0.10371805555555555
700153048,2000,1808.2588131868133,455,0.03767205860805861
700153049,1000,377.8158139534884,86,0.01574232558139535
700153051,400,1134.477098901099,455,0.11817469780219782
700153052,1250,10471.59496855346,159,0.3490531656184487
700153053,1250,3868.5264175824177,455,0.1289508805860806
700153054,1000,1469.6094945054945,455,0.06123372893772894
700153055,250,164.04237362637363,455,0.027340395604395606
700153056,400,3077.6747826086958,69,0.3205911231884058
700153057,1250,4097.696703296703,455,0.13658989010989012
700153058,400,2606.487152317881,453,0.27150907836644594
700153062,250,723.2278880407125,393,0.12053798134011875
700153064,400,1357.482989010989,455,0.14140447802197803
700153065,400,297.13452914798205,446,0.030951513452914796
700153071,1250,4342.312967032967,455,0.14474376556776558
700153074,1000,4266.986666666667,24,0.17779111111111112
700153076,160,732.4957342657343,286,0.19075409746503497
700153077,1000,417.16606593406595,455,0.017381919413919415
700153080,630,1596.0951945080092,437,0.10556185148862494
700153081,160,96.93569844789357,451,0.02524367147080562
700153082,100,134.06208791208792,455,0.0558592032967033
700153087,160,538.5622417582417,455,0.14025058379120878
700153089,1250,0.0,455,0.0
700153090,250,810.325978021978,455,0.13505432967032968
700153091,250,588.2493186813186,455,0.0980415531135531
700153093,1250,1389.6199170124482,241,0.04632066390041494
700153102,160,66.21748251748251,429,0.01724413607226107
700153103,400,155.99799442896935,359,0.016249791086350975
700153105,400,1436.9743718592965,398,0.14968483040201006
700153106,630,3003.550769230769,455,0.19864753764753765
700153107,1000,2136.3263296703294,455,0.08901359706959706
700153108,250,494.5749450549451,455,0.08242915750915751
700153110,160,358.57213186813186,455,0.09337815934065934
700153111,250,1022.7068131868132,455,0.17045113553113553
700153113,1600,4760.443956043956,455,0.12396989468864468
700232567,250,5.714947252747253,455,0.0009524912087912088
700232569,400,417.3158681318681,455,0.04347040293040293
700232570,160,0.0,455,0.0
700232571,250,787.2083333333334,288,0.1312013888888889
700232573,2000,742.1657142857143,455,0.015461785714285714
700232575,1000,2933.650823529412,255,0.12223545098039215
700232577,1250,1901.959405940594,404,0.06339864686468646
700232578,1250,3253.2835164835165,455,0.10844278388278389
700232579,1250,1748.669010989011,455,0.058288967032967036
700232580,1250,2197.1182417582418,455,0.07323727472527472
700232581,400,1487.019683972912,443,0.15489788374717833
700232582,160,1247.9467252747254,455,0.3249861263736264
700232583,400,2049.8054505494506,455,0.2135214010989011
700232584,1000,1536.2672527472528,455,0.06401113553113554
700232585,400,1481.4443076923078,455,0.1543171153846154
700232586,250,214.28,2,0.03571333333333333
700232587,250,59.19701863354037,322,0.009866169772256728
700232588,160,28.62567032967033,455,0.007454601648351649
700232589,1250,0.0,155,0.0
700232590,250,994.0705054945055,455,0.16567841758241758
700232592,400,1883.477010989011,455,0.19619552197802198
700232593,1000,2681.44,455,0.11172666666666667
700232595,250,70.78410774410774,297,0.011797351290684623
700232597,160,595.2815461346634,401,0.1550212359725686
700232598,630,2617.3964835164834,455,0.17310823303680445
700232599,400,47.64184615384615,455,0.004962692307692308
700232600,1000,5841.14989010989,455,0.24338124542124542
700232603,400,1000.9898021978022,455,0.10426977106227106
700232605,160,233.22459183673467,392,0.060735570790816325
700232609,250,94.3898021978022,455,0.0157316336996337
700232611,630,2577.7591208791205,455,0.17048671434385718
700232613,630,2785.6263736263736,455,0.1842345485202628
700232625,630,2025.4275862068966,58,0.13395685093960957
700232627,400,237.25725239616614,313,0.02471429712460064
700232629,400,1220.245,2,0.12710885416666665
700232632,630,60.458302583025834,271,0.0039985649856498565
700232635,1000,3230.524835164835,455,0.13460520146520147
700232636,1000,4252.7733333333335,24,0.1771988888888889
700232643,630,3508.3406593406594,455,0.23203311239025526
700232645,630,2601.7379310344827,58,0.1720726144864076
700232655,1000,1759.9282637362637,455,0.07333034432234432
700232668,1250,3516.356345177665,394,0.11721187817258884
700232669,1250,5150.104347826087,391,0.17167014492753624
700232673,1250,3609.974193548387,434,0.12033247311827958
700232675,1000,835.3364395604395,455,0.03480568498168498
700232679,1000,4008.2986666666666,255,0.16701244444444444
700232682,1250,755.3190175438597,285,0.025177300584795323
700232684,1250,2143.1604395604395,455,0.07143868131868132
700232685,1250,1903.0380952380951,210,0.06343460317460317
700232686,630,2016.7493087557602,434,0.13338289079072488
700232692,400,1342.395,24,0.1398328125
700232696,1000,880.4768351648352,455,0.0366865347985348
700232703,1000,2181.2988888888885,288,0.09088745370370369
700232705,1000,6217.752615384616,455,0.25907302564102563
700232707,630,2636.6758620689657,58,0.17438332421091043
700232709,1250,7140.160000000001,10,0.23800533333333335
700232714,1250,831.7257142857143,455,0.027724190476190475
700232724,1000,3262.508333333333,24,0.1359378472222222
700232727,1250,1107.621978021978,455,0.0369207326007326
700232731,630,1993.585934065934,455,0.13185092156520728
700232738,1250,4341.632472324723,271,0.1447210824108241
700232754,400,1124.2093186813186,455,0.11710513736263735
700232761,1250,987.0830769230769,455,0.03290276923076923
700232763,1250,2257.7000000000003,24,0.07525666666666668
700232767,1000,1061.5667924528302,159,0.044231949685534594
700232771,1000,1201.8868965517242,29,0.05007862068965518
700232773,1000,3300.336527472528,455,0.13751402197802198
700232779,1000,518.3876923076923,52,0.02159948717948718
700232780,1000,964.96,2,0.04020666666666667
700232781,1000,1683.8167272727273,220,0.0701590303030303
700232786,1000,3496.91294117647,34,0.14570470588235293
700291516,1000,5217.493333333334,255,0.21739555555555556
700291517,1000,5221.138285714285,455,0.21754742857142856
700291518,400,1259.4779514824797,371,0.13119561994609164
700291523,1250,0.0,1,0.0
700291531,630,1326.2975609756097,82,0.08771809265711704
700291534,1600,2195.25,2,0.05716796875
700291535,1250,4805.133333333333,24,0.1601711111111111
700291542,1000,843.4644395604396,455,0.03514435164835165
700291550,1250,2251.2275862068964,58,0.07504091954022987
700291552,400,461.952,55,0.04812
700291557,1000,2569.840532150776,451,0.10707668883961567
700291562,400,1530.7471648351648,455,0.15945282967032967
700291565,1600,2049.189024390244,246,0.053364297510162605
700291571,50,111.21904761904761,105,0.09268253968253969
700291582,1000,1149.1466666666665,288,0.0478811111111111
700291588,160,64.62029556650246,203,0.016828201970443348
700291599,250,1267.8693670886075,79,0.2113115611814346
700291619,250,748.2166666666667,24,0.12470277777777779
700291621,630,2642.4276923076927,455,0.17476373626373629
700291630,800,1626.71,24,0.08472447916666667
700291632,250,188.59147540983605,61,0.031431912568306006
700291645,1000,4862.094065934066,455,0.20258725274725276
700291650,1000,4654.2565274725275,455,0.19392735531135533
700291662,1000,6742.24,112,0.28092666666666666
700291663,1250,4755.517362637363,455,0.15851724542124543
700291677,630,460.926872246696,454,0.030484581497797356
700291678,250,1961.2797362637364,455,0.3268799560439561
700291680,400,160.91036363636363,275,0.01676149621212121
700291681,630,2806.0341463414634,82,0.18558426893792748
700291684,400,415.57134065934065,455,0.04328868131868132
700291692,1000,3847.133333333333,24,0.16029722222222223
700291699,630,3148.904347826087,161,0.2082608695652174
700291706,1250,4076.443076923077,455,0.1358814358974359
700291708,1250,4331.642197802198,455,0.14438807326007327
700291711,400,903.2353846153845,442,0.09408701923076922
700291717,1000,745.9396923076923,455,0.031080820512820514
700291722,1000,730.6523544303798,395,0.030443848101265825
700291730,400,874.6,24,0.09110416666666667
700291732,160,557.2823502304147,434,0.14512561203917052
700291734,1000,1125.776551724138,58,0.04690735632183909
700291740,630,5132.666666666667,24,0.3394620811287478
700291742,1250,0.0,166,0.0
700291747,630,1943.9571929824563,285,0.12856859741947463
700291749,1000,5004.1466666666665,24,0.20850611111111111
700291758,1250,1499.0833333333333,24,0.04996944444444444
700291761,1000,4608.539159663866,238,0.1920224649859944
700291763,1250,2635.4666666666667,24,0.08784888888888889
700291766,1250,2683.5833333333335,24,0.08945277777777778
700291774,100,264.765,24,0.11031875
700291800,400,1243.3700000000001,24,0.12951770833333334
700291802,250,10.043333333333333,24,0.0016738888888888888
700291805,160,0.0,24,0.0
700291810,160,161.4125,24,0.04203450520833333
700291811,250,100.11024390243904,82,0.016685040650406505
700291813,1000,996.3199999999999,2,0.04151333333333333
700291815,1250,1862.023162583519,449,0.06206743875278397
700291822,1250,996.4666666666667,24,0.033215555555555554
700291825,1250,2837.7833333333333,24,0.09459277777777778
700291828,400,2011.005,24,0.2094796875
700291839,50,35.39333333333334,24,0.029494444444444448
700291848,1000,349.3066666666667,24,0.014554444444444445
700291852,630,1489.2833333333335,24,0.0984975749559083
700291856,1000,1524.8925925925928,243,0.0635371913580247
700291857,630,3780.6034999999997,400,0.250039914021164
700291860,630,4468.641666666666,24,0.2955450837742504
700291861,1000,1948.7066666666667,24,0.08119611111111111
700291864,400,1249.9216901408452,142,0.13020017605633805
700291870,50,11.728399999999999,50,0.009773666666666665
700291871,50,233.0621276595745,282,0.19421843971631206
700291880,100,22.35878787878788,198,0.009316161616161616
700291881,50,40.872499999999995,24,0.03406041666666666
700291886,250,52.992452830188675,212,0.008832075471698113
700291888,160,1381.295,24,0.35971223958333337
700291891,100,534.6283333333333,24,0.22276180555555555
700291899,1000,3182.97178021978,455,0.13262382417582416
700291905,1250,681.1166666666667,24,0.022703888888888888
700291908,1000,4212.55,24,0.17552291666666667
700291921,1000,2178.687296703297,455,0.09077863736263737
700291929,1000,2702.72,2,0.11261333333333333
700291934,1000,1980.804923076923,65,0.08253353846153845
700291936,400,0.0,4,0.0
700291937,630,0.0,1,0.0
700291942,630,698.8916666666668,24,0.046222993827160504
700291952,630,200.96842105263158,38,0.01329156223893066
700291961,100,1285.3075000000001,24,0.5355447916666667
700291964,630,329.3,24,0.02177910052910053
700291965,630,1290.9771739130433,184,0.08538208822176212
700291967,400,411.66967741935485,434,0.04288225806451613
700291971,1000,1030.0759493670887,79,0.0429198312236287
700291972,1000,3012.3199999999997,45,0.1255133333333333
700291973,50,2.6197500000000002,160,0.002183125
700291981,1000,2959.8799999999997,24,0.12332833333333332
700291989,1250,0.0,3,0.0
700291991,1250,2230.9666666666667,24,0.07436555555555556
700291992,1250,1284.3500000000001,24,0.04281166666666667
700291993,1250,1523.5,24,0.05078333333333333
700291996,1250,313.1658986175115,434,0.010438863287250385
700292012,1000,3030.933333333333,24,0.12628888888888887
700292015,160,32.95319444444445,432,0.008581561053240741
700292016,630,469.0,24,0.031018518518518518
700292022,400,509.74,24,0.05309791666666667
700292024,1000,788.1739130434783,23,0.032840579710144924
700292027,400,212.265,24,0.022110937499999997
700292030,630,2637.9500000000003,24,0.17446759259259262
700292031,630,3918.244444444444,9,0.2591431510875955
700292039,630,594.4090909090909,22,0.03931277056277056
700292040,630,526.6333333333333,24,0.03483024691358025
700292042,1600,3788.3736263736264,455,0.09865556318681319
700292044,630,4.082294520547945,146,0.0002699930238457636
700292048,1250,2435.05,24,0.08116833333333334
700292057,1000,2188.9333333333334,24,0.09120555555555555
700292059,800,1620.03125,24,0.08437662760416667
700292067,250,73.06333333333333,24,0.012177222222222223
700292069,400,2414.3134945054944,455,0.251490989010989
700292071,1520,1040.974945054945,455,0.0285354973973395
700292072,630,542.62625,320,0.0358879794973545
700292073,400,364.69,24,0.03798854166666667
700292074,160,179.8693023255814,258,0.04684096414728682
700292076,1000,361.01909407665505,287,0.01504246225319396
700292077,630,817.5833333333334,24,0.054072971781305115
700292078,100,4.126666666666666,24,0.0017194444444444442
700292079,400,335.8886274509804,306,0.03498839869281046
700292080,50,99.76871681415929,452,0.08314059734513274
700292085,1000,3006.606527472528,91,0.125275271978022
700292088,400,694.085,24,0.07230052083333334
700292095,630,2186.4479120879123,455,0.1446063433920577
700292097,800,595.6,15,0.031020833333333334
700292098,1600,4850.633333333333,24,0.12631857638888888
700292101,1000,1203.9466666666665,3,0.050164444444444435
700292103,1250,1599.2307692307693,455,0.05330769230769231
700292104,1250,974.2878504672898,321,0.03247626168224299
700292108,1250,691.9881006864988,437,0.023066270022883292
700292111,100,199.39,24,0.08307916666666666
700292117,1250,865.3479853479854,273,0.028844932844932846
700292118,1250,3738.6677042801557,257,0.12462225680933853
700292119,1250,2807.038374717833,443,0.09356794582392777
700292120,1250,5197.9841758241755,455,0.1732661391941392
700292121,1000,5727.68551724138,58,0.23865356321839082
700292122,630,2761.110213776722,421,0.18261310937676734
700292123,630,3418.3973626373627,455,0.22608448165591022
700292124,630,2453.8874725274727,455,0.16229414500843073
700292125,630,2699.6577272727272,440,0.1785487914862915
700292126,1000,5535.7207912087915,455,0.230655032967033
700292127,1000,5545.350447761194,268,0.2310562686567164
700292128,400,4067.436226415094,159,0.42369127358490566
700292133,1600,2708.402197802198,455,0.07053130723443224
700292134,1600,4228.6560439560435,455,0.11012125114468864
700292136,1000,3364.7936703296705,455,0.14019973626373627
700292137,1000,868.0010549450549,455,0.03616671062271062
700292138,1000,2761.0007124681933,393,0.1150416963528414
700292143,400,1925.9626666666666,15,0.2006211111111111
700292145,1250,2765.6,2,0.09218666666666667
700329837,1000,35.128375,24,0.0014636822916666665
700329844,1000,7869.818373626374,455,0.3279090989010989
700329845,1000,11292.213333333333,24,0.47050888888888887
700329849,1000,5124.6612389380525,452,0.21352755162241885
700329850,1000,4770.167195767196,189,0.19875696649029984
700329857,1250,7986.445714285714,455,0.26621485714285714
700329858,400,907.1564835164836,91,0.09449546703296705
700329869,1000,3778.113103448276,58,0.15742137931034483
700329873,1250,1148.1986813186813,455,0.038273289377289375
700329876,400,2981.767272727273,198,0.3106007575757576
700329879,1250,2499.135634032634,429,0.08330452113442112
700329901,1000,53.12307692307692,104,0.0022134615384615383
700329902,400,1362.2238241758241,455,0.141898315018315
700329903,1000,3083.791818181818,352,0.12849132575757577
700329904,1000,3458.663384615385,455,0.14411097435897438
700329908,1250,3792.0846715328466,274,0.1264028223844282
700329918,250,941.0057142857142,35,0.1568342857142857
700329920,1000,0.0,1,0.0
700329921,1000,4301.845185185185,432,0.17924354938271606
700329926,400,399.5169230769231,455,0.04161634615384616
700329927,400,673.8007912087912,455,0.07018758241758243
700329928,160,575.43,24,0.14985156249999998
700329932,400,0.0,7,0.0
700329934,1250,0.0,24,0.0
700329939,1000,2422.1063529411767,85,0.1009210980392157
700329943,630,1606.25,24,0.10623346560846561
700329945,1250,4711.033333333334,24,0.15703444444444445
700329951,1000,1034.469978021978,455,0.04310291575091575
700329956,1250,2351.922222222222,36,0.0783974074074074
700329959,160,0.0,24,0.0
700329964,400,29.150000000000002,24,0.0030364583333333337
700329965,400,568.695652173913,23,0.05923913043478261
700329966,250,369.79078534031413,382,0.06163179755671902
700329969,160,242.0385882352941,85,0.06303088235294117
700329971,630,1780.505376344086,279,0.11775829208624908
700329972,250,441.36422907488986,454,0.07356070484581498
700329973,1000,2138.88,1,0.08912
700329974,1000,3381.8611152416356,269,0.1409108798017348
700329977,160,288.53457142857144,280,0.0751392113095238
700329978,1000,142.53221978021978,455,0.0059388424908424905
700329981,1000,949.5999999999999,2,0.03956666666666666
700329982,630,990.6514285714286,455,0.06551927437641723
700329993,1250,1313.0816513761467,436,0.04376938837920489
700329995,400,617.326274509804,153,0.06430482026143791
700329998,1000,2953.0899492385784,394,0.12304541455160743
700330001,250,265.3170731707317,82,0.04421951219512195
700330002,250,822.6524835164835,455,0.13710874725274724
700330003,400,509.5477777777778,432,0.05307789351851852
700330006,630,1744.8000000000002,2,0.11539682539682541
700330007,50,133.76563876651983,454,0.11147136563876653
700330008,1000,2400.68268,450,0.100028445
700330009,1250,1083.4776470588235,85,0.03611592156862745
700330013,400,621.984860557769,251,0.06479008964143428
700330014,1000,548.9828571428573,21,0.02287428571428572
700330017,400,774.745,24,0.08070260416666666
700330022,1250,6439.181208053691,447,0.2146393736017897
700330023,1000,5913.32923076923,455,0.24638871794871792
700330028,400,441.25054945054944,455,0.0459635989010989
700330029,250,398.54241758241756,455,0.06642373626373627
700330031,1000,891.56,24,0.03714833333333333
700330036,630,5116.80547112462,329,0.33841306025956486
700330038,1000,4520.693333333334,24,0.18836222222222224
700330039,1000,5282.517333333333,255,0.22010488888888888
700330041,250,556.3855045871559,436,0.09273091743119265
700330042,1000,3632.3016915422886,402,0.15134590381426202
700330043,1250,2439.547252747253,455,0.08131824175824176
700330044,50,35.58549019607843,255,0.029654575163398693
700330046,1250,1859.8945054945054,455,0.061996483516483514
700330051,1250,4063.866666666667,24,0.13546222222222223
700330056,1000,6463.573333333334,24,0.2693155555555556
700330057,1250,6389.099999999999,24,0.21297
700330060,250,121.53918322295806,453,0.020256530537159676
700330061,400,12.96,1,0.00135
700330062,1250,882.6977011494253,348,0.029423256704980843
700330065,50,165.4380281690141,142,0.13786502347417842
700330067,250,1434.8967032967032,455,0.23914945054945053
700330068,160,194.29326923076923,104,0.050597205528846154
700330069,1250,3285.4824372759854,279,0.10951608124253284
700330070,630,1386.8934640522878,306,0.09172575820451638
700330072,630,2555.0153846153844,455,0.16898249898249898
700330074,630,4723.766666666666,24,0.312418430335097
700330075,400,1441.5565217391306,23,0.15016213768115944
700330080,1250,3754.501098901099,455,0.12515003663003663
700330084,50,17.131666666666668,24,0.01427638888888889
700330085,250,1316.828131868132,455,0.21947135531135534
700330089,250,1627.021186813187,455,0.2711701978021978
700330090,1250,2230.814754098361,244,0.0743604918032787
700330093,400,1418.05,24,0.14771354166666667
700330098,630,2541.7767241379306,232,0.16810692619959858
700330101,630,331.7517985611511,278,0.02194125651859465
700330103,250,1103.8104615384616,455,0.18396841025641025
700330106,1250,7438.099999999999,24,0.24793666666666664
700330110,1000,2475.7599999999998,24,0.10315666666666666
700330112,1000,9363.226666666667,24,0.39013444444444445
700330116,1250,2327.1600000000003,24,0.07757200000000002
700330117,1250,7331.982089552239,268,0.24439940298507462
700330118,400,0.0,1,0.0
700330123,1250,2708.281818181818,44,0.0902760606060606
700330129,1000,9865.786666666667,24,0.41107444444444446
700330133,630,0.0,168,0.0
700330136,2000,0.0,165,0.0
700330137,1000,2566.879619952494,421,0.10695331749802059
700330138,1250,2980.886505494506,455,0.09936288351648352
700330140,400,302.27706666666666,450,0.03148719444444444
700330145,630,1239.0833333333333,24,0.08194995590828924
700330147,400,206.48307692307694,455,0.021508653846153847
700330148,400,597.531377245509,334,0.06224285179640719
700330149,1250,7442.278260869565,23,0.2480759420289855
700330151,1000,2861.4807912087913,455,0.1192283663003663
700330152,250,1376.5785365853658,82,0.22942975609756097
700330154,1250,1628.1705494505493,455,0.05427235164835164
700330155,1000,7119.011868131868,455,0.2966254945054945
700330163,1000,1503.7854945054946,455,0.06265772893772895
700330169,160,45.660000000000004,2,0.011890625
700330172,630,0.0,418,0.0
700330174,630,3278.443956043956,455,0.2168283039711611
700330175,100,0.0,53,0.0
700330176,400,1128.5628220858896,326,0.1175586273006135
700330178,400,3369.752222222222,216,0.3510158564814814
700330179,150,180.82860103626942,193,0.05023016695451928
700330180,400,1713.7665198237885,454,0.17851734581497797
700330181,400,1155.4356923076923,455,0.12035788461538462
700330188,100,96.10596026490066,453,0.04004415011037527
700330197,630,3703.1826415094342,265,0.24491948687231707
700330200,400,157.34166666666667,24,0.016389756944444445
700330201,250,717.9986823529412,425,0.11966644705882352
700330202,250,13.12,1,0.0021866666666666666
700330204,160,194.3056,300,0.05060041666666667
700330205,630,3836.1674725274725,455,0.25371477992906566
700330206,1000,1038.7624778761062,226,0.043281769911504425
700330207,1000,876.6299099099099,444,0.036526246246246244
700330209,630,661.0136263736264,455,0.043717832432118145
700330210,400,497.2541538461539,455,0.0517973076923077
700330215,100,12.885333333333334,135,0.005368888888888889
700330220,250,176.25097345132744,452,0.029375162241887905
700330221,1000,1046.9722167487685,203,0.04362384236453202
700330222,630,1464.9833333333333,24,0.09689043209876544
700330223,630,2490.234146341463,287,0.16469802555168409
700330224,1000,2144.151208791209,455,0.0893396336996337
700330225,50,0.15678414096916302,454,0.00013065345080763585
700330228,250,253.85135802469134,324,0.04230855967078189
700330231,400,88.81449339207049,454,0.009251509728340676
700330233,1000,3086.1714285714284,455,0.12859047619047617
700330234,1000,266.9088351648352,455,0.011121201465201467
700330235,400,902.9349887133183,443,0.09405572799097066
700330237,630,446.19912087912087,455,0.029510523867666724
700330239,1000,581.44,2,0.02422666666666667
700330240,250,132.5919646799117,453,0.022098660779985284
700330241,400,2465.2765714285715,455,0.25679964285714285
700330245,400,3262.7024175824176,455,0.3398648351648352
700330247,400,3815.945550660793,454,0.39749432819383257
700330248,400,508.00946236559145,279,0.052917652329749106
700330249,250,10.96,9,0.0018266666666666668
700330252,400,3073.6012334801762,454,0.320166795154185
700330253,1250,2637.8399999999997,455,0.08792799999999999
700330254,400,3205.884923076923,455,0.3339463461538461
700330255,1250,1062.9257142857143,455,0.035430857142857146
700330259,400,384.720782396088,409,0.0400750814995925
700330262,400,400.24158241758244,455,0.041691831501831506
700330264,400,0.9355307262569831,358,9.745111731843574e-05
700330265,150,368.2418901098901,455,0.10228941391941392
700330266,250,431.88044444444444,360,0.07198007407407407
700330269,630,1130.5346884875846,443,0.07477081273066036
700330270,1250,7166.385321100917,436,0.2388795107033639
700330271,400,1356.7199999999998,2,0.14132499999999998
700330272,100,536.8010572687225,454,0.22366710719530103
700330273,160,26.439775280898875,89,0.006885358146067415
700330274,250,2180.1552527472527,455,0.36335920879120875
700330275,400,1947.4024615384615,455,0.20285442307692306
700330279,250,393.3545494505495,455,0.06555909157509159
700330280,250,1282.1918241758242,455,0.21369863736263736
700330285,100,212.40769230769232,455,0.08850320512820513
700330287,100,144.35347826086957,23,0.06014728260869565
700330288,1250,303.76703296703295,455,0.010125567765567766
700330289,1000,3397.5391304347822,23,0.14156413043478258
700330290,1250,972.2979020979021,286,0.03240993006993007
700330291,1250,1014.6654945054945,455,0.03382218315018315
700330293,150,168.2906756756757,148,0.046747409909909915
700330295,400,1944.0958490566038,159,0.20250998427672956
700330298,250,184.16861538461538,455,0.03069476923076923
700330304,1250,4591.790432801822,439,0.15305968109339407
700330305,1250,7941.717966101694,295,0.2647239322033898
700330309,1250,3338.8993406593404,455,0.11129664468864468
700387731,400,143.05463414634147,82,0.014901524390243902
700387732,400,177.58108882521492,349,0.018498030085959887
700387735,400,1262.3953024911032,281,0.1314995106761566
700387736,400,57.45176470588235,85,0.005984558823529411
700387741,400,232.91696202531645,79,0.024262183544303796
700387742,400,1064.4757195571956,271,0.11088288745387453
700416317,250,3207.1166593406597,455,0.5345194432234432
700416513,630,2021.4625,400,0.1336946097883598
700416515,160,377.11310679611654,206,0.09820653822815535
700416517,400,860.2077362637363,455,0.08960497252747253
700416533,1000,6460.937142857143,455,0.26920571428571427
700416535,1000,6390.717186813186,455,0.26627988278388276
700416537,400,1995.0908235294116,255,0.20782196078431373
700416538,1250,8049.222573363431,443,0.26830741911211436
700416539,400,4067.9682666666668,450,0.42374669444444446
700416541,630,3416.2919642857146,448,0.22594523573318218
700416544,250,117.4029010989011,455,0.019567150183150184
700416546,160,334.89300733496333,409,0.0872117206601467
700416547,160,389.3224060150376,133,0.1013860432330827
700416548,400,2170.7252328159643,451,0.22611721175166294
700416549,100,55.10347252747253,455,0.02295978021978022
700416554,160,56.05387665198238,454,0.014597363711453743
700416555,400,167.19507692307693,455,0.017416153846153845
700416556,400,2998.6175634517767,394,0.3123559961928934
700416557,160,267.11446153846157,455,0.0695610576923077
700416559,250,511.6562229102167,323,0.08527603715170277
700416584,160,0.0,1,0.0
700416592,250,269.3736629213483,445,0.044895610486891384
700416593,160,131.9566153846154,455,0.034363701923076924
700416594,250,128.49828571428571,455,0.021416380952380954
700416595,400,3618.6863157894736,114,0.37694649122807017
700416596,400,1002.6055102040816,196,0.10443807397959183
700416597,100,59.08958241758241,455,0.024620659340659337
700416598,50,25.693125000000002,32,0.0214109375
700416600,1250,1292.3333333333333,6,0.04307777777777778
700416601,250,373.034021978022,455,0.062172336996337
700416611,160,244.6964835164835,455,0.06372304258241758
700416612,100,144.65298013245032,453,0.060272075055187634
700416613,400,885.48,2,0.0922375
700416616,160,480.0232087912088,455,0.12500604395604395
700416617,160,547.0718032786884,244,0.14246661543715844
700416808,100,295.7382197802198,455,0.12322425824175826
700416809,100,218.34672527472526,455,0.09097780219780219
700416810,160,125.49333333333333,162,0.03268055555555555
700416812,160,210.85806593406593,455,0.05491095467032967
700416813,50,32.51331868131868,455,0.027094432234432232
700416814,50,47.23745054945055,455,0.03936454212454212
700416815,50,82.39362637362638,455,0.06866135531135531
700416818,100,28.864646464646462,297,0.012026936026936027
700416819,400,109.08210989010989,455,0.01136271978021978
700416820,1000,1540.3379340659342,455,0.06418074725274726
700416835,100,109.37538461538462,455,0.045573076923076924
700416836,50,55.23008810572687,454,0.04602507342143906
700416850,1000,2269.0385840707963,452,0.09454327433628318
700416851,250,2038.185341614907,161,0.3396975569358178
700416852,100,102.75972602739726,438,0.04281655251141553
700416853,630,2099.987692307692,455,0.1388880748880749
700416854,1000,2737.8073684210526,304,0.11407530701754386
700416855,400,546.4232142857143,448,0.05691908482142857
700416856,100,22.892241758241756,455,0.009538434065934066
700416857,400,2618.886857142857,455,0.2728007142857143
700416858,160,733.0757709251102,454,0.1909051486784141
700416871,250,488.9879540229885,435,0.08149799233716475
700416872,160,385.4548344370861,453,0.10037886313465784
700416873,160,143.48004395604394,455,0.03736459478021978
700416874,50,210.19478060046188,433,0.17516231716705158
700416875,250,21.290247191011236,445,0.003548374531835206
700416878,400,1950.2726717557252,393,0.20315340330788806
700416883,250,230.2401176470588,170,0.03837335294117647
700416908,1000,3812.392791208791,455,0.15884969963369963
700416910,160,144.23853658536584,82,0.03756211890243902
700416911,100,15.307668161434979,446,0.006378195067264575
700416914,100,90.84896703296702,455,0.03785373626373626
700416917,1250,2310.545934065934,455,0.0770181978021978
700416938,400,2102.392087912088,455,0.21899917582417583
700416939,100,117.24670353982302,452,0.04885279314159292
700416941,1000,2089.0647533632286,446,0.08704436472346785
700416942,630,2996.531868131868,455,0.19818332461189603
700416944,160,137.82866485013625,367,0.03589288147138965
700416969,630,722.4660098522168,203,0.0477821435087445
700416972,160,493.6396904024768,323,0.12855200270897832
700416973,100,134.9540354767184,451,0.056230848115299326
700416974,630,1662.2296116504854,412,0.10993582087635485
700416976,100,336.5076923076923,455,0.14021153846153847
700417003,1000,207.88254945054945,455,0.008661772893772894
700417004,100,10.958285714285715,455,0.0045659523809523815
700417005,1000,2074.1062295081965,122,0.08642109289617486
700417006,250,2122.3480851063828,47,0.3537246808510638
700417007,630,964.4515337423313,163,0.06378647709936054
700417008,250,815.9845714285714,455,0.13599742857142857
700417012,160,216.84883516483518,455,0.05647105082417583
700417014,100,42.836035242290755,454,0.017848348017621148
700417015,50,57.794549450549454,455,0.04816212454212455
700417017,250,356.1619161676647,334,0.05936031936127745
700417019,400,1258.614065934066,455,0.13110563186813187
700417020,160,371.7082808716707,413,0.09679903147699757
700417021,160,52.29,2,0.013617187499999999
700425115,250,876.1287032967033,455,0.14602145054945054
700425121,1250,468.0,2,0.0156
700425150,630,1966.8608695652176,23,0.13008339084426043
700425166,630,555.3916666666667,24,0.03673225308641975
700425175,1250,1961.323956043956,455,0.0653774652014652
700425181,1250,2281.294065934066,455,0.07604313553113554
700425184,160,23.26,9,0.006057291666666667
700425201,1250,3953.4,2,0.13178
700425301,100,10.579648351648352,455,0.004408186813186814
700425476,1000,1373.623439490446,157,0.05723430997876858
700425522,630,2548.64,455,0.16856084656084655
700425527,1250,3678.154725274725,455,0.1226051575091575
700425982,1000,2962.5696000000003,400,0.1234404
700426097,1000,3046.5765274725277,455,0.12694068864468866
700426105,250,137.64000000000001,4,0.022940000000000002
700426118,1000,3007.9614184397165,282,0.12533172576832152
700426125,1250,3108.355164835165,455,0.10361183882783884
700426147,1000,3427.1599120879123,455,0.14279832967032968
700426159,1000,1998.3015384615383,455,0.0832625641025641
700426160,630,782.6975824175825,455,0.05176571312285598
700426202,1250,1822.5956043956044,455,0.06075318681318681
700426239,250,578.5218625277162,451,0.09642031042128603
700426484,250,377.3591208791209,455,0.06289318681318681
700426486,400,1385.0785054945054,455,0.14427901098901097
700426502,250,57.24817582417582,455,0.009541362637362636
700426504,250,887.3199999999999,118,0.14788666666666667
700426515,1000,1878.4,2,0.07826666666666666
700426520,250,924.698901098901,455,0.15411648351648352
700426528,100,28.163076923076925,455,0.011734615384615385
700426539,400,415.52835164835165,455,0.043284203296703294
700426619,630,1184.2492307692307,455,0.07832336182336182
700426635,630,452.35032967032964,455,0.029917349845921273
700427015,1000,326.60425531914893,94,0.013608510638297872
700429558,1000,1208.1624615384617,455,0.05034010256410257
700437602,100,37.07063736263736,455,0.015446098901098902
700437661,100,69.38420454545454,440,0.028910085227272724
700437662,160,96.56301369863014,73,0.025146618150684932
700437826,160,27.021136363636362,440,0.007036754261363636
700437967,160,836.4459292035398,452,0.2178244607300885
700438023,400,1594.470065934066,455,0.1660906318681319
700438237,400,1873.8271648351647,455,0.19519032967032965
700438238,250,451.5210549450549,455,0.07525350915750915
700438247,160,254.41938461538464,455,0.06625504807692309
700438262,160,362.8027252747253,455,0.09447987637362637
700438263,400,1169.9235164835163,455,0.12186703296703295
700440971,50,115.01098901098901,455,0.09584249084249084
700440972,160,595.1157798165137,436,0.15497806766055044
700441010,250,672.8794630872483,447,0.11214657718120805
700441074,250,373.66222222222217,54,0.06227703703703703
700441139,400,2748.532427184466,206,0.28630546116504857
700441140,250,918.8414945054946,455,0.15314024908424909
700441148,100,190.90707692307691,455,0.07954461538461538
700441149,100,82.794,455,0.0344975
700441175,250,75.90751648351647,455,0.012651252747252746
700441177,400,841.6723516483517,455,0.08767420329670329
700441206,160,50.276556291390726,453,0.013092853200883001
700441345,100,49.520286343612334,454,0.020633452643171804
700441346,160,92.47819780219781,455,0.024082864010989014
700441347,250,1205.3603076923075,455,0.20089338461538458
700441378,400,3860.5690549450546,455,0.40214260989010986
700441421,250,801.4904615384614,455,0.13358174358974356
700441524,250,1352.4504672897197,214,0.22540841121495328
700441525,400,738.6013186813186,455,0.07693763736263735
700442830,160,248.46817582417583,455,0.06470525412087912
700443243,160,365.0258901098901,455,0.09505882554945054
700443244,250,296.791032967033,455,0.04946517216117217
700443245,100,51.39105494505495,455,0.02141293956043956
700443359,250,339.16342857142854,455,0.05652723809523809
700443361,50,171.44758389261744,298,0.1428729865771812
700443362,630,4512.376119402985,67,0.2984375740345889
700443363,1000,965.5004835164834,455,0.04022918681318681
700443367,400,1471.1525242718446,412,0.15324505461165047
700443368,250,204.72,2,0.03412
700443382,50,52.695956043956045,455,0.0439132967032967
700443385,400,1295.4896703296704,455,0.13494684065934068
700443386,630,4880.527586206897,58,0.3227862160189746
700443405,160,668.6794444444445,288,0.17413527199074075
700443406,1250,5992.823736263736,455,0.19976079120879117
700443407,250,520.731089108911,101,0.08678851485148516
700443408,400,1145.8116504854368,309,0.11935538025889966
700443409,250,854.8059780219779,455,0.14246766300366298
700443467,250,240.67815384615383,455,0.04011302564102564
700443470,250,1590.6802649006622,453,0.2651133774834437
700443471,630,2536.5028571428575,455,0.1677581254724112
700443568,1000,5193.541626373626,455,0.21639756776556776
700443571,1250,3929.2325274725276,455,0.1309744175824176
700443587,160,474.42421978021974,455,0.1235479739010989
700443745,1250,2465.6105263157892,418,0.08218701754385964
700443746,630,3030.2325274725276,455,0.2004122041979185
700444042,160,99.1538901098901,455,0.025821325549450547
700444044,630,1848.2202531645569,79,0.12223678923046011
700444178,1000,1734.5153406593406,455,0.07227147252747253
700444180,250,624.9389010989012,455,0.10415648351648353
700444182,400,166.45159420289858,207,0.017338707729468602
700444233,250,1.65,1,0.00027499999999999996
700444236,100,0.0,167,0.0
700444238,100,49.68217582417582,455,0.020700906593406593
700444298,50,72.85674725274725,455,0.06071395604395605
700444326,100,16.285714285714285,455,0.0067857142857142855
700444358,630,3577.058333333333,24,0.2365779320987654
700444361,250,234.79507692307692,455,0.03913251282051282
700444362,1000,1041.6548110831234,397,0.04340228379513014
700444446,100,228.76386206896552,435,0.09531827586206897
700444450,250,432.2596923076923,455,0.07204328205128205
700444517,1250,3646.565274725275,455,0.12155217582417582
700444520,100,114.11933920704845,454,0.04754972466960352
700444521,100,66.82904214559387,261,0.02784543422733078
700444522,160,302.9682352941177,34,0.07889797794117648
700444625,250,296.56,2,0.04942666666666667
700444626,250,861.5351598173517,438,0.14358919330289194
700444630,160,0.0,38,0.0
700444632,160,1060.5847912087913,455,0.2761939560439561
700444674,160,565.0790055248619,362,0.14715599102209947
700444675,400,504.40577319587624,291,0.05254226804123711
700444676,400,1417.4964395604395,455,0.1476558791208791
700444713,400,247.09448275862067,58,0.025739008620689653
700444714,400,247.11155056179774,445,0.025740786516853933
700444718,400,371.6405274725275,455,0.03871255494505495
700444722,50,110.18776053215078,451,0.09182313377679231
700444723,400,2069.2454505494507,455,0.2155464010989011
700444725,160,86.2766814159292,452,0.02246788578539823
700444731,100,96.1424175824176,455,0.040059340659340664
700444732,1250,3042.872087912088,455,0.1014290695970696
700444733,160,1005.9978,100,0.26197859375
700444734,1000,1033.3615384615384,78,0.04305673076923077
700444740,250,1043.0233333333333,48,0.17383722222222223
700444741,400,891.0540659340659,455,0.09281813186813186
700444742,250,829.8261386138614,404,0.13830435643564357
700444743,250,880.9468131868132,455,0.14682446886446887
700462891,1000,1777.7466666666667,24,0.07407277777777778
700463032,1250,2637.19032967033,455,0.08790634432234433
700463076,1250,1123.0,2,0.03743333333333333
700463134,630,1313.7166666666667,24,0.0868860229276896
700463457,100,232.05154639175257,97,0.0966881443298969
700463458,1000,2838.24,2,0.11825999999999999
700464086,1000,5197.880888888889,90,0.21657837037037037
700464087,1250,16566.083116883117,77,0.5522027705627706
700464088,400,1850.8591304347826,207,0.19279782608695653
700464090,1000,6407.360000000001,384,0.26697333333333334
700464091,1000,2247.0979249448123,453,0.09362908020603385
700464215,630,2311.303529411765,255,0.15286399004046064
700464381,1000,2195.0033333333336,96,0.09145847222222223
700464580,400,2205.214870588235,425,0.22970988235294115
700464581,250,504.92641758241757,455,0.08415440293040292
700464595,160,124.48967741935485,186,0.03241918682795699
700464612,250,666.2373451327434,452,0.1110395575221239
700464649,400,1733.8884905660377,212,0.18061338443396227
700464719,400,2771.757362637363,455,0.2887247252747253
700464774,100,0.0,149,0.0
700464824,400,924.7629890109889,455,0.09632947802197801
700464833,400,1517.9632941176471,255,0.15812117647058824
700464881,400,2106.3565714285714,455,0.21941214285714286
700464884,400,1652.1882352941177,255,0.1721029411764706
700464912,250,837.8448192771084,83,0.1396408032128514
700464976,400,1162.54,72,0.12109791666666667
700465117,250,473.874965034965,286,0.07897916083916083
700465120,400,82.56,2,0.0086
700465150,400,1121.6676923076923,26,0.11684038461538461
700465157,250,2256.4595164835164,455,0.3760765860805861
700465160,630,297.2731591448931,421,0.01966092322386859
700465178,400,2299.7297560975608,82,0.23955518292682926
700465182,400,3932.894117647059,255,0.4096764705882353
700465208,160,781.695,100,0.20356640625000003
700465221,400,3456.5529411764705,255,0.36005759803921566
700465258,1250,5161.58274509804,255,0.17205275816993465
700465262,630,847.7268722466961,454,0.05606659207980794
700465279,1250,2771.7946373626373,455,0.09239315457875458
700465434,250,81.09714285714286,77,0.013516190476190477
700465439,630,1477.0268131868131,455,0.0976869585441014
700465458,250,771.193265993266,297,0.12853221099887766
700465463,250,2454.1188571428575,455,0.40901980952380956
700465475,250,417.6124835164835,455,0.06960208058608058
700465491,1000,2984.737882352941,255,0.12436407843137255
700465589,630,2946.992156862745,255,0.1949068886813985
700465590,1000,3268.6400000000003,2,0.13619333333333336
700465605,100,403.171,180,0.16798791666666665
700465645,160,497.97337500000003,160,0.12968056640625
700465657,100,514.4571428571429,245,0.21435714285714288
700465665,160,272.86791666666664,432,0.0710593532986111
700465672,160,248.6497520661157,242,0.06475253960055097
700465715,160,278.9765274725275,455,0.07265013736263737
700465716,250,365.037010989011,455,0.06083950183150183
700465752,160,157.47019780219782,455,0.04100786401098901
700465792,100,77.54043956043957,455,0.032308516483516486
700465801,250,2248.643692307692,455,0.37477394871794867
700465802,400,2187.027692307692,455,0.22781538461538461
700465806,100,123.31104,375,0.051379600000000004
700465823,100,169.40127272727273,275,0.07058386363636364
700465828,250,139.11360730593609,438,0.023185601217656015
700465830,250,365.03342995169083,207,0.060838904991948474
700465852,1000,4838.4,1,0.20159999999999997
700465860,250,770.0679569892474,93,0.1283446594982079
700465888,250,627.6508591065292,291,0.10460847651775487
700465923,1250,2086.4943925233642,428,0.06954981308411214
700466060,630,0.0,168,0.0
700466107,1000,516.96,2,0.02154
700466341,630,1949.1621978021979,455,0.12891284376998663
700466350,1000,7848.266666666666,192,0.3270111111111111
700466411,1000,222.4,1,0.009266666666666666
700466491,1000,0.0647032967032967,455,2.695970695970696e-06
700466508,100,235.7588967032967,455,0.09823287362637362
700466518,250,924.8428444444445,450,0.15414047407407408
700466546,1250,1783.68,2,0.059456
700466567,1000,0.0,134,0.0
700466569,1250,10812.628037383178,428,0.36042093457943924
700466571,1000,5982.508252788104,269,0.24927117719950434
700466615,400,0.00029484029484029485,407,3.0712530712530714e-08
700466619,250,742.013628318584,452,0.12366893805309732
700466648,160,343.41151648351644,455,0.08943008241758241
700466682,400,2366.369339207048,454,0.24649680616740086
700466800,400,1872.8447472527473,455,0.19508799450549452
700466821,400,2529.1387252747254,455,0.2634519505494506
700466835,250,1230.4003516483517,455,0.20506672527472528
700466838,250,1195.978021978022,455,0.19932967032967033
700466877,1250,3618.4545454545455,110,0.12061515151515152
700466927,100,264.43636363636364,418,0.11018181818181819
700466940,400,591.108923076923,455,0.061573846153846146
700466943,250,174.78138613861384,202,0.029130231023102308
700466987,1000,2414.630537634409,279,0.10060960573476704
700467019,250,1351.1886593406593,455,0.22519810989010988
700467255,630,1701.6734065934068,455,0.11254453747310891
700467261,160,30.66,2,0.007984375
700467673,1000,6666.071912087912,455,0.27775299633699635
700467957,250,218.813010989011,455,0.036468835164835164
700467959,1000,7186.81178021978,455,0.29945049084249087
700467961,1000,5799.669760000001,375,0.2416529066666667
700467965,400,962.151032967033,455,0.10022406593406594
700467968,160,1112.038857142857,455,0.28959345238095235
700468047,400,0.0,168,0.0
700468086,250,0.0,2,0.0
700468116,400,1236.4375384615385,455,0.12879557692307692
700468117,630,2122.680879120879,455,0.14038894703180418
700468160,1000,4322.069802197802,455,0.18008624175824176
700468163,630,2478.525714285714,455,0.16392365835222977
700468172,1000,5664.106666666667,24,0.23600444444444443
700468284,160,100.53635467980295,203,0.02618134236453202
700468329,160,236.9478523489933,298,0.06170516988255034
700468332,400,1620.6424615384615,455,0.16881692307692306
700468353,400,3913.646769230769,455,0.4076715384615385
700468377,1000,2389.7550332594237,451,0.09957312638580933
700468382,630,1900.3208791208792,455,0.125682597825455
700468408,400,204.51054545454545,330,0.02130318181818182
700468582,250,393.94520547945206,146,0.06565753424657535
700468586,250,21.405714285714286,21,0.0035676190476190478
700468596,250,45.78567032967033,455,0.0076309450549450555
700468618,630,1084.8052747252748,455,0.07174638060352347
700468620,160,125.25146666666667,450,0.032617569444444446
700468858,400,1126.1153406593405,455,0.11730368131868131
700468983,160,819.8084835164835,455,0.2134917925824176
700468988,1000,1952.5260659340659,455,0.08135525274725275
700469003,100,151.01037362637362,455,0.06292098901098901
700469013,100,51.18822115384615,208,0.021328425480769228
700469048,400,282.27,4,0.029403125
700469052,160,353.6890549450549,455,0.09210652472527472
700469075,100,203.3914757709251,454,0.08474644823788546
700469078,160,447.3991648351648,455,0.11651019917582417
700469084,400,400.80510638297875,47,0.04175053191489362
700469088,250,296.32912280701754,114,0.04938818713450292
700472561,1600,4214.741772151899,395,0.10975890031645569
700479018,1000,1055.2952967032966,455,0.04397063736263736
700499208,1250,920.8,2,0.030693333333333333
700499221,400,2889.4794725274724,455,0.300987445054945
700499285,1000,3326.6764799999996,375,0.13861152
700499287,160,53.94136263736264,455,0.014047229853479854
700499345,160,125.31665934065934,455,0.032634546703296706
700499346,160,43.463478260869564,23,0.011318614130434782
700499365,400,730.3292307692308,455,0.07607596153846154
700499454,160,43.17507692307692,455,0.011243509615384615
700499457,400,1531.3731147540984,305,0.15951803278688526
700499466,250,781.7944615384615,455,0.1302990769230769
700499476,250,488.22646153846154,455,0.08137107692307692
700499485,160,126.31500000000001,292,0.032894531250000004
700499838,160,393.42527472527473,455,0.10245449862637362
700499866,160,220.66600638977638,313,0.05746510583067093
700499895,630,272.76131868131864,455,0.018039769754055465
700499898,50,13.648483516483518,455,0.011373736263736264
700499952,1250,1833.237802197802,455,0.06110792673992673
700500026,100,136.4595164835165,455,0.05685813186813187
700500216,400,2890.273318681319,455,0.3010701373626374
700500222,100,164.9569977924945,453,0.06873208241353937
700500230,50,63.23685144124168,451,0.052697376201034735
700500236,100,121.07748768472906,203,0.050448953201970445
700500250,250,1370.4014065934066,455,0.22840023443223442
700500256,250,142.768,455,0.023794666666666665
700500436,630,1285.1991208791208,455,0.0849999418570847
700500758,160,0.0,159,0.0
700500766,400,268.94802919708025,274,0.02801541970802919
700500786,100,19.34370288248337,451,0.008059876201034738
700512615,1000,2464.524659340659,455,0.10268852747252746
700512621,1000,1453.3056703296702,455,0.06055440293040292
700512849,1000,3543.2432527472524,455,0.14763513553113553
700512987,1250,2852.8070329670327,455,0.09509356776556775
700516017,1000,1822.0133333333333,24,0.07591722222222222
700516180,1000,2155.3333333333335,24,0.08980555555555556
700516194,1000,5047.057902097902,286,0.21029407925407925
700516256,1250,450.9657142857143,280,0.015032190476190477
700516257,1000,3396.8703296703297,455,0.14153626373626374
700523718,1000,5104.429010989012,455,0.21268454212454216
700523729,1250,3578.9072527472526,455,0.11929690842490842
700523731,1250,5755.5319587628865,388,0.19185106529209622
700524469,250,101.03813953488373,43,0.01683968992248062
700524496,250,92.13839285714286,448,0.01535639880952381
700524542,160,265.70305882352943,255,0.06919350490196079
700524562,250,674.9033333333333,24,0.11248388888888888
700524620,160,429.3441958041958,429,0.11180838432400933
700524648,160,854.6526666666667,90,0.22256579861111112
700524659,100,230.90347252747253,455,0.09620978021978022
700525101,100,305.13731868131873,455,0.12714054945054948
700525153,100,321.8961318681319,455,0.1341233882783883
700526117,100,104.68035164835165,455,0.04361681318681319
700526296,160,400.04705357142853,448,0.10417892020089285
700526329,250,949.6467692307693,455,0.15827446153846156
700526519,630,350.85,8,0.02320436507936508
700526975,160,1252.4025,24,0.326146484375
700527097,160,469.48140659340663,455,0.12226078296703298
700527264,250,482.97970443349755,203,0.08049661740558292
700527720,500,1782.5204395604396,455,0.14854336996336998
700527917,1000,1942.7641870824054,449,0.08094850779510022
700528486,400,977.0563516483517,455,0.1017767032967033
700529180,630,2143.6793721973095,446,0.1417777362564358
700533389,1000,360.27811518324603,191,0.015011588132635251
700534022,1250,1840.0852747252748,455,0.061336175824175825
700534093,1250,4429.583098591549,426,0.14765276995305163
700534136,630,2565.0628571428574,455,0.16964701436130009
700534320,1250,404.1872527472528,455,0.013472908424908427
700534633,1000,774.3972602739726,73,0.032266552511415525
700535671,400,1758.2167912087912,455,0.18314758241758242
700535690,1000,773.9708235294117,255,0.03224878431372549
700535749,100,2046.2279999999998,20,0.8525949999999999
700535796,1000,3977.799736263736,455,0.16574165567765567
700535818,1250,1189.6,455,0.03965333333333333
700535837,1250,1709.6395604395605,455,0.05698798534798535
700535856,1250,12744.825494505494,455,0.42482751648351647
700536532,1250,2162.843636363636,110,0.07209478787878787
700537331,1250,2904.0,2,0.0968
700537376,1000,1961.7600000000002,2,0.08174000000000001
700537968,630,0.0,24,0.0
700537980,630,392.89166666666665,24,0.025984898589065254
700538252,630,436.71387559808613,418,0.028883192830561254
700538313,1250,1345.2237362637363,455,0.04484079120879121
700538370,1250,6619.332747252747,455,0.2206444249084249
700538506,1250,2473.2,2,0.08244
700538576,1250,4887.2,1,0.16290666666666667
700539080,630,4486.833333333333,24,0.29674823633156966
700539099,1000,5587.6,1,0.23281666666666667
700539238,1250,1158.6663212435233,386,0.038622210708117444
700539286,1250,1158.821978021978,455,0.03862739926739927
700539894,1000,3559.0324409448817,127,0.1482930183727034
700539944,1250,7410.496860986547,223,0.2470165620328849
700539961,1000,6464.881076233184,223,0.2693700448430493
700539987,1250,3467.7010989010987,455,0.11559003663003663
700540361,630,1320.8688073394496,436,0.08735904810446095
700540417,1600,444.0,2,0.0115625
700540419,1600,740.0,2,0.019270833333333334
700540428,1600,303.0,2,0.007890625
700543366,1600,2774.611301369863,292,0.0722555026398402
700543376,250,143.27836734693878,49,0.023879727891156464
700543377,400,977.28,2,0.1018
700543832,630,2468.9832967032967,455,0.16329254607826035
700543852,630,1113.9367032967034,455,0.07367306238734811
700543887,1000,972.1600000000001,2,0.04050666666666667
700544797,1250,515.3485714285714,455,0.017178285714285712
700545959,1250,5651.2,4,0.18837333333333334
700546745,1000,2292.318241758242,455,0.09551326007326008
700546748,400,626.1876923076924,455,0.06522788461538462
700546749,400,398.02127472527474,455,0.04146054945054945
700546751,250,1655.2789162561576,406,0.27587981937602624
700546753,1000,2684.8,2,0.11186666666666667
700546793,400,365.78452747252743,455,0.03810255494505494
700546825,1250,4802.030769230769,455,0.1600676923076923
700546826,400,527.0756043956044,455,0.05490370879120879
700546827,1000,2824.5534945054947,455,0.11768972893772894
700547992,1000,2396.721934065934,455,0.09986341391941392
700548004,400,1050.6448351648353,455,0.10944217032967034
700548726,250,1393.8244933920703,454,0.2323040822320117
700548811,100,96.07167032967033,455,0.040029862637362634
700549511,400,828.2664788732395,426,0.08627775821596245
700551015,400,2774.8731428571427,455,0.2890492857142857
700552297,630,2056.48,2,0.136010582010582
700552405,630,2213.3705494505493,455,0.1463869411012268
700552490,1250,1965.556790123457,324,0.06551855967078189
700552497,1000,7019.188705882353,255,0.2924661960784314
700552547,1000,4400.532395604396,455,0.1833555164835165
700552957,630,3549.5499999999997,24,0.23475859788359787
700552965,630,424.5,2,0.028075396825396826
700553062,250,239.02484581497797,454,0.039837474302496324
700553277,1250,2828.6000000000004,2,0.09428666666666669
700553380,1000,1186.979164835165,455,0.049457465201465205
700553460,100,5.380395604395604,455,0.0022418315018315014
700556145,250,1233.129846153846,455,0.20552164102564102
700556157,250,1292.4914285714283,7,0.21541523809523805
700557338,1000,799.9613186813187,455,0.03333172161172161
700557643,100,31.049934065934064,455,0.012937472527472526
700557682,630,2576.958181818182,110,0.1704337421837422
700565336,400,824.7504166666666,288,0.0859115017361111
700565349,250,52.19323076923077,455,0.008698871794871796
700565609,250,200.33832599118944,454,0.033389720998531575
700565689,100,303.5689183222958,453,0.12648704930095658
700565724,160,293.175,224,0.07634765625
700565817,250,2130.2641758241757,455,0.3550440293040293
700565956,1250,979.4283062645011,431,0.0326476102088167
700566013,160,80.11885714285715,455,0.020864285714285717
700566105,250,389.125978021978,455,0.06485432967032967
700566152,630,257.86813186813185,455,0.017054770626199197
700566326,400,442.3107692307692,455,0.04607403846153846
700566692,400,1134.1078103837472,443,0.118136230248307
700566885,400,1157.0516043956043,455,0.12052620879120877
700566888,400,365.01151648351646,455,0.038022032967032965
700566890,100,45.141230769230766,455,0.01880884615384615
700566891,160,71.56480176211453,454,0.01863666712555066
700566892,100,33.856,455,0.014106666666666667
700566952,400,578.0152087912088,455,0.06020991758241758
700566955,250,739.6286593406593,455,0.12327144322344322
700566958,400,247.48651982378857,454,0.025779845814977977
700566960,400,675.0901978021977,455,0.0703218956043956
700566986,160,37.984483516483515,455,0.009891792582417581
700567046,160,188.64632967032966,455,0.04912664835164835
700567050,160,203.1044835164835,455,0.05289179258241758
700567139,160,75.3749010989011,455,0.019628880494505497
700567147,1250,1610.7288256227757,281,0.05369096085409252
700567160,400,466.6162831858407,452,0.04860586283185841
700567204,1000,4908.776087912088,455,0.204532336996337
700567261,160,431.33775824175825,455,0.11232754120879121
700570113,100,24.47659090909091,440,0.010198579545454545
700570893,100,53.08672941176471,425,0.022119470588235296
700570917,100,45.33439560439561,455,0.018889331501831506
700571233,630,399.925,24,0.026450066137566137
700573449,100,111.47188636363636,440,0.046446619318181816
700573488,160,438.5269450549451,455,0.11419972527472529
700573511,100,141.6679596412556,446,0.05902831651718984
700573903,400,2945.6692537313434,201,0.3068405472636816
700574082,400,875.3108571428571,455,0.09117821428571428
700574203,160,93.04483516483516,455,0.024230425824175825
700574463,100,49.693714285714286,455,0.020705714285714286
700574638,100,65.8033995584989,453,0.02741808314937454
700574657,100,330.05314285714286,455,0.13752214285714287
700574813,400,49.919999999999995,2,0.0052
700579248,630,1703.395164835165,455,0.1126584103726961
700579329,630,338.1397802197802,455,0.02236374207802779
700580308,400,1534.1599999999999,24,0.15980833333333333
700583417,250,704.4608351648352,455,0.1174101391941392
700583454,1000,1.28,2,5.333333333333333e-05
700583488,400,635.187619047619,252,0.06616537698412699
700583513,250,351.5,24,0.058583333333333334
700583797,1250,2322.0,2,0.0774
700583833,50,53.79865934065934,455,0.04483221611721612
700583876,1000,3944.031219512195,41,0.16433463414634147
700584068,250,739.1700000000001,24,0.12319500000000001
700585737,1000,3157.022857142857,455,0.13154261904761905
700585743,1250,51.2,2,0.0017066666666666667
700585765,400,3521.2517802197804,455,0.36679706043956045
700585776,1250,1815.8241758241759,455,0.06052747252747253
700585777,1250,1353.6,2,0.04512
700585889,100,105.18417582417582,455,0.043826739926739924
700585907,250,375.4827252747253,455,0.06258045421245421
700585916,1000,816.8266666666667,24,0.034034444444444444
700585983,1000,113.12,2,0.004713333333333333
700586097,160,80.34152727272726,275,0.020922272727272723
700586645,630,2232.5709890109893,455,0.14765681144252574
700586655,160,212.05796875,384,0.055223429361979166
700586662,1250,1373.0,2,0.045766666666666664
700586708,1000,1660.9985185185185,108,0.06920827160493827
700586712,250,299.0488495575221,452,0.04984147492625368
700586728,1600,1368.76,10,0.03564479166666667
700586873,630,3003.5916666666667,24,0.19865024250440919
700586898,630,4644.583333333333,24,0.3071814373897707
700586899,1000,6421.466666666667,24,0.26756111111111114
700586905,250,716.9671981776764,439,0.11949453302961274
700586918,1000,936.7602637362637,455,0.03903167765567765
700587054,1250,2186.133333333333,24,0.07287111111111111
700587055,1600,5347.472668810289,311,0.13925710075026795
700587056,1600,3373.0416666666665,24,0.0878396267361111
700587057,1000,3418.2646945337624,311,0.14242769560557345
700587266,50,157.14143187066975,433,0.13095119322555812
700587269,1000,3929.37974025974,77,0.16372415584415584
700587274,630,46.63333333333333,24,0.0030842151675485006
700587276,100,242.63875,24,0.10109947916666666
700587278,160,254.86249999999998,24,0.06637044270833332
700587279,1000,1635.24,24,0.068135
700587281,1250,3309.116587677725,211,0.11030388625592416
700587282,1000,843.04,2,0.03512666666666667
700587283,630,533.1583333333333,24,0.035261794532627865
700587285,1000,1996.0133333333333,24,0.08316722222222223
700587286,630,122.28333333333335,24,0.00808752204585538
700587287,1000,1704.244043956044,455,0.07101016849816849
700587288,1250,5665.916666666667,24,0.1888638888888889
700587292,50,28.92,24,0.0241
700587294,250,1209.4333333333334,24,0.20157222222222224
700587295,400,0.46813186813186813,455,4.8763736263736265e-05
700587296,160,354.68947368421055,152,0.0923670504385965
700587298,1250,1169.694945054945,455,0.0389898315018315
700587300,1000,1137.76,24,0.047406666666666666
700587487,1000,1473.8416666666665,384,0.06141006944444444
700587488,50,9.563333333333334,24,0.007969444444444446
700587489,1000,670.8283076923077,455,0.027951179487179487
700587490,1000,0.5007472527472527,455,2.0864468864468865e-05
700587491,1000,1186.9355604395605,455,0.049455648351648354
700587493,630,0.0,7,0.0
700587496,400,976.3000000000001,24,0.10169791666666668
700587499,250,628.3714285714286,455,0.10472857142857143
700587500,630,1060.625,24,0.07014715608465609
700587562,1000,1428.0910769230768,455,0.059503794871794864
700587565,160,224.63391498881433,447,0.0584984153616704
700587567,1000,1451.6704909560724,387,0.06048627045650302
700587573,160,308.31257142857146,455,0.08028973214285715
700587583,160,903.332043956044,455,0.2352427197802198
700587589,250,467.029978021978,455,0.07783832967032966
700587591,630,2483.0499999999997,24,0.1642228835978836
700587604,1000,2158.9333333333334,24,0.08995555555555555
700587611,250,116.92653846153847,208,0.01948775641025641
700587627,100,159.58160439560442,455,0.06649233516483517
700587633,250,165.48553846153845,455,0.027580923076923076
700587640,100,598.0690549450549,455,0.24919543956043952
700587649,1000,3072.9694382022476,356,0.12804039325842698
700588746,1000,0.0,168,0.0
700588790,1000,1926.88,2,0.08028666666666667
700588795,1000,1418.4,2,0.05910000000000001
700588827,1000,3062.441739130435,69,0.1276017391304348
700588835,1000,329.44,2,0.013726666666666667
700588944,630,2139.7485714285713,455,0.1415177626606198
700589494,250,123.53142857142858,455,0.02058857142857143
700589787,1000,735.2,2,0.030633333333333335
700589828,1250,1962.8167032967033,455,0.06542722344322344
700589830,1250,0.0,168,0.0
700590025,1250,0.0,168,0.0
700590147,400,626.2058490566037,212,0.06522977594339623
700590568,250,508.94,24,0.08482333333333333
700590569,1250,1198.4615384615386,104,0.03994871794871795
700590572,630,497.26666666666665,24,0.03288800705467372
700590575,1000,1320.1200000000001,24,0.055005000000000005
700590580,1000,941.8760439560439,455,0.03924483516483516
700590582,1000,601.9003076923077,455,0.025079179487179488
700591383,1000,206.88,2,0.00862
700591448,400,713.0932653061225,392,0.07428054846938775
700591456,1000,3066.5555963302754,436,0.1277731498470948
700591535,50,39.969956043956046,455,0.03330829670329671
700592756,630,2006.8276923076924,455,0.13272669922669922
700592759,630,1182.8527472527473,455,0.07823100180243038
700592765,1000,2567.4978461538462,455,0.10697907692307693
700592769,1000,4849.846857142857,455,0.20207695238095236
700592809,250,1604.7666666666667,24,0.2674611111111111
700594714,400,0.0,455,0.0
700594717,400,0.003956043956043956,455,4.120879120879121e-07
700594722,250,0.0,24,0.0
700595423,1000,1878.1447032967033,455,0.0782560293040293
700596040,1250,1435.4145054945054,455,0.04784715018315018
700596084,1000,2404.0,2,0.10016666666666667
700596712,1000,2340.4954725274724,455,0.09752064468864469
700597359,400,1167.4951260504204,238,0.12161407563025212
700597360,400,461.0384140969163,454,0.04802483480176212
700597492,1000,1350.08,2,0.05625333333333333
700597792,1250,1687.292230576441,399,0.05624307435254803
700598731,1000,821.828923076923,455,0.034242871794871794
700598737,1000,1496.8988131868132,455,0.06237078388278388
700598762,250,79.76,1,0.013293333333333334
700598768,1250,943.2606334841629,442,0.031442021116138766
700598769,1250,2451.637802197802,455,0.08172126007326007
700599204,1250,2975.5349450549447,455,0.09918449816849816
700599206,1250,4261.919120879121,455,0.14206397069597068
700599997,250,170.47120879120877,455,0.028411868131868127
700600039,400,1410.2928634361233,454,0.1469055066079295
700600096,1000,6305.1869896193775,289,0.26271612456747406
700600097,1250,240.7444933920705,454,0.00802481644640235
700600098,1000,1790.2094065934066,455,0.0745920586080586
700600099,400,1390.2347586206897,290,0.1448161206896552
700600100,1000,4128.025318681319,455,0.17200105494505494
700600196,1000,0.0,96,0.0
700600200,630,824.8202898550725,69,0.05455160647189633
700600431,1000,3181.013333333334,24,0.13254222222222223
700600432,1250,866.7991208791208,455,0.028893304029304026
700601101,1250,1771.9198237885462,454,0.05906399412628487
700601121,1600,7359.653846153846,455,0.19165765224358974
700601262,1000,1703.8886956521737,69,0.07099536231884057
700601322,1250,1262.2961937716261,289,0.04207653979238754
700601344,1000,943.9033333333332,288,0.03932930555555555
700601469,1000,0.0,455,0.0
700601553,1250,791.6,1,0.026386666666666666
700601568,1000,1775.744927536232,414,0.07398937198067633
700601650,1000,2693.498181818182,88,0.1122290909090909
700601664,1000,1296.850989010989,455,0.054035457875457875
700602037,400,301.52439560439564,455,0.03140879120879121
700602071,630,2246.339340659341,455,0.14856741671027388
700602164,630,2238.3476923076923,455,0.14803886853886855
700602520,1250,1383.4583333333333,288,0.046115277777777776
700602521,1250,1748.475,288,0.058282499999999994
700602522,1250,1420.2615916955017,289,0.047342053056516724
700602524,630,1946.8414414414412,333,0.12875935459268792
700602647,1250,971.75421686747,83,0.032391807228915666
700602648,1250,899.1944636678201,289,0.029973148788927335
700602686,1600,0.0,55,0.0
700602688,630,1248.1525252525253,396,0.08254977018865908
700602691,1250,0.058928571428571434,448,1.9642857142857144e-06
700602812,1250,919.7828571428572,455,0.030659428571428574
700602814,1250,5625.349999999999,24,0.18751166666666666
700602815,1000,1211.311304347826,23,0.05047130434782609
700602938,630,811.0823529411764,289,0.05364301276065982
700602939,1000,4606.647,320,0.191943625
700603003,1000,4390.666666666667,24,0.18294444444444447
700603102,1250,1715.6551236749117,283,0.057188504122497055
700603104,1250,743.122891566265,83,0.024770763052208836
700603108,630,663.8871972318339,289,0.043907883414803825
700603124,1000,1871.4109090909092,55,0.07797545454545454
700603139,630,0.0,1,0.0
700603243,1250,1426.5333333333333,288,0.04755111111111111
700603244,1000,568.6895824175824,455,0.02369539926739927
700603256,250,332.00965517241383,290,0.05533494252873564
700603257,1000,211.68,2,0.00882
700603258,1250,0.0,168,0.0
700603330,1000,550.8712087912088,455,0.022952967032967033
700603332,1000,581.12,2,0.024213333333333333
700603334,1000,376.42639386189256,391,0.015684433077578858
700604318,400,330.46285714285716,455,0.034423214285714286
700604538,1250,1695.2351648351648,455,0.05650783882783883
700604539,1000,416.15999999999997,2,0.017339999999999998
700604541,1250,1638.1999999999998,2,0.05460666666666666
700605055,400,2351.9002758620686,290,0.24498961206896547
700606245,630,504.7,2,0.03337962962962963
700609502,1000,2888.1066666666666,3,0.12033777777777778
700610627,1000,1726.7276372315036,419,0.07194698488464599
700610711,400,3296.385230769231,455,0.34337346153846154
700611463,630,408.71057333333334,450,0.02703112257495591
700611876,100,66.15288461538461,416,0.02756370192307692
700614383,1000,4930.64087912088,455,0.20544336996336998
700616239,1000,2301.3805025125625,398,0.09589085427135677
700616705,400,267.8,24,0.027895833333333335
700616710,250,856.9672440318303,377,0.14282787400530506
700617003,50,26.44924778761062,452,0.02204103982300885
700617430,600,476.20088105726876,454,0.033069505628976995
700619734,1600,797.4,2,0.020765625
700620595,400,1355.1014173228348,254,0.14115639763779528
700620794,400,3351.5832857142855,280,0.3491232589285714
700621057,1000,4352.488421052632,209,0.1813536842105263
700621059,1000,1741.28,2,0.07255333333333333
700621463,400,1031.29,24,0.10742604166666667
700621464,100,0.00010416666666666666,288,4.340277777777777e-08
700621859,400,1266.7669911504427,452,0.13195489491150444
700622504,630,1577.0809688581317,289,0.10430429688215156
700622505,630,3298.236551724138,290,0.21813733807699323
700622506,1000,3490.659653979239,289,0.14544415224913496
700622507,1000,0.0,7,0.0
700622508,1000,5906.88,38,0.24612
700622509,400,1260.879724137931,290,0.13134163793103448
700622510,400,281.28418118466897,287,0.029300435540069683
700623333,1250,1516.8386813186812,455,0.050561289377289376
700623334,630,1456.6083333333333,24,0.09633652998236332
700623336,1000,1612.1816949152542,59,0.0671742372881356
700623337,400,726.3988546255507,454,0.07566654735682819
700623338,160,470.18333333333334,24,0.12244357638888889
700623339,160,441.5443055555555,288,0.11498549623842592
700623340,250,360.4932258064516,248,0.06008220430107527
700623344,100,271.13046153846153,455,0.11297102564102564
700624750,250,271.76,2,0.04529333333333333
700624751,160,143.4829268292683,82,0.03736534552845529
700624752,400,1083.2734945054945,455,0.112840989010989
700626719,1000,394.378224852071,169,0.016432426035502958
700626722,160,1122.21,180,0.29224218750000003
700626724,250,78.63595604395604,455,0.013105992673992675
700626725,400,4592.53756097561,41,0.47838932926829275
700626726,1000,3564.152163265306,245,0.14850634013605443
700629040,400,1422.7885714285715,7,0.14820714285714287
700629041,160,461.78913043478263,138,0.12025758605072465
700629042,160,16.14052747252747,455,0.004203262362637362
700631201,400,0.0,452,0.0
700631202,250,0.0,455,0.0
700631204,250,25.76017582417582,455,0.004293362637362637
700631960,400,536.4588131868132,455,0.05588112637362638
700631962,160,59.7,1,0.015546875
700631966,630,3722.9083333333333,24,0.24622409611992946
700631968,630,426.76703296703295,455,0.02822533286819001
700633774,1000,0.0,2,0.0
700633775,1000,575.36,2,0.023973333333333333
700633777,1000,2965.344,10,0.123556
700633778,100,123.81828571428571,455,0.051590952380952376
700633782,1250,2665.983333333333,24,0.0888661111111111
700633785,1000,136.16,2,0.005673333333333333
700633786,1250,1940.8685714285714,455,0.06469561904761904
700634754,630,3602.545843230404,421,0.23826361397026483
700634756,1000,1828.1066666666666,24,0.0761711111111111
700635525,1000,135.52,2,0.005646666666666667
700635527,1000,3750.506197802198,455,0.1562710915750916
700635528,1250,3373.7591208791205,455,0.11245863736263735
700635529,1250,3636.7586813186813,455,0.12122528937728938
700635530,1250,2767.7617582417583,455,0.09225872527472528
700639841,1000,2257.76,2,0.09407333333333334
700639843,1600,1614.036043956044,455,0.04203218864468865
700639845,100,84.2,455,0.035083333333333334
700642142,1000,989.44,2,0.04122666666666667
700642145,400,464.8881758241758,455,0.04842585164835164
700642149,100,180.20722580645162,310,0.07508634408602151
700642398,250,636.8116043956045,455,0.10613526739926742
700647320,1000,1925.2205714285715,455,0.08021752380952381
700647324,1000,2944.6765397923878,289,0.12269485582468283
700652229,1000,1136.566710816777,453,0.04735694628403238
700652230,1000,1172.461761658031,386,0.048852573402417956
700652523,400,3840.568087912088,455,0.40005917582417583
700658506,250,305.9500767263427,391,0.05099167945439045
700658507,250,609.1075164835164,455,0.1015179194139194
700661845,160,140.96293333333332,450,0.03670909722222222
700663633,1250,1477.2,2,0.04924
700663635,250,100.48,2,0.016746666666666667
700663774,400,2485.019433962264,424,0.2588561910377358
700665471,1250,1819.4333333333334,24,0.06064777777777778
700669705,160,10.218048780487806,82,0.002660950203252033
700669706,630,355.79864253393663,442,0.023531656252244487
700669707,630,2000.4237804878048,328,0.1323031600851723
700669709,400,504.7727027027027,444,0.05258048986486486
700669710,250,440.4,2,0.07339999999999999
700673036,160,43.906956521739126,253,0.011434103260869565
700673037,160,162.14064935064934,308,0.042224127435064936
700673039,160,149.31243243243244,111,0.03888344594594595
700673040,50,22.786332046332046,259,0.01898861003861004
700677323,160,59.20971962616822,321,0.015419197819314641
700680410,250,507.1513402061856,291,0.08452522336769759
700680413,400,204.87,164,0.021340625000000002
700680416,100,149.54231155778893,199,0.062309296482412055
700682042,400,3401.157176470588,425,0.35428720588235296
700682535,160,851.9544000000001,25,0.22186312500000002
700682537,1250,1133.4,2,0.03778
700682538,100,163.98625592417062,422,0.06832760663507109
700682539,400,579.8146391752578,194,0.060397358247422685
700686334,400,1093.4202739726027,292,0.11389794520547944
700688836,400,2088.644563106796,412,0.21756714199029123
700688841,1000,400.96,2,0.016706666666666665
700688843,250,1406.2367567567567,222,0.23437279279279277
700693752,1250,4293.2,2,0.14310666666666666
700694631,1000,105.88289855072463,69,0.0044117874396135265
700694933,1000,4195.445269461078,167,0.17481021956087825
700695181,1000,2674.4,2,0.11143333333333334
700695953,630,925.3944584382871,397,0.06120333719829941
700696905,1000,490.8962711864407,59,0.02045401129943503
700696907,630,164.02959183673468,392,0.010848517978620019
700696908,630,1838.9750000000001,24,0.1216253306878307
700696909,1250,397.6,2,0.013253333333333334
700696911,1250,1900.1999999999998,2,0.06334
700696915,100,162.96914285714286,105,0.06790380952380952
700696918,1000,5720.165714285714,392,0.23834023809523808
700696921,630,1004.0385542168674,83,0.06640466628418436
700696922,630,3754.975238095238,105,0.24834492315444698
700696923,1250,3730.7961165048546,103,0.12435987055016182
700696925,1250,287.0,2,0.009566666666666666
700696926,630,2490.330102040816,392,0.1647043718280963
700696927,1600,433.75,2,0.011295572916666666
700696939,630,1081.9188679245283,106,0.07155548068283918
700698669,1000,1549.0929923273657,391,0.06454554134697357
700699286,400,720.2063865546219,357,0.07502149859943978
700701668,1250,1637.8640282685512,283,0.05459546760895171
700705249,1250,4538.2,2,0.15127333333333332
700705387,400,1212.4526984126985,378,0.12629715608465608
700706152,100,0.0,3,0.0
700706581,400,165.04308510638296,376,0.017191988031914893
700706965,400,886.64,2,0.09235833333333333
700707707,250,73.61833780160858,373,0.012269722966934763
700708999,1000,1890.8963440860214,372,0.07878734767025089
700709063,1250,1603.7,4,0.053456666666666666
700709679,1250,1690.6544474393531,371,0.05635514824797844
700709687,1250,23.4,2,0.00078
700710146,1250,50.8,2,0.0016933333333333331
700710157,630,45.98689655172414,290,0.0030414614121510677
700711057,50,22.79749235474006,327,0.01899791029561672
700713035,1000,149.44,2,0.006226666666666667
700715085,160,11.64116129032258,310,0.0030315524193548385
700715128,160,14.832828947368421,304,0.0038627158717105263
700715817,250,434.20365714285714,350,0.07236727619047618
700716398,50,27.007645259938837,327,0.02250637104994903
700716781,400,2571.2330232558143,86,0.267836773255814
700718743,100,51.18315789473684,342,0.021326315789473683
700718865,160,352.06275862068964,87,0.09168301005747126
700719102,400,1510.2591549295773,71,0.15731866197183098
700721480,250,44.18159169550173,289,0.007363598615916955
700722816,100,364.31653846153847,104,0.15179855769230768
700724558,100,9.009966777408637,301,0.0037541528239202655
700724588,100,12.59370625,320,0.0052473776041666665
700725348,100,420.40654320987653,324,0.17516939300411521
700725388,50,41.60455696202532,316,0.0346704641350211
700725507,50,14.117345679012347,324,0.011764454732510289
700727495,250,1943.3233333333335,24,0.32388722222222227
700729189,1250,233.01999999999998,2,0.007767333333333333
700729272,160,24.804927536231883,207,0.00645961654589372
700730526,160,0.6904081632653061,294,0.00017979379251700678
700730537,160,4.131757188498403,313,0.0010759784345047924
700741208,160,41.1872,275,0.010725833333333332
700741679,1000,1395.6839024390245,287,0.05815349593495935
700741773,1000,507.4,2,0.021141666666666666
700743621,630,3270.300709219858,282,0.2162897294457578
700746293,160,12.949132075471699,265,0.003372169811320755
700746313,160,4.394299065420561,214,0.001144348714953271
700746441,160,7.441030042918455,233,0.0019377682403433477
700746470,100,3.290552147239264,163,0.0013710633946830266
700746474,100,142.46237288135595,59,0.059359322033898314
700746533,50,32.62009389671361,213,0.027183411580594678
700746637,400,0.0,2,0.0
700747194,160,6.54,2,0.001703125
700747653,160,69.87547770700637,157,0.018196738986199574
700748559,160,7.094645669291339,254,0.0018475639763779529
700749103,160,53.3784555984556,259,0.01390063947876448
700750275,160,65.96718232044199,181,0.017178953729281767
700750281,160,2522.4275409836064,61,0.6568821721311475
700750592,100,270.4562962962963,81,0.11269012345679011
700750643,100,340.4686466165414,266,0.14186193609022557
700750655,160,0.0025396825396825397,189,6.613756613756614e-07
700750695,50,3.1970886075949365,158,0.0026642405063291136
700750700,160,126.44751219512196,205,0.03292903963414635
700750770,160,188.92742857142858,210,0.04919985119047619
700751446,40,99.6765909090909,264,0.10382978219696969
700760041,1000,2002.88,2,0.08345333333333334
700760768,400,11.94,2,0.0012437499999999998
700761090,630,982.0,2,0.06494708994708995
700761422,1000,811.04,2,0.033793333333333335
700763447,250,191.02499999999998,238,0.0318375
700772956,1000,277.12,2,0.011546666666666667
700772964,1250,350.6,2,0.011686666666666668
700773172,1250,1325.0,2,0.04416666666666667
700773772,1000,2163.3544827586206,203,0.09013977011494252
700775165,400,75.316,210,0.007845416666666667
700776348,1250,2675.4,2,0.08918000000000001
700777315,100,59.6588679245283,53,0.024857861635220125
700777482,400,540.0582352941177,204,0.056256066176470595
700777572,400,2.7770588235294116,204,0.0002892769607843137
700777593,400,1065.7829411764706,204,0.11101905637254901
700778224,400,2145.24,2,0.22346249999999998
700778451,250,292.6041379310345,203,0.04876735632183908
700786463,400,1123.92,1,0.11707500000000001
700796453,1600,439.25,2,0.011438802083333333
700796497,1600,463.75,2,0.012076822916666667
700796612,1600,515.25,2,0.01341796875
700798564,250,152.88,2,0.02548
700799896,400,1077.3219512195121,41,0.11222103658536585
700799941,250,20.28,2,0.00338
700801659,250,423.11529411764707,153,0.0705192156862745
700802652,160,389.4947368421052,152,0.10143092105263157
700802826,160,95.46592105263157,152,0.02486091694078947
700802999,50,105.61131578947368,152,0.0880094298245614
700810692,160,17.94,1,0.004671875000000001
700810872,250,9.68,2,0.0016133333333333334
700813016,400,611.58,2,0.06370625
700813077,160,114.39700854700855,117,0.029790887642450144
700813627,250,626.0327819548872,133,0.1043387969924812
700813787,400,22.236992481203007,133,0.0023163533834586465
700813793,400,71.88,1,0.007487499999999999
700815254,250,157.92000000000002,2,0.026320000000000003
700817209,400,4013.9136000000003,125,0.41811600000000004
700821681,160,93.08000000000001,2,0.024239583333333335
700823323,1000,5776.725714285714,112,0.24069690476190475
700830053,400,348.65999999999997,2,0.03631875
700836095,400,3594.0853012048196,83,0.3743838855421687
700836278,400,2182.92,2,0.22738750000000002
700850780,160,198.45764705882354,51,0.05168167892156863
700853284,400,9.600000000000001,2,0.0010000000000000002
700860286,400,190.07999999999998,2,0.019799999999999998
700865731,250,1039.84,2,0.17330666666666666
700866518,400,403.2738461538462,26,0.04200769230769231
700874583,250,0.52,2,8.666666666666667e-05
70120002,1000,11259.786666666667,228,0.4691577777777778
70120004,1250,8143.939949109415,393,0.2714646649703138
70120008,1250,0.0,168,0.0
70120014,1000,3332.1871921182264,203,0.1388411330049261
70120024,1000,4603.410169491525,118,0.1918087570621469
70120060,1250,7405.597090909091,110,0.24685323636363637
70120091,2000,2657.480373831776,107,0.05536417445482866
70120112,1250,6181.714929577465,71,0.20605716431924884
70120122,1250,11453.314285714287,455,0.38177714285714287
70120135,1250,9792.278571428571,112,0.3264092857142857
70120161,1000,2937.8,2,0.12240833333333334
70120196,1000,5615.260317460318,126,0.23396917989417992
70120220,2500,3832.370989010989,455,0.06387284981684982
70120223,1250,5789.643252747253,455,0.19298810842490846
70120232,1600,12299.986813186813,455,0.3203121565934066
70120234,1250,4276.391868131868,455,0.1425463956043956
70120237,1000,7292.377142857143,455,0.30384904761904763
70120238,2250,5615.755932203389,118,0.10399548022598869
70120258,1000,2159.68,1,0.08998666666666666
70120270,1250,10531.01983914209,373,0.35103399463806967
70120271,1250,4275.653744493392,454,0.14252179148311306
70120290,2250,11951.913846153846,455,0.22133173789173788
70120316,630,3580.7041916167664,167,0.23681906029211416
70120341,1250,4597.894625550661,454,0.15326315418502204
70120370,1000,5255.68,5,0.2189866666666667
70120414,1250,0.0,168,0.0
70120449,1250,3013.0364835164837,455,0.10043454945054946
70120459,1000,7952.9745454545455,44,0.3313739393939394
70120463,1000,4179.6,4,0.17415000000000003
70120473,1000,2443.121230769231,455,0.10179671794871795
70120494,1250,6618.055566502463,203,0.22060185221674877
70120505,1250,6999.055813953489,86,0.23330186046511628
70120511,1000,4277.190476190476,84,0.17821626984126984
70120527,1000,14690.925067385446,371,0.6121218778077269
70120549,1250,3154.2813186813187,455,0.10514271062271062
70120554,1000,804.75,2,0.03353125
70120558,1000,5868.812659340659,455,0.2445338608058608
70120570,1250,8083.23813559322,118,0.2694412711864407
70120571,1250,10662.71824175824,455,0.35542394139194133
70120581,630,7769.4784615384615,130,0.5138543956043956
70120585,1250,235.65274725274725,455,0.007855091575091575
70120616,1880,3173.2787644787645,259,0.07032975985103644
70120621,1000,0.0,112,0.0
70120622,630,2888.1127147766324,291,0.1910127456862852
70120631,1000,7309.171428571429,455,0.3045488095238095
70120639,1250,7303.301149425288,261,0.2434433716475096
70120649,1250,0.0,5,0.0
70120653,1000,3458.813186813187,455,0.14411721611721612
70120724,1000,5165.6,20,0.21523333333333336
70120736,1250,0.0,112,0.0
70120783,1250,0.0,167,0.0
70120827,630,5296.605161290323,310,0.3503045741594129
70120828,400,3739.967142857143,28,0.3895799107142857
70120855,1000,0.0,104,0.0
70120911,1250,5168.546461538462,325,0.17228488205128206
70120914,1000,6745.120221606648,361,0.281046675900277
70120917,800,2778.903912087912,455,0.14473457875457874
70120926,1250,3668.470484581498,454,0.12228234948604993
70121031,1000,4598.256666666667,384,0.1915940277777778
70121037,1250,9257.237802197802,455,0.3085745934065934
70121038,1250,0.0,168,0.0
70121086,1250,0.0,162,0.0
70121108,1250,6185.4197802197805,455,0.20618065934065935
70121126,630,1907.0392857142856,112,0.12612693688586546
70121162,1000,3823.52,2,0.15931333333333333
70121174,1250,11482.443956043957,455,0.3827481318681319
70121240,1000,0.0,118,0.0
70121281,1000,5142.808791208791,455,0.21428369963369964
70121284,1250,4148.292890995261,422,0.13827642969984202
70121369,1000,4735.619249448124,453,0.19731746872700515
70121402,1250,2652.4360439560437,455,0.0884145347985348
70121428,1250,5408.4885813148785,289,0.18028295271049596
70121436,1250,7971.714666666667,450,0.26572382222222224
70121438,1000,2300.48,2,0.09585333333333333
70121447,1000,2279.051231527094,203,0.09496046798029557
70121453,1000,0.048,20,2e-06
70121463,630,4498.706813186814,455,0.2975335193906623
70121499,1250,4859.2,255,0.16197333333333333
70121516,630,2420.8366863905326,338,0.1601082464544003
70121559,1250,3960.2514285714283,455,0.13200838095238093
70121567,1000,4034.790476190476,126,0.16811626984126984
70121570,1630,2732.777543859649,114,0.06985627668352887
70121605,630,968.243076923077,130,0.06403724053724054
70121627,400,944.036220472441,127,0.0983371062992126
70121665,1000,6618.372923076923,455,0.27576553846153845
70121683,1000,8522.472087912087,455,0.3551030036630036
70121691,1000,6730.657758241758,455,0.28044407326007326
70121702,1000,2667.195076923077,455,0.11113312820512822
70121764,1000,0.0,455,0.0
70121766,1000,1536.152967032967,455,0.06400637362637362
70121793,1250,4829.085714285714,203,0.16096952380952378
70121820,1000,3926.08,45,0.16358666666666666
70122322,1000,5117.345758241758,455,0.2132227399267399
70122340,1000,4908.218021978022,182,0.20450908424908426
70122352,1250,2887.4262295081967,244,0.09624754098360655
70122414,630,3323.4939759036147,83,0.21980780263912794
70122438,1250,0.0,168,0.0
70122754,400,3852.6862857142855,210,0.4013214880952381
70122807,400,1890.4121951219513,246,0.19691793699186994
70122910,1000,3788.0,2,0.15783333333333333
70123060,1000,5811.48,24,0.24214499999999997
70123160,400,3190.0362197802197,455,0.33229543956043955
70123181,1250,6749.731455399061,426,0.22499104851330204
70123189,400,4828.3362549800795,251,0.5029516932270917
70123270,1250,7028.905494505494,455,0.2342968498168498
70123394,1000,1969.6701369863013,365,0.08206958904109589
70123556,400,4196.583157894737,76,0.43714407894736845
70123589,1000,3869.788131868132,455,0.16124117216117217
70123597,400,2278.3199999999997,2,0.23732499999999998
70123608,1000,10041.336263736264,91,0.418389010989011
70123625,1000,5451.557101449275,207,0.22714821256038648
70123628,630,5743.05,310,0.3798313492063492
70123646,1000,6105.86865934066,455,0.25441119413919416
70123714,1250,4082.526945054945,455,0.1360842315018315
70123873,630,1607.6618925831203,391,0.10632684474756086
70123874,630,0.0,5,0.0
70123881,1000,4971.84,2,0.20716
70123974,1000,7158.032962138084,449,0.2982513734224202
70124001,1000,4615.323428571429,455,0.19230514285714287
70124025,1000,5242.96,24,0.21845666666666666
70124028,400,591.4051659292036,452,0.06160470478429204
70124031,1000,4562.44465116279,86,0.19010186046511626
70124034,1000,4675.819791666667,288,0.19482582465277778
70124138,1250,4015.9674418604654,86,0.13386558139534885
70124141,1000,0.0,168,0.0
70124142,1000,2848.687120879121,455,0.1186952967032967
70124311,1000,0.0,5,0.0
70124344,1250,11343.76339869281,306,0.37812544662309366
70124409,1000,5115.088695652174,92,0.2131286956521739
70124411,1000,4514.942506142506,407,0.18812260442260442
70124577,1000,9242.51925093633,267,0.38510496878901374
70124589,1000,2578.209345794393,428,0.1074253894080997
70124673,400,4747.894883720931,86,0.4945723837209303
70124693,630,3142.6180219780217,455,0.2078451072736787
70124703,400,3329.6545054945054,455,0.346839010989011
70124784,400,3814.9397969543147,394,0.39738956218274113
70124832,400,2787.152582781457,453,0.2903283940397351
70124845,400,4392.751529411765,255,0.4575782843137255
70124847,400,3443.6430379746835,79,0.3587128164556962
70124854,400,2138.5644590163934,305,0.222767131147541
70124871,400,3634.7651868131866,455,0.3786213736263736
70124901,630,1084.407912087912,455,0.07172010000581429
70124906,400,2771.59832967033,455,0.28870815934065935
70124949,1250,1433.4725274725274,455,0.04778241758241758
70141092,1250,1719.2494545454545,110,0.057308315151515146
70141128,1000,4891.870945054945,455,0.20382795604395604
70141222,1000,5255.109626373626,455,0.2189629010989011
70141224,1250,0.0,168,0.0
70141230,1000,4976.106666666667,3,0.2073377777777778
70141234,1250,0.0,3,0.0
70141252,1250,2991.9604395604397,455,0.09973201465201466
70141254,1000,1863.0422614840988,283,0.07762676089517079
70141351,630,803.924276169265,449,0.05316959498473975
70141404,1000,4841.391596638655,238,0.20172464985994396
70141407,1000,6803.965186813187,455,0.2834985494505495
70141484,1000,3330.4024615384615,325,0.13876676923076922
70141506,630,1364.7808743169398,366,0.09026328533842194
70141537,1000,8490.313846153846,455,0.3537630769230769
70141544,1000,8109.688967032967,455,0.33790370695970695
70141575,1000,5238.923252747253,455,0.21828846886446887
70142010,1000,0.0,1,0.0
70142011,1000,0.0,1,0.0
70142184,1250,661.4883516483517,455,0.022049611721611722
70142330,1250,4196.108131868132,455,0.13987027106227107
70142363,1000,4506.723164835165,455,0.1877801318681319
70142364,1000,2379.540395604395,455,0.09914751648351647
70142385,630,2257.4132530120482,332,0.14929981832090267
70142402,1000,1460.64,2,0.060860000000000004
70142522,630,0.0,1,0.0
70142749,400,2961.6453626373623,455,0.3085047252747252
70142750,400,4134.170901098901,455,0.43064280219780215
70142779,1000,2548.3646593406593,455,0.1061818608058608
70142793,400,3635.799032967033,455,0.3787290659340659
70142794,400,4436.110945054945,455,0.4620948901098901
70142928,1250,8087.132989690722,388,0.2695710996563574
70170002,1250,3059.6444835164834,455,0.10198814945054945
70170003,1250,6027.92967032967,455,0.20093098901098902
70170429,1800,3921.3095384615385,455,0.09077105413105413
70171794,1260,3497.0,3,0.11564153439153439
70174032,1630,1701.928578088578,429,0.04350533175073052
70174507,1250,3165.778461538461,455,0.10552594871794871
70192379,1000,5006.598757763975,161,0.20860828157349898
70192701,1250,4496.138021978022,455,0.1498712673992674
70220015,1000,0.0,61,0.0
70220095,1000,4288.906666666667,288,0.17870444444444444
70220096,630,1979.295238095238,84,0.13090576971529352
70220097,1250,0.0,167,0.0
70220128,1000,0.0,168,0.0
70220152,1250,6087.202222222222,288,0.20290674074074075
70220207,630,206.85333333333332,285,0.013680776014109346
70220208,1000,5011.136,5,0.20879733333333336
70220221,1000,5336.613274725275,455,0.22235888644688645
70220342,1250,1615.2,2,0.05384
70220388,800,970.5891891891893,37,0.050551520270270274
70220405,1000,2434.700881057269,454,0.10144587004405287
70220407,1000,5394.529655172413,116,0.2247720689655172
70220435,630,3263.736526946108,167,0.2158555904064886
70220436,1000,697.7171241830065,153,0.029071546840958605
70220444,1250,0.0,83,0.0
70220460,1250,3153.9252032520326,123,0.10513084010840108
70220469,1250,8046.139780219781,455,0.26820465934065935
70220503,1000,2033.76,36,0.08474
70220526,1250,4904.581818181818,77,0.16348606060606058
70220538,250,455.10708074534165,161,0.07585118012422361
70220567,1000,8454.807032967034,455,0.3522836263736264
70220569,1600,10966.01978021978,455,0.28557343177655675
70220612,2000,2233.871746031746,126,0.04653899470899471
70220633,400,3247.5670588235294,68,0.33828823529411767
70220673,1250,7760.590188679245,265,0.25868633962264154
70220705,630,0.0,168,0.0
70220771,1000,6074.06265060241,83,0.2530859437751004
70220814,1250,6738.6389610389615,77,0.2246212987012987
70220892,1000,5652.009838187702,309,0.2355004099244876
70220904,1250,5774.868210526316,95,0.19249560701754387
70220940,1630,806.738313253012,83,0.02062214502180501
70220941,1250,6387.082352941176,289,0.21290274509803922
70220945,630,0.0,167,0.0
70220952,1000,1052.2640000000001,75,0.04384433333333334
70221026,1250,7035.283333333333,24,0.23450944444444444
70221081,1250,7207.655384615385,455,0.2402551794871795
70221286,400,913.6342857142857,84,0.0951702380952381
70221315,1630,4998.4168791208795,455,0.12777139261556442
70221322,1000,5554.1835294117645,68,0.2314243137254902
70221339,1250,5320.569670329671,455,0.17735232234432236
70221341,1000,1534.015824175824,455,0.063917326007326
70221561,1250,4306.8,2,0.14356
70221577,1000,2394.0824615384618,455,0.0997534358974359
70221586,1000,4879.636395604396,455,0.20331818315018316
70221592,1000,2478.460540540541,37,0.1032691891891892
70221655,1000,1824.1347368421052,76,0.07600561403508772
70221675,1250,4920.021098901099,455,0.1640007032967033
70221684,1250,3774.475604395604,455,0.12581585347985347
70221698,1000,7012.9413105413105,351,0.29220588793922125
70221700,1250,2599.9947252747256,455,0.08666649084249085
70221728,1000,4682.302417582418,455,0.19509593406593406
70221757,630,1470.512,125,0.09725608465608465
70221774,1250,4728.302202643172,454,0.15761007342143907
70221784,1250,1530.2687640449437,445,0.051008958801498125
70221969,1000,1265.7448791208792,455,0.05273936996336997
70221976,1000,6166.624827586207,87,0.2569427011494253
70221982,630,466.293220338983,118,0.030839498699668188
70221984,800,3311.3813559322034,118,0.17246777895480225
70221992,1000,3968.8931868131867,455,0.16537054945054944
70221995,1000,1705.7717073170734,123,0.0710738211382114
70222353,1000,1491.3600000000001,2,0.06214000000000001
70222398,1000,1882.56,2,0.07844
70222407,1250,4479.166666666667,24,0.14930555555555555
70222488,1000,2469.713846153846,104,0.1029047435897436
70222502,800,3969.3315789473686,76,0.2067360197368421
70222519,1000,2472.16,2,0.10300666666666666
70222520,1250,1621.4,2,0.054046666666666666
70222534,1250,6542.059487179487,156,0.21806864957264957
70222552,1000,671.1808651399491,393,0.02796586938083121
70222628,1250,3698.375939849624,133,0.12327919799498747
70222629,630,3356.5468131868133,455,0.22199383685097973
70222641,1000,538.0352,75,0.022418133333333333
70222645,1000,1365.292372881356,118,0.056887182203389834
70222725,1250,9068.48,3,0.30228266666666664
70222779,1250,9083.152941176471,68,0.30277176470588235
70222833,630,4466.261098901099,455,0.2953876388162103
70222870,630,2357.9333333333334,123,0.15594797178130512
70222929,1250,344.4,2,0.011479999999999999
70222953,1250,2089.2,2,0.06964
70222974,1000,6950.166956521739,92,0.28959028985507246
70223031,1250,10706.174757281553,309,0.3568724919093851
70223040,400,2810.4762197802197,455,0.29275793956043955
70223042,630,5474.637096774193,124,0.36207917306707627
70223045,1250,4264.616129032258,124,0.14215387096774193
70223048,1000,1246.0434285714286,455,0.051918476190476195
70223092,1000,0.0,16,0.0
70223093,400,3592.8609677419354,124,0.3742563508064516
70223094,1250,2922.488791208791,455,0.09741629304029303
70223124,400,1978.3996483516482,455,0.2060832967032967
70223173,630,761.407142857143,112,0.05035761526832956
70223183,1000,10302.925373134329,67,0.4292885572139304
70223332,400,938.22,2,0.09773125
70223338,1000,2875.04,2,0.11979333333333334
70223339,1000,4919.271384615385,455,0.20496964102564103
70223341,1000,6353.532631578947,76,0.26473052631578947
70223515,1250,8305.130322580646,62,0.2768376774193549
70223559,800,1085.76,1,0.056549999999999996
70223562,400,1865.630909090909,132,0.194336553030303
70223563,400,2870.0287218045114,266,0.2989613251879699
70223569,1000,4936.987428571428,455,0.2057078095238095
70223707,1000,4496.8533333333335,3,0.1873688888888889
70223720,1250,8222.384210526316,76,0.27407947368421054
70223730,400,1700.1631168831168,154,0.17710032467532466
70223757,1000,8863.562105263158,95,0.3693150877192982
70223760,400,1656.5040000000001,10,0.17255250000000003
70223761,1000,1982.6796610169492,118,0.08261165254237289
70223768,1000,4063.4015625,64,0.1693083984375
70223869,400,2201.4057692307692,104,0.22931310096153845
70223887,400,2643.5492307692307,104,0.2753697115384615
70223891,1000,5040.310153846154,455,0.2100129230769231
70223947,1000,0.0,168,0.0
70223949,1000,4228.840459770115,87,0.17620168582375478
70223979,630,4092.5012048192766,83,0.270668069101804
70224014,1000,8142.923252747253,455,0.3392884688644689
70224015,400,2595.2555294117647,255,0.2703391176470588
70224037,400,860.3873684210527,76,0.08962368421052631
70224098,630,3335.4,3,0.2205952380952381
70224180,630,850.6,1,0.056256613756613755
70224194,630,4170.6781609195405,87,0.2758385027063188
70224240,500,1555.534065934066,455,0.12962783882783882
70224266,1000,0.0,168,0.0
70224279,630,362.7264516129032,155,0.023989844683393068
70224319,630,0.0,168,0.0
70224335,630,4956.515384615384,78,0.327811864061864
70224356,1000,2197.2799999999997,2,0.09155333333333332
70224360,400,3501.7353599999997,125,0.3647641
70224365,630,0.0,36,0.0
70224401,630,1890.003149606299,127,0.1250002083072949
70224428,1250,4985.114285714286,455,0.1661704761904762
70224440,1000,4137.312755905512,127,0.172388031496063
70224479,400,2960.518888888889,108,0.30838738425925927
70224522,1000,1703.5032835820896,67,0.07097930348258706
70224546,630,2347.5904,125,0.15526391534391534
70224566,1000,3464.369430894309,123,0.1443487262872629
70224792,400,3209.0165274725273,455,0.3342725549450549
70224795,400,2961.999032967033,455,0.30854156593406595
70224917,400,2419.19789010989,455,0.2519997802197802
70240010,1000,5357.128648648649,37,0.2232136936936937
70240030,1250,0.0,168,0.0
70240032,400,1468.1248598130842,107,0.15292967289719628
70240036,250,70.82927613941018,373,0.011804879356568364
70240041,1000,4080.5726315789475,57,0.1700238596491228
70240133,400,565.888780487805,123,0.05894674796747969
70240249,1000,3399.0,2,0.141625
70240286,1000,1229.4692385786802,197,0.051227884940778345
70240287,1000,1301.44,2,0.054226666666666666
70240320,1000,1676.8,2,0.06986666666666666
70240332,1250,3399.8953846153845,455,0.11332984615384616
70240337,1250,5510.6107142857145,112,0.18368702380952381
70240382,400,2058.4514285714286,84,0.2144220238095238
70240421,1000,2594.408372093023,344,0.10810034883720929
70240465,400,1314.6447244094488,127,0.13694215879265093
70240488,400,1939.908292682927,123,0.2020737804878049
70240530,250,2090.146079295154,454,0.34835767988252564
70240837,400,1766.3109677419354,124,0.1839907258064516
70240865,160,1234.9975862068966,116,0.3216139547413793
70240870,100,158.59866740088106,454,0.06608277808370044
70240871,400,555.9716129032258,93,0.05791370967741936
70240874,100,1615.8295238095238,63,0.6732623015873016
70240941,630,3320.8250000000003,112,0.21963128306878307
70241024,400,1973.9230057803468,346,0.20561697976878612
70241044,1000,0.0,168,0.0
70241045,1000,2088.48,2,0.08702
70241057,1250,4978.7,76,0.16595666666666667
70241060,1250,3574.066666666667,6,0.11913555555555556
70241068,400,1846.6865934065934,455,0.19236318681318682
70241076,630,3545.5753424657532,73,0.23449572370805247
70241094,1000,1427.030588235294,68,0.05945960784313725
70241122,1250,2508.217142857143,455,0.0836072380952381
70241123,1250,2944.964705882353,68,0.09816549019607844
70241139,1250,7734.188962472406,453,0.25780629874908023
70241193,1000,4760.64,76,0.19836
70241211,1000,8485.51552795031,161,0.3535631469979296
70241212,1000,7741.17767032967,455,0.3225490695970696
70241270,1000,2410.0474336283187,113,0.1004186430678466
70241271,1000,5247.233548387097,124,0.2186347311827957
70241281,1000,5670.453210161663,433,0.23626888375673596
70241282,1000,0.0,168,0.0
70241283,1000,4803.656,150,0.20015233333333332
70241284,1000,4802.940689655173,58,0.2001225287356322
70241289,1000,5808.797808219178,73,0.2420332420091324
70241297,1000,4744.732710280374,107,0.19769719626168225
70241299,1000,6163.3889763779525,127,0.256807874015748
70241322,1000,1622.88,2,0.06762
70241350,630,2190.5775824175826,455,0.14487946973661261
70241365,400,1002.4724455205811,413,0.10442421307506053
70241384,1250,3888.664406779661,118,0.12962214689265536
70241390,1000,4708.192755905512,127,0.19617469816272967
70241431,1000,2750.8356626506024,83,0.11461815261044177
70241437,1250,0.0,168,0.0
70241454,1000,24.189182389937105,159,0.0010078825995807126
70241630,1000,1617.3625806451612,124,0.06739010752688171
70241646,1000,7144.942362204725,127,0.2977059317585302
70241767,1000,2056.289054945055,455,0.08567871062271062
70241850,400,2746.4351219512196,123,0.2860869918699187
70241852,250,400.27333333333337,126,0.06671222222222223
70241854,400,2550.5864,150,0.2656860833333333
70241856,400,5042.247692307692,26,0.5252341346153846
70241867,1000,6.968888888888889,63,0.0002903703703703704
70242314,1250,9461.403821656051,314,0.31538012738853505
70242358,250,923.8484705882354,255,0.15397474509803924
70242373,2500,1514.6806153846155,455,0.025244676923076925
70242388,400,2485.5884835164834,455,0.25891546703296703
70242396,1000,6507.2794725274725,455,0.2711366446886447
70242511,630,1344.4232967032967,455,0.088916884702599
70242546,1250,5745.323956043956,455,0.19151079853479855
70242595,400,78.60210989010989,455,0.00818771978021978
70242735,400,2158.613802197802,455,0.2248556043956044
70242737,400,2865.8078241758244,455,0.29852164835164835
70242739,400,325.90232967032966,455,0.03394815934065934
70242761,400,3403.5771428571425,378,0.35453928571428567
70242770,400,2583.1904175824175,455,0.26908233516483515
70242772,400,3398.88632967033,455,0.3540506593406594
70242774,1250,3995.446560846561,378,0.1331815520282187
70270015,1000,3554.4,206,0.1481
70270940,630,182.70000000000002,2,0.012083333333333335
70273569,1000,2564.570725274725,455,0.10685711355311354
70291632,1000,449.5767741935484,124,0.018732365591397848
70292373,2500,2820.935736263736,455,0.0470155956043956
70292518,1000,7632.626666666667,24,0.3180261111111111
70320025,1000,5611.637735849056,106,0.23381823899371068
70320195,1000,5241.728735632184,174,0.21840536398467433
70320451,1250,6681.243956043956,455,0.22270813186813188
70320480,1250,7028.159120879121,455,0.2342719706959707
70320684,1250,3818.3999999999996,2,0.12727999999999998
70320823,1250,6066.540645161291,310,0.20221802150537635
70320831,1000,3474.9449999999997,40,0.144789375
70320843,1250,3159.3999999999996,2,0.10531333333333331
70320866,1000,3629.7410676156583,281,0.15123921115065242
70321001,800,0.0,140,0.0
70321004,1250,8532.63032967033,455,0.284421010989011
70321104,1250,6948.89054945055,455,0.23162968498168499
70321128,1250,9443.304347826086,23,0.31477681159420284
70321152,1250,5176.7894505494505,455,0.17255964835164836
70321394,1250,4433.912307692308,455,0.14779707692307692
70321465,1000,10788.08103896104,77,0.44950337662337664
70321466,1250,0.0,168,0.0
70321478,1000,7707.093333333333,114,0.3211288888888889
70321487,1000,5259.19789010989,455,0.21913324542124543
70321501,1250,4577.4742857142855,455,0.15258247619047619
70321503,1000,4929.80465934066,455,0.2054085274725275
70321506,630,933.45,4,0.06173611111111112
70321508,1000,4743.912087912088,455,0.19766300366300368
70321641,1000,6261.236276276276,333,0.2608848448448448
70321658,1250,6419.330828729281,362,0.21397769429097604
70321717,1000,5434.772571428572,140,0.22644885714285715
70321844,400,1682.1878518518517,135,0.17522790123456788
70321845,1250,2527.9229629629626,135,0.08426409876543209
70321846,1250,3766.513432835821,134,0.12555044776119403
70321847,250,300.6361318681319,455,0.05010602197802198
70322311,1000,3534.9649717514126,354,0.14729020715630886
70322312,1000,4785.231884057971,207,0.1993846618357488
70322314,1000,1562.88,2,0.06512000000000001
70322337,1000,1624.35,2,0.06768125
70322523,1000,2892.16,2,0.12050666666666666
70322545,1000,1706.24,2,0.07109333333333333
70322546,1000,3536.20776119403,134,0.14734199004975124
70322670,630,1364.9,2,0.09027116402116403
70322701,1000,3982.6303030303025,132,0.16594292929292928
70322709,1000,8172.932000000001,80,0.34053883333333335
70322710,1000,2278.08,2,0.09491999999999999
70322711,1250,5749.638011049724,362,0.19165460036832413
70322745,1000,4116.32,2,0.17151333333333332
70322861,1250,8325.4175,80,0.27751391666666664
70322865,1000,5512.7080000000005,80,0.2296961666666667
70322880,1000,1902.4,2,0.07926666666666667
70322950,1250,5082.29010989011,455,0.16940967032967033
70322998,1250,2809.3999999999996,2,0.09364666666666666
70323050,1250,2374.2,2,0.07913999999999999
70323053,1000,6933.71914893617,141,0.2889049645390071
70323076,1000,1017.5999999999999,2,0.04239999999999999
70323164,1000,0.0,168,0.0
70323193,1250,3663.6800000000003,2,0.12212266666666667
70323195,1250,11276.344378698224,338,0.37587814595660746
70323196,1600,8259.720851063828,282,0.21509689716312053
70323209,1250,7235.968235294117,255,0.24119894117647056
70323351,1000,2352.64,2,0.09802666666666666
70323437,630,4000.975572519084,131,0.26461478654226744
70323550,1000,3063.84,2,0.12766
70323673,1000,6169.083076923076,455,0.25704512820512815
70323702,1000,1183.8400000000001,2,0.04932666666666667
70323735,1600,11407.047912087912,455,0.2970585393772894
70323813,1000,3921.3001574803147,127,0.16338750656167977
70323830,630,5433.184251968504,127,0.3593375828021497
70323846,1000,3657.056351648351,455,0.15237734798534797
70324002,1000,1735.04,2,0.07229333333333333
70324203,1000,4993.0425000000005,80,0.2080434375
70324234,800,1160.359420289855,138,0.06043538647342995
70324236,1250,5852.333333333333,78,0.19507777777777777
70324267,1250,6992.925110132159,454,0.23309750367107196
70324305,630,1464.8156862745097,255,0.09687934433032472
70324370,1000,2978.1098666666667,150,0.12408791111111112
70324378,1000,7537.577494505494,455,0.3140657289377289
70324404,1000,5558.9774712643675,174,0.23162406130268198
70324427,400,1402.98,2,0.14614375
70324443,1000,3669.12,78,0.15288
70324461,400,763.1225196850394,127,0.07949192913385827
70324494,1000,2462.805128205128,78,0.10261688034188032
70324547,1000,2466.100425531915,94,0.10275418439716312
70324592,1250,3297.384210526316,152,0.10991280701754387
70324625,1000,6097.843037974683,79,0.2540767932489451
70324735,1250,6685.483076923077,455,0.2228494358974359
70324740,1250,5078.409022556391,133,0.16928030075187972
70324768,1000,5109.227979274611,193,0.21288449913644214
70324771,400,1649.0476483516484,455,0.1717757967032967
70340325,400,2637.064615384615,455,0.2746942307692307
70340448,400,2903.6646651270207,433,0.30246506928406464
70340462,250,909.8343736263737,455,0.15163906227106227
70340741,1000,4635.102117647059,255,0.19312925490196078
70340758,400,1025.12,133,0.10678333333333333
70340834,400,1095.3572932330826,133,0.11409971804511278
70340906,250,1683.700043956044,455,0.280616673992674
70340907,400,1371.5731263858092,451,0.14287220066518846
70340971,1000,0.0,168,0.0
70340973,1000,1623.1179636363636,275,0.06762991515151515
70340977,1000,5358.4980645161295,124,0.22327075268817206
70340979,1000,3345.917186813187,455,0.13941321611721613
70340980,1250,5013.470117647058,255,0.16711567058823526
70340988,1250,5815.220253164557,158,0.19384067510548525
70340989,1250,6350.364102564103,78,0.21167880341880344
70340991,1000,0.0,168,0.0
70340992,1000,5074.691764705883,51,0.21144549019607844
70340993,1250,8508.246241134751,282,0.28360820803782505
70340995,1250,4493.270447761194,134,0.1497756815920398
70340997,1250,5821.6177777777775,135,0.1940539259259259
70340998,1250,7540.90962962963,135,0.2513636543209877
70341003,1000,5764.6758208955225,134,0.24019482587064678
70341011,1250,12335.827450980392,255,0.4111942483660131
70341017,1000,5159.695135135135,148,0.21498729729729732
70341022,1000,3750.048450704225,142,0.15625201877934272
70341023,1250,9231.287943262412,282,0.3077095981087471
70341100,1000,8429.645714285714,112,0.3512352380952381
70341101,1600,13067.455,80,0.34029830729166666
70341154,1000,6659.573333333333,282,0.2774822222222222
70341156,1000,3030.106466165413,133,0.12625443609022555
70341189,1000,6461.416,80,0.2692256666666667
70341214,800,1440.801,80,0.07504171875
70341215,800,1685.2782089552238,134,0.08777490671641791
70341216,1000,2062.0185098039215,255,0.08591743790849672
70341258,1000,3670.331139240506,79,0.1529304641350211
70341261,630,431.8241134751773,141,0.0285597958647604
70341264,630,2001.6820512820514,78,0.13238637905304573
70341298,1000,7552.822153846154,455,0.3147009230769231
70341319,1000,2701.318208955224,134,0.11255492537313433
70341455,1000,4543.306666666666,78,0.18930444444444444
70341463,630,2630.4695652173914,23,0.17397285484242006
70341501,1000,446.4,1,0.0186
70341520,1000,4897.569523809524,63,0.20406539682539684
70341524,250,446.1900751879699,133,0.07436501253132832
70341549,1000,8459.900952380953,42,0.35249587301587304
70341730,400,693.6622556390978,133,0.07225648496240603
70341822,400,2449.030153846154,455,0.2551073076923077
70342072,400,2056.855648351648,455,0.21425579670329667
70342115,1000,4158.605283018868,106,0.17327522012578617
70342188,400,1123.645243445693,267,0.11704637952559302
70342196,250,1062.0988819875777,322,0.17701648033126294
70342204,250,1106.1373134328358,134,0.18435621890547263
70342205,250,1189.4722388059702,134,0.19824537313432836
70342224,400,0.006329670329670329,455,6.593406593406593e-07
70342241,400,4391.465430463576,453,0.4574443156732892
70342316,400,602.5469503546099,282,0.06276530732860519
70342318,400,2671.451340659341,455,0.27827618131868137
70342325,1000,5949.841126760563,426,0.2479100469483568
70342346,1000,3611.1662417582415,455,0.15046526007326005
70342347,1000,2723.147956043956,455,0.11346449816849817
70342359,1000,6178.242813186813,455,0.25742678388278384
70342377,400,2700.212043956044,455,0.2812720879120879
70342380,400,4053.1505882352944,255,0.4222031862745098
70342447,1250,0.0,42,0.0
70342607,250,676.6396862745098,255,0.11277328104575164
70342608,1250,2608.1863736263736,455,0.08693954578754579
70342614,1250,4527.081025641026,390,0.15090270085470087
70342632,400,2221.2907252747254,455,0.23138445054945056
70342758,250,1443.354901098901,455,0.2405591501831502
70342759,250,1942.2120930232556,387,0.32370201550387595
70342812,400,591.7698461538462,455,0.06164269230769231
70342813,400,1914.4817454545455,275,0.19942518181818183
70342824,630,3584.337582417583,455,0.2370593639165068
70370195,1000,6335.434893617021,282,0.26397645390070923
70372312,1000,3562.0622222222223,36,0.14841925925925925
70372701,1000,5389.04,132,0.22454333333333334
70372714,630,1669.1,2,0.11039021164021164
70374234,630,1866.4826530612245,196,0.12344461991145665
70391023,1000,5672.51914893617,282,0.23635496453900706
70391215,1000,2829.6238805970147,134,0.11790099502487561
70420017,1250,8199.723076923077,65,0.27332410256410256
70420018,1250,0.0,168,0.0
70420115,1250,0.0,168,0.0
70420288,1250,7293.451428571429,105,0.24311504761904762
70420354,1250,6007.0782608695645,23,0.20023594202898548
70420364,1250,11244.282790697674,86,0.37480942635658915
70420390,1250,3694.835164835165,455,0.12316117216117217
70420489,1000,4790.2938021978025,455,0.1995955750915751
70420587,1000,0.0,168,0.0
70420594,400,1161.3600000000001,2,0.12097500000000001
70420700,1000,8446.901960784313,255,0.351954248366013
70420707,630,3235.252747252747,455,0.2139717425431711
70420714,630,3475.7248351648354,455,0.22987598116169547
70420817,1000,4534.276219780219,455,0.18892817582417581
70420885,1250,8253.300747252746,455,0.27511002490842484
70421249,1250,7624.4932266666665,375,0.25414977422222224
70421291,630,4309.020494699646,283,0.28498812795632583
70421293,1000,3225.890049261084,203,0.1344120853858785
70421294,1250,3840.384175824176,455,0.12801280586080588
70421316,1000,6318.693162393162,351,0.26327888176638176
70421372,630,3864.665734265734,286,0.25559958559958557
70421444,1000,3002.9226837060705,313,0.12512177848775294
70421449,1000,2228.693333333333,3,0.09286222222222222
70421541,1250,7614.597647058824,68,0.2538199215686275
70421608,630,0.0,155,0.0
70421670,1250,3616.2,2,0.12054
70421692,630,0.0,168,0.0
70421773,1250,7017.923516483517,455,0.2339307838827839
70421989,1250,0.0,455,0.0
70422302,1000,6689.023776223777,286,0.278709324009324
70422511,1250,3129.310828025478,314,0.1043103609341826
70422539,630,2812.9814505494505,455,0.186043746729461
70422587,630,2288.6971368909512,431,0.15136885825998356
70422596,1250,4162.706951871657,374,0.13875689839572192
70422597,1250,4362.650549450549,455,0.14542168498168498
70422755,1250,6324.552967032967,455,0.21081843223443222
70423058,1250,0.0,168,0.0
70423082,1000,0.0,44,0.0
70423346,1000,5165.281514195583,317,0.21522006309148264
70423388,1250,0.0,1,0.0
70423439,1000,3541.0974945054945,455,0.14754572893772894
70423465,630,0.0,167,0.0
70423685,630,3073.433009708738,309,0.2032693789489906
70423687,1000,1257.6766343042073,309,0.05240319309600863
70423851,1000,0.0,455,0.0
70423975,1250,6848.009846153846,455,0.2282669948717949
70423976,630,1205.9890909090907,55,0.07976118326118324
70424000,1000,6560.399472527472,455,0.273349978021978
70424121,630,3197.880582524272,206,0.21150003852673757
70424166,1000,2239.0933333333332,84,0.09329555555555555
70424326,1000,4654.392843450479,313,0.19393303514376994
70424622,1000,0.0,168,0.0
70424711,400,3190.1475,80,0.33230703125
70424767,400,3206.353953488372,86,0.3339952034883721
70424772,400,3433.5272967032965,455,0.3576590934065934
70424773,400,2484.305142857143,455,0.25878178571428573
70424778,400,3271.2342857142858,259,0.34075357142857143
70424780,400,3623.527912087912,455,0.37745082417582415
70424781,400,2018.271296703297,455,0.21023659340659342
70424782,400,2659.2334945054945,455,0.27700348901098903
70424786,400,3786.2521739130434,207,0.394401268115942
70424826,1250,2792.859607843137,255,0.0930953202614379
70424918,400,2258.1024107142857,448,0.23521900111607144
70440934,1000,2296.439802955665,203,0.09568499178981937
70440950,1000,0.0,5,0.0
70441025,630,1074.9114624505928,253,0.07109202793985402
70441027,1000,4498.021052631579,38,0.18741754385964912
70441033,1250,5637.363395225464,377,0.18791211317418213
70441037,1250,3942.1189189189186,37,0.13140396396396395
70441038,2000,6059.157802197802,455,0.12623245421245421
70441265,630,0.0,168,0.0
70441343,1000,3674.408421052631,38,0.15310035087719295
70441643,1000,3056.9691428571427,455,0.12737371428571428
70442394,1250,1300.4972549019608,255,0.04334990849673202
70442404,400,3644.196395604396,455,0.37960379120879123
70442417,400,1641.2821978021977,455,0.1709668956043956
70442428,400,3226.467956043956,455,0.33609041208791207
70442555,1250,2682.1098901098903,455,0.08940366300366301
70442560,1250,1585.3537254901962,255,0.05284512418300654
70442647,1000,1458.2336703296703,455,0.060759736263736264
70442728,1250,6096.671648351648,455,0.2032223882783883
70470037,1250,5207.532541567696,421,0.17358441805225655
70492777,1250,8399.14188034188,117,0.279971396011396
70720045,1000,4193.837037037037,162,0.17474320987654318
70720121,1000,5408.8123076923075,143,0.2253671794871795
70720157,1250,6143.315,128,0.20477716666666665
70720185,1000,3793.76,2,0.15807333333333334
70720228,250,2581.8640993788817,161,0.43031068322981364
70720462,630,2361.8888888888887,72,0.15620958259847148
70720613,1250,4660.135384615385,455,0.15533784615384616
70720979,1000,6416.885915492958,142,0.26737024647887325
70720985,250,2129.11875,160,0.354853125
70720997,1000,1293.6671232876713,146,0.05390279680365297
70721238,1000,3694.572075471698,106,0.1539405031446541
70721266,400,2718.3669421487607,121,0.2831632231404959
70721317,1250,6538.471165644172,163,0.21794903885480574
70721425,1630,6240.53052631579,114,0.15952276396512755
70721611,630,1473.9,2,0.09748015873015874
70721612,1000,2413.4399999999996,2,0.10055999999999998
70721625,630,6084.0888888888885,126,0.4023868312757201
70721725,400,3211.185714285714,84,0.3344985119047619
70721789,1250,2878.5942857142854,455,0.09595314285714285
70721854,630,1535.3,2,0.10154100529100529
70722394,1250,4461.2,2,0.14870666666666665
70722416,1250,3173.3333333333335,3,0.10577777777777778
70722475,1000,1454.598,160,0.060608249999999995
70722640,630,1829.8666666666668,3,0.12102292768959437
70722740,1000,2952.20967032967,455,0.12300873626373626
70722981,1000,2660.690070921986,423,0.11086208628841608
70723015,630,3535.062393162393,234,0.2338004228282006
70723085,1250,6643.527397260274,292,0.2214509132420091
70723477,1000,1751.3565217391306,161,0.07297318840579711
70723791,1000,1190.4,2,0.049600000000000005
70724238,1000,3121.1750566893425,441,0.13004896069538927
70724384,1000,4708.57786407767,206,0.19619074433656958
70724876,400,2512.4774505494506,455,0.2617164010989011
70742141,1000,6373.371780219781,455,0.26555715750915754
70742146,1000,2503.9925925925927,162,0.10433302469135802
70742147,1000,4571.935,128,0.19049729166666668
70742530,1250,7065.452252252252,444,0.23551507507507508
70820383,1250,3709.83842364532,203,0.12366128078817733
70820810,1000,1119.9071428571428,84,0.04666279761904762
70820824,1000,2291.9297471264367,435,0.09549707279693487
70821300,1000,2376.787692307692,455,0.0990328205128205
70821368,800,498.8,2,0.025979166666666668
70821800,1000,1272.1599999999999,2,0.05300666666666666
70821948,1000,1307.5500000000002,2,0.05448125000000001
70821949,1000,2496.16,2,0.10400666666666666
70822377,1000,5358.070303030303,330,0.22325292929292928
70822432,1000,4180.266666666667,3,0.1741777777777778
70822679,1000,4717.7,3,0.19657083333333333
70822796,630,1587.8133333333333,15,0.10501410934744268
70823013,800,7393.881481481481,81,0.3850979938271605
70823286,1250,6135.872121212122,330,0.20452907070707071
70823403,2000,1618.4,2,0.033716666666666666
70823407,400,353.07169811320756,159,0.03677830188679245
70823409,1000,4241.811798561151,278,0.17674215827338127
70823413,1000,1532.6823529411765,85,0.06386176470588235
70823414,1000,2526.5315217391303,92,0.10527214673913043
70823453,1000,6723.583448275862,290,0.2801493103448276
70823638,1000,6471.539952941176,425,0.26964749803921567
70823643,1000,9114.176703296704,455,0.37975736263736265
70823681,630,2729.4666666666667,84,0.18052028218694885
70823741,630,1017.1733333333334,255,0.06727336860670194
70823771,1250,1686.4,2,0.05621333333333334
70823914,1000,546.4069565217392,23,0.022766956521739132
70823920,1000,2087.85,2,0.08699375
70841751,1000,817.5095172413794,145,0.03406289655172414
70842392,1250,1683.4101098901099,455,0.05611367032967033
70842579,1250,0.0,3,0.0
70873403,1000,1791.0758681318682,455,0.07462816117216117
70873574,1260,2685.8593406593404,455,0.08881809988952845
70921320,630,0.0,168,0.0
70921855,1250,3401.716923076923,455,0.11339056410256411
70921856,1250,3449.229010989011,455,0.11497430036630037
70921859,1000,3031.3333333333335,24,0.12630555555555556
70921866,1250,3158.3999999999996,2,0.10527999999999998
70921875,1000,4198.718877192982,285,0.17494661988304092
70921884,1600,4194.0,2,0.10921875
70921932,1000,1978.72,2,0.08244666666666667
70921936,1250,2278.8,2,0.07596
70922761,630,10018.36,24,0.6625899470899471
70922764,1250,3535.262241758242,455,0.11784207472527473
70923319,630,3354.025964912281,285,0.22182711408150005
70923705,630,2330.1358241758244,455,0.15410951218094077
70924046,1000,1629.2718644067795,118,0.06788632768361581
70924438,1000,2768.748034188034,234,0.11536450142450143
70924497,1000,5493.2412631578945,285,0.22888505263157893
70940213,630,2808.462975778547,289,0.18574490580545946
70940214,630,1819.546712802768,289,0.12034039105838414
70940347,400,3016.247472527473,455,0.3141924450549451
70940447,400,2562.6780419580423,286,0.2669456293706294
70941608,1000,3528.564705882353,289,0.1470235294117647
70941945,1000,1990.8058021978022,455,0.08295024175824176
70941984,1000,3722.1337062937064,286,0.15508890442890444
70941988,1000,4015.0121739130436,207,0.1672921739130435
70941990,1000,378.7262992125984,127,0.0157802624671916
70942023,1000,0.0,168,0.0
70942098,400,1775.3517362637363,455,0.18493247252747252
70942104,400,2177.974681318681,455,0.22687236263736263
70942163,630,185.9881318681319,455,0.012300802372230945
70942164,1250,770.5494505494505,455,0.025684981684981685
70942348,400,641.0381538461538,455,0.06677480769230769
70942465,1000,4492.354181818182,440,0.18718142424242426
70942549,1000,4600.286241758242,455,0.1916785934065934
71021903,630,2723.131428571429,98,0.18010128495842784
71021922,630,1899.3396551724138,232,0.12561770206166759
71021924,1000,2684.0,2,0.11183333333333334
71021927,630,2803.6800000000003,2,0.18542857142857144
71022356,1000,1168.3826373626373,455,0.04868260989010989
71022689,630,2541.1947252747254,455,0.16806843421129136
71023294,630,734.0861538461538,455,0.04855067155067155
71023397,630,1205.1,2,0.07970238095238094
71024441,1000,5270.79873015873,126,0.21961661375661376
71024817,250,328.40802197802196,455,0.054734670329670325
71030016,1000,4103.631627906977,86,0.1709846511627907
71030018,1000,1886.8543296703297,455,0.0786189304029304
71030056,250,1538.1462857142856,455,0.25635771428571424
71041199,400,1369.0797101449275,207,0.1426124698067633
71042013,1000,4665.595555555556,72,0.19439981481481483
71042340,1000,3758.485714285714,203,0.15660357142857143
71042760,1000,1976.5759999999998,455,0.08235733333333332
71330010,630,2563.621978021978,455,0.1695517181231467
71330011,630,2741.4211764705883,255,0.1813109243697479
71330015,400,2454.9892537313435,402,0.2557280472636816
71330017,400,1210.2084395604395,455,0.12606337912087912
71330020,250,1539.4933333333333,15,0.2565822222222222
71330041,1000,2029.3155164835166,455,0.0845548131868132
71330060,250,596.2315604395604,455,0.09937192673992674
71330061,250,1499.3985054945053,455,0.2498997509157509
71330062,160,1350.0236043956045,455,0.351568646978022
71330069,160,405.05333333333334,36,0.1054826388888889
71330070,100,239.86962637362635,455,0.09994567765567765
71330085,160,834.3854676258993,278,0.2172878821942446
71330087,160,983.8692715231789,453,0.2562159561258278
71330090,100,511.16385321100915,436,0.21298493883792047
71330107,400,944.7449670329671,455,0.09841093406593407
71330399,250,507.60896703296703,455,0.0846014945054945
71330462,400,968.4663529411765,255,0.10088191176470589
71330490,630,0.0,1,0.0
71330494,160,242.89490109890107,455,0.06325388049450549
71330505,160,253.73166666666665,324,0.0660759548611111
71330512,160,47.27301098901099,455,0.012310679945054945
71410002,630,1670.0057142857142,455,0.11045011337868481
71430006,400,1397.2701492537315,134,0.14554897388059704
71430010,1000,4139.985276073619,163,0.17249938650306748
71430011,1250,5301.719402985075,134,0.17672398009950252
71430012,630,1315.9916230366491,191,0.08703648300506939
71430013,1250,4974.462827225131,191,0.16581542757417103
71430015,100,214.68,1,0.08945
71430016,250,112.8054135338346,133,0.018800902255639098
71430017,400,430.5489230769231,455,0.044848846153846156
71430021,1250,5810.519371727749,191,0.19368397905759163
71430022,400,2504.75881773399,203,0.26091237684729063
71430024,250,699.4,28,0.11656666666666667
71430025,400,1158.6779104477612,134,0.12069561567164179
71430026,400,1448.0776331360946,169,0.1508414201183432
71430027,630,3955.6328358208957,134,0.2616159282950328
71430029,160,153.02567164179104,134,0.03985043532338308
71430030,250,1962.0280459770115,174,0.3270046743295019
71430031,250,1359.6772727272728,176,0.2266128787878788
71430032,160,1091.3207462686569,134,0.28419811100746273
71430033,400,3425.6774505494504,455,0.3568414010989011
71430034,160,690.9393103448276,174,0.17993211206896553
71430035,630,5954.751412429378,177,0.3938327653723134
71430036,400,1419.7968472906405,203,0.1478955049261084
71430037,1000,5326.629253731343,134,0.2219428855721393
71430038,400,1176.630447761194,134,0.12256567164179105
71430039,160,56.769253731343284,134,0.014783659825870647
71430040,160,95.87059701492537,134,0.02496630130597015
71430041,250,0.0,174,0.0
71430042,250,99.89074626865673,134,0.01664845771144279
71430043,400,1583.3735820895522,134,0.16493474813432835
71430044,250,529.1677611940298,134,0.08819462686567164
71430045,400,1126.8850746268656,134,0.1173838619402985
71430046,250,545.5625,168,0.09092708333333334
71430048,250,499.8495752895753,259,0.08330826254826254
71430049,160,391.42799999999994,180,0.10193437499999998
71430053,160,650.3229651162791,172,0.16935493883236435
71430054,160,440.2545112781955,133,0.11464961231203007
71430055,250,650.3008988764045,89,0.10838348314606742
71430056,250,753.3623880597015,134,0.12556039800995025
71430057,160,62.58617886178862,123,0.016298484078590785
71430058,250,967.2007032967033,455,0.1612001172161172
71430059,100,746.0167164179105,134,0.3108402985074627
71430060,160,337.9576119402985,134,0.0880097947761194
71430061,160,144.36194029850745,134,0.03759425528606965
71430062,160,351.15268656716415,134,0.09144601212686566
71430065,400,1371.9548507462687,134,0.14291196361940298
71430066,250,699.3258666666667,75,0.11655431111111111
71430067,250,729.5852760736196,163,0.12159754601226994
71430068,250,595.3265671641791,134,0.09922109452736318
71430069,160,265.84253731343284,134,0.06922982742537313
71430070,1000,1969.898057142857,175,0.08207908571428571
71430072,160,1132.3522388059703,134,0.29488339552238807
71430076,630,875.9793103448276,174,0.05793513957307061
71430077,160,76.95089552238807,134,0.020039295708955226
71430080,400,2406.209323308271,133,0.25064680451127824
71430081,160,476.022372881356,177,0.12396415960451979
71430082,250,976.1474626865671,134,0.1626912437810945
71430083,250,1605.2791304347825,92,0.2675465217391304
71430090,160,1064.0014925373134,134,0.27708372201492537
71430092,400,2386.9719402985074,134,0.24864291044776118
71430093,400,4655.998805970149,134,0.4849998756218905
71430096,400,0.0,229,0.0
71430100,400,859.9440000000001,20,0.0895775
71430101,400,825.9415909090909,176,0.08603558238636363
71430106,100,975.665671641791,134,0.4065273631840796
71430107,160,557.5669461077845,167,0.1451997255489022
71430108,250,236.28266666666667,165,0.03938044444444445
71430110,160,756.7013888888889,180,0.19705765335648148
71430111,160,294.667125,160,0.07673623046875
71430119,400,1744.799208791209,455,0.1817499175824176
71430121,250,218.75696202531645,158,0.03645949367088608
71430134,400,415.232347826087,115,0.043253369565217394
71430143,630,267.1074626865672,134,0.017665837479270318
71430157,630,4632.301775147929,169,0.3063691650230112
71430182,400,3495.9654545454546,132,0.3641630681818182
71430223,1000,6937.9811868131865,455,0.28908254945054945
71430232,160,586.3002985074627,134,0.15268236940298507
71430237,400,1775.5137313432836,134,0.18494934701492538
71430247,250,547.4692537313433,134,0.09124487562189056
71430283,250,642.7836090225564,133,0.1071306015037594
71430301,1000,3555.6075471698114,424,0.1481503144654088
71430302,1000,3456.579011764706,425,0.14402412549019608
71440050,160,581.2003703703704,135,0.15135426311728395
71440051,250,49.556319018404906,163,0.008259386503067484
71440052,160,164.43218390804597,174,0.04282088122605364
71440085,250,1379.6283428571428,175,0.22993805714285714
71440086,160,1207.6384810126583,158,0.3144891877637131
71440087,400,2171.9978313253014,166,0.22624977409638555
71440088,160,1148.280931263858,451,0.2990314925166297
71440089,250,851.3220264317181,454,0.14188700440528634
71440090,250,938.7016296296297,135,0.15645027160493827
71440112,160,616.7035555555556,135,0.16059988425925925
71440113,400,96.48177777777776,135,0.010050185185185185
71440114,250,491.5704433497537,203,0.08192840722495895
71440115,400,858.4915555555556,135,0.0894262037037037
71440227,250,645.1621052631579,38,0.10752701754385964
71440228,400,609.8141176470588,306,0.06352230392156862
71440229,400,1262.8186725663718,452,0.13154361172566373
71440235,160,715.9759701492537,134,0.1864520755597015
71440284,160,207.7728,175,0.054107499999999996
71440312,630,1999.214857142857,175,0.13222320483749053
71440327,630,3479.140707964602,452,0.23010189867490755
71440328,630,4359.7242352941175,425,0.2883415499533146
71440329,630,5612.097142857143,455,0.3711704459561602
71440330,630,3070.3281553398056,412,0.20306403143781782
71440331,630,4614.3924705882355,425,0.3051846872082166
71530003,630,4448.003053435114,131,0.294180096126661
71530004,400,1621.8035467980296,203,0.16893786945812808
71530005,630,4962.916666666667,72,0.32823522927689597
71530008,1000,8176.464122137405,131,0.34068600508905855
71530013,250,1375.381090909091,110,0.22923018181818183
71530024,1000,7275.568888888889,72,0.3031487037037037
71530026,250,2683.18375,128,0.4471972916666667
71530027,630,903.5032258064516,124,0.05975550435227855
71530046,250,647.184,80,0.107864
71530058,250,327.776,5,0.054629333333333335
71530059,400,1583.7101886792452,53,0.16496981132075472
71530065,250,581.3648322147651,149,0.09689413870246084
71530066,630,1457.4819277108434,83,0.09639430738828329
71530067,630,1759.0373333333332,75,0.11633844797178129
71530080,250,2670.7372151898735,79,0.44512286919831223
71530081,160,2005.504054054054,74,0.5222666807432432
71530085,160,21.953684210526315,19,0.005717105263157895
71530092,1000,2503.2332075471695,106,0.10430138364779873
71530094,100,614.1979746835443,79,0.2559158227848101
71530096,630,4486.4914285714285,455,0.29672562358276644
71530099,1000,4389.647567567567,74,0.182901981981982
71530101,250,433.00455696202533,79,0.07216742616033756
71530102,400,2124.348053097345,452,0.22128625553097345
71530103,630,3004.54,100,0.19871296296296295
71530104,630,3194.6061068702293,131,0.21128347267660247
71530107,400,2752.562448979592,98,0.28672525510204083
71530117,400,755.9499999999999,24,0.07874479166666666
71530119,630,3491.11,100,0.23089351851851853
71530120,630,2561.261224489796,49,0.1693955836302775
71530121,1250,2332.3630769230767,455,0.07774543589743589
71530122,250,49.07528205128205,195,0.008179213675213676
71530123,250,110.795,128,0.018465833333333334
71530124,1000,3720.740152671756,131,0.1550308396946565
71530125,250,153.08625,128,0.025514375000000002
71530130,1000,3621.7635164835165,455,0.15090681318681318
71530131,400,133.7387919463087,149,0.013931124161073824
71530132,400,629.0182677165354,127,0.06552273622047244
71530133,160,40.745196850393704,127,0.010610728346456693
71530134,400,0.0,103,0.0
71530138,400,385.65309890109893,455,0.04017219780219781
71530139,400,639.3072897196262,107,0.06659450934579439
71530140,400,2411.4594929577465,355,0.2511936971830986
71530143,400,2129.136354679803,203,0.2217850369458128
71530144,160,1103.4146341463415,82,0.28734756097560976
71530152,400,525.3892682926829,82,0.0547280487804878
71530155,400,1961.537142857143,455,0.20432678571428572
71530156,400,754.0834123222749,211,0.07855035545023696
71530160,400,2262.14,24,0.23563958333333332
71530161,400,799.612994923858,394,0.08329302030456853
71530162,250,0.0,449,0.0
71530180,160,825.15,132,0.2148828125
71530181,160,915.7045398773006,163,0.23846472392638035
71530187,160,277.8142541436464,181,0.07234746201657458
71530188,250,0.0,159,0.0
71530189,160,1018.694347826087,92,0.2652849864130435
71530190,400,1803.8139130434784,92,0.18789728260869565
71530191,400,1115.9909589041094,146,0.11624905821917807
71530193,400,948.8684444444444,135,0.09884046296296296
71530194,100,924.1075757575758,132,0.38504482323232325
71530195,160,580.46,3,0.15116145833333333
71530196,250,897.7264175824176,455,0.1496210695970696
71530199,400,237.085,48,0.024696354166666667
71530202,250,471.0799120879121,455,0.07851331868131868
71530207,250,627.1141463414634,82,0.10451902439024391
71530211,100,118.90727272727273,132,0.04954469696969697
71530212,100,145.28137931034482,203,0.060533908045977004
71530213,160,0.0,1,0.0
71530235,400,718.7585934065934,455,0.07487068681318682
71530247,100,602.5828571428572,77,0.2510761904761905
71530248,100,661.1887058823529,255,0.27549529411764706
71530250,400,345.49559999999997,200,0.035989125
71530253,100,577.02,2,0.240425
71530254,250,1001.6153846153846,455,0.16693589743589743
71530255,250,1252.16245398773,163,0.20869374233128835
71530257,160,759.4338916256157,203,0.19776924261083742
71530259,160,369.6866666666667,27,0.09627256944444446
71530265,160,727.2108571428571,105,0.18937782738095238
71530266,250,1286.3458585858587,99,0.21439097643097643
71530267,1000,2213.741142857143,105,0.0922392142857143
71530268,160,2363.675625,32,0.61554052734375
71530269,250,441.38024691358027,162,0.07356337448559672
71530271,100,290.592,105,0.12108
71530272,100,74.72753623188406,69,0.03113647342995169
71530274,250,258.06384615384616,104,0.043010641025641026
71530275,100,20.56153846153846,104,0.008567307692307692
71530276,100,388.79022222222227,90,0.16199592592592593
71530285,250,78.730625,128,0.013121770833333334
71530286,160,183.3178125,128,0.047739013671875004
71530309,250,196.79296,125,0.03279882666666666
71530310,160,250.87875,128,0.0653330078125
71530311,250,276.846,160,0.046141
71530312,250,0.0,128,0.0
71530313,250,413.6632727272727,110,0.06894387878787879
71530314,160,237.23250000000002,128,0.06177929687500001
71530318,400,532.2970247933885,242,0.0554476067493113
71530319,250,68.886,80,0.011481
71530320,400,220.68985074626866,134,0.022988526119402986
71530321,100,126.69766233766232,77,0.05279069264069263
71530322,250,605.7373134328359,134,0.10095621890547264
71530326,160,274.7768,75,0.07155645833333332
71530331,400,190.10373626373627,455,0.01980247252747253
71530335,400,800.4523076923077,117,0.08338044871794872
71530342,250,234.76504201680672,357,0.03912750700280112
71530344,160,131.8515789473684,57,0.034336348684210524
71530345,160,25.561034482758622,58,0.006656519396551724
71530346,160,197.4838901098901,455,0.05142809638278388
71530347,400,567.319912087912,455,0.05909582417582417
71530351,160,35.916,20,0.009353124999999999
71530358,100,160.9984476534296,277,0.06708268652226233
71530359,100,175.04333333333332,285,0.07293472222222222
71530360,160,226.48629032258063,372,0.05898080477150537
71530366,40,137.66577181208052,447,0.14340184563758387
71530381,400,2899.6264864864866,74,0.3020444256756757
71530382,250,2703.8670270270272,74,0.45064450450450455
71530383,250,1140.37,152,0.19006166666666666
71530384,250,399.18764705882353,102,0.06653127450980392
71530387,160,417.15609375,128,0.10863439941406251
71530390,400,333.3,2,0.03471875
71530391,400,465.64500000000004,104,0.048504687500000004
71530397,250,312.5330769230769,104,0.05208884615384615
71530398,100,667.0261386138613,101,0.27792755775577555
71530423,250,968.475154185022,454,0.16141252569750367
71530428,400,956.7922147651008,149,0.09966585570469799
71530429,400,1557.1065494505494,455,0.1621985989010989
71530440,250,1534.1731645569619,79,0.2556955274261603
71530442,400,1128.603076923077,78,0.11756282051282052
71530447,400,1385.0094065934068,455,0.1442718131868132
71530448,400,1954.7245714285716,455,0.20361714285714289
71530469,160,953.7989041095891,73,0.24838513127853884
71530471,100,234.32,2,0.09763333333333334
71530473,160,498.5102479338843,242,0.12982037706611568
71530474,160,342.51557142857143,140,0.08919676339285715
71530475,100,1176.1441095890411,73,0.4900600456621005
71530476,400,214.35872611464967,157,0.022329033970276007
71530477,250,1552.2991304347827,161,0.25871652173913046
71530483,40,37.78225806451613,124,0.0393565188172043
71530484,100,18.263694267515923,157,0.007609872611464968
71530485,160,70.40218181818182,165,0.018333901515151515
71530486,100,17.836024844720498,161,0.007431677018633541
71530489,250,1088.9568,75,0.18149279999999998
71530490,250,771.2648951048951,429,0.1285441491841492
71530494,250,944.0773626373626,455,0.15734622710622712
71530505,400,1019.2991999999999,50,0.106177
71530506,400,956.3592967032966,455,0.09962076007326007
71530508,160,120.81519999999999,75,0.03146229166666666
71530512,400,3682.7638834951454,103,0.38362123786407765
71530515,250,659.8336,50,0.10997226666666668
71530516,400,76.57514563106795,103,0.007976577669902911
71530521,400,362.16,2,0.037725
71530523,250,553.9754146341463,205,0.09232923577235772
71530526,250,440.84875,40,0.07347479166666666
71530533,160,291.8931543624161,149,0.0760138422818792
71530536,40,20.92,2,0.021791666666666668
71530546,160,389.1365217391304,23,0.1013376358695652
71530550,160,569.7906976744187,86,0.14838299418604653
71530551,63,179.97063736263735,455,0.11902819931391359
71530554,160,1206.905974025974,77,0.3142984307359307
71530583,250,815.6371014492754,138,0.13593951690821257
71530586,250,636.9477966101695,118,0.10615796610169491
71530589,400,3276.6133333333332,78,0.34131388888888886
71530630,250,892.3085714285714,70,0.14871809523809523
71530633,250,974.5821052631579,76,0.16243035087719299
71530642,400,1361.9850583657587,257,0.14187344357976653
71530644,400,910.1825165562914,151,0.09481067880794702
71530651,400,2395.9615384615386,78,0.24957932692307694
71530652,160,671.7978947368421,19,0.17494736842105263
71530669,400,2897.9,48,0.3018645833333333
71530670,250,942.6348717948719,78,0.15710581196581197
71530675,160,946.1883116883117,77,0.24640320616883118
71530676,250,1223.1106493506495,77,0.20385177489177492
71530677,400,1739.6318918918919,74,0.1812116554054054
71530698,160,209.02285714285713,35,0.05443303571428571
71530699,160,140.4,107,0.036562500000000005
71530700,100,297.7779710144928,138,0.12407415458937199
71530701,250,1354.5020289855072,138,0.2257503381642512
71530703,400,1329.9214598540145,137,0.13853348540145985
71530715,250,507.96000000000004,2,0.08466
71530743,100,439.9276923076923,78,0.18330320512820514
71530746,250,213.02692307692308,104,0.03550448717948718
71530749,250,1304.7887472527473,455,0.21746479120879122
71530750,250,250.2488188976378,127,0.04170813648293963
71530751,250,329.7078571428571,112,0.05495130952380952
71530753,250,555.8538461538462,104,0.0926423076923077
71530769,250,1060.9010196078432,255,0.1768168366013072
71530770,400,857.1130434782608,92,0.08928260869565217
71530775,400,1434.1092857142855,112,0.1493863839285714
71530780,250,902.5307142857143,112,0.15042178571428572
71530783,160,686.6314537444933,454,0.17881027441262848
71530792,400,678.2305418719211,203,0.07064901477832511
71530794,250,1066.0117073170732,41,0.17766861788617885
71530836,250,1345.0207228915663,166,0.22417012048192772
71530837,250,897.2,2,0.14953333333333335
71530838,160,1252.5752,75,0.32619145833333335
71530881,400,926.2222417582417,455,0.09648148351648352
71530895,160,956.9953846153846,104,0.2492175480769231
71530898,250,309.90912,125,0.05165151999999999
71530899,400,691.5570443349753,203,0.0720371921182266
71530900,400,1044.780779220779,77,0.10883133116883116
71530901,400,474.24734693877554,147,0.04940076530612245
71530902,400,196.27776,125,0.0204456
71530903,630,1442.8608000000002,125,0.0954273015873016
71530906,250,137.49543307086614,127,0.022915905511811024
71530915,400,2175.7253201970443,203,0.22663805418719213
71530916,250,0.0,152,0.0
71530917,250,643.7583673469388,49,0.10729306122448981
71530918,250,339.4024778761062,113,0.056567079646017704
71530919,160,760.1504347826086,23,0.19795584239130432
71530920,250,1631.6440579710145,138,0.27194067632850244
71530923,400,163.7514,200,0.017057437499999998
71530953,250,395.2129577464789,142,0.06586882629107982
71530955,160,101.78241379310344,174,0.026505836925287355
71530964,250,708.0799999999999,2,0.11801333333333332
71530965,250,1869.768,110,0.311628
71530968,160,973.2771428571428,133,0.25345758928571427
71530969,400,1468.1801503759398,133,0.15293543233082707
71530981,400,0.0,75,0.0
71530999,400,629.8976703296703,455,0.06561434065934066
71531008,400,42.27211764705883,340,0.004403345588235294
71531012,250,127.67999999999999,128,0.02128
71531013,100,82.85696969696968,66,0.034523737373737366
71531020,400,610.7076000000001,100,0.063615375
71531021,400,449.69836363636364,440,0.046843579545454546
71531022,160,105.22826373626374,455,0.02740319368131868
71531025,400,1212.144827586207,203,0.12626508620689655
71531027,250,208.42000000000002,26,0.03473666666666667
71531032,630,1373.388888888889,36,0.09083259847148736
71531033,400,523.7033333333334,36,0.05455243055555556
71531034,250,32.157818181818186,110,0.005359636363636364
71531036,250,566.3547826086957,69,0.09439246376811596
71531037,250,312.5296296296296,108,0.052088271604938265
71531039,400,221.1025,48,0.023031510416666665
71531043,250,634.6757281553398,103,0.10577928802588997
71531044,630,1257.4147239263805,163,0.08316234946603046
71531045,400,2493.886380368098,163,0.25977983128834353
71531052,400,792.8821374045801,131,0.0825918893129771
71531053,250,374.8892517006803,147,0.06248154195011338
71531054,400,481.1209090909091,132,0.05011676136363637
71531056,160,599.2263636363637,132,0.1560485321969697
71531057,160,38.06897959183674,147,0.009913796768707484
71531067,160,413.48376811594204,414,0.10767806461352657
71531073,160,75.99151648351648,455,0.019789457417582416
71531074,400,654.1835294117647,255,0.06814411764705881
71531080,400,736.2042197802198,455,0.07668793956043957
71531081,400,1714.60832,375,0.17860503333333333
71531125,400,672.936,455,0.07009750000000001
71531127,250,517.8261098901099,455,0.08630435164835165
71531136,400,829.6852747252747,455,0.08642554945054945
71531143,250,353.1573333333333,255,0.058859555555555554
71531144,250,905.4770989010989,455,0.15091284981684983
71531145,250,377.8827252747253,455,0.06298045421245423
71531148,160,416.1461538461538,455,0.10837139423076922
71531157,250,636.4128634361233,454,0.10606881057268722
71531158,160,208.34268131868131,455,0.054255906593406594
71531159,160,277.62514285714286,455,0.07229821428571429
71531161,250,153.47463736263737,455,0.025579106227106227
71531162,160,49.733274725274725,455,0.012951373626373627
71531182,400,969.9286153846155,455,0.10103423076923078
71540001,1000,6132.36389380531,113,0.2555151622418879
71540002,1000,5615.312,60,0.23397133333333334
71540006,630,3737.7852242744066,379,0.24720801747846605
71540007,1000,6030.632061068703,131,0.25127633587786263
71540009,1000,4290.254769230769,455,0.17876061538461538
71540011,630,2690.9055555555556,72,0.17796994415049971
71540012,1000,2166.170746268657,201,0.0902571144278607
71540014,630,3692.78,130,0.2442314814814815
71540016,630,1553.009022556391,133,0.10271223694156026
71540017,1250,5510.21855670103,97,0.18367395189003433
71540018,400,980.4277894736842,95,0.10212789473684211
71540019,400,4349.1492,100,0.453036375
71540020,400,2567.5378082191783,438,0.2674518550228311
71540021,250,0.0,1,0.0
71540022,1250,5029.483743842365,203,0.16764945812807883
71540028,1000,1663.4562406015036,133,0.06931067669172931
71540029,400,836.9534693877551,98,0.0871826530612245
71540030,400,436.06410958904104,438,0.045423344748858445
71540031,1000,1190.2275,128,0.0495928125
71540033,400,1842.5221782178216,202,0.19192939356435643
71540036,630,2755.9459340659337,455,0.18227155648584217
71540037,400,1831.5270229007633,131,0.19078406488549618
71540039,1250,3682.5679389312977,131,0.12275226463104326
71540041,400,399.79918367346943,147,0.04164574829931973
71540042,630,0.0,130,0.0
71540043,400,4483.594285714285,21,0.4670410714285714
71540044,250,797.9987786259542,131,0.13299979643765902
71540045,250,281.6,2,0.046933333333333334
71540047,1000,1480.6664661654136,133,0.06169443609022557
71540048,630,1589.4255639097744,133,0.10512073835382106
71540049,1000,1976.0962406015037,133,0.08233734335839599
71540051,630,2692.6666666666665,108,0.17808641975308642
71540052,400,861.036992481203,133,0.08969135338345864
71540053,400,775.8126829268293,123,0.0808138211382114
71540054,630,3274.0851485148514,202,0.21654002304992404
71540055,630,3554.797802197802,91,0.23510567474853186
71540056,630,4038.127032967033,455,0.2670718937147509
71540083,400,2449.3190839694657,131,0.25513740458015266
71540088,1000,2477.6019277108435,83,0.10323341365461848
71540089,400,3826.138802660754,451,0.3985561252771619
71540090,400,1690.8297142857143,105,0.17612809523809525
71540093,630,2339.3846153846152,91,0.1547212047212047
71540094,630,4354.933181818182,440,0.28802468133718134
71540095,1000,2876.1380821917805,146,0.11983908675799086
71540100,400,3585.8846511627908,86,0.3735296511627907
71540105,1250,9298.295081967213,61,0.3099431693989071
71540108,1000,1590.5389898989897,99,0.06627245791245791
71540109,630,3085.2030534351143,131,0.20404782099438587
71540110,400,239.62560000000002,100,0.024961
71540111,400,782.3302127659574,141,0.08149273049645389
71540112,400,2072.7812807881774,203,0.21591471674876847
71540114,400,1072.4309677419355,93,0.11171155913978495
71540115,400,2214.1703816793893,131,0.23064274809160304
71540118,1000,3568.3803773584905,159,0.14868251572327043
71540123,1000,4610.036395604396,455,0.1920848498168498
71540127,1000,349.0944,100,0.0145456
71540131,630,2548.402985074627,134,0.1685451709705441
71540132,630,2163.9822660098525,203,0.14312052023874686
71540133,630,2858.9103448275864,203,0.18908137201240652
71540134,1000,4612.369458128079,203,0.19218206075533661
71540135,1250,1624.0673469387755,196,0.05413557823129252
71540136,400,2902.7469890109887,455,0.302369478021978
71540138,400,2029.503,160,0.2114065625
71540139,630,1824.704761904762,42,0.12068153187200807
71540141,630,2412.6059405940596,202,0.15956388495992457
71540145,250,1226.330909090909,22,0.20438848484848485
71540146,400,1504.5705600000001,125,0.1567261
71540147,630,3011.6839694656487,131,0.19918544771598207
71540149,630,3993.114942528736,87,0.26409490360639787
71540150,630,1618.4967741935484,155,0.10704343744666325
71540152,630,1133.0175824175824,91,0.07493502529216815
71540153,630,959.8600985221675,203,0.0634828107488206
71540157,630,2005.3542857142859,105,0.1326292517006803
71540158,630,2598.3130434782606,92,0.17184610075914422
71540159,630,2390.5795918367344,49,0.15810711586221787
71540164,400,1027.8230541871922,203,0.10706490147783251
71540167,630,2032.5734939759036,83,0.1344294638872952
71540217,160,857.2538181818181,110,0.2232431818181818
71540243,400,341.7465494505494,455,0.0355985989010989
71540244,400,455.0145812807882,203,0.04739735221674877
71540245,630,3153.0256157635467,203,0.20853344019600176
71540248,400,935.7209852216748,203,0.09747093596059113
71540249,250,1998.7162264150945,106,0.33311937106918244
71540251,400,344.2890566037736,106,0.035863443396226415
71540253,400,1392.3662337662338,77,0.14503814935064935
71540254,250,1373.5954521963822,387,0.2289325753660637
71540267,250,279.11420289855073,69,0.04651903381642512
71540268,400,577.245,48,0.0601296875
71540271,160,280.1329064039409,203,0.07295127770935962
71540301,250,565.7781280788178,203,0.09429635467980296
71540307,400,1531.4169458128079,203,0.1595225985221675
71540404,400,570.9734505494506,455,0.05947640109890111
71540405,400,167.44747252747254,455,0.017442445054945056
71540406,250,364.586021978022,455,0.060764336996337
71540407,250,235.54936263736266,455,0.03925822710622711
71540408,250,288.94448979591834,294,0.04815741496598639
71540409,250,422.87771428571426,455,0.07047961904761904
71540410,250,298.56632967032965,455,0.04976105494505494
71540411,400,517.5257142857143,455,0.05390892857142858
71540412,1250,7068.96371681416,452,0.23563212389380533
71540416,1000,3623.656087912088,455,0.15098567032967034
71630011,1000,404.6,2,0.016858333333333333
71630014,400,2650.8735824175824,455,0.27613266483516485
71630015,400,4246.157560975609,82,0.44230807926829263
71630018,400,2145.835596330275,109,0.22352454128440366
71630019,1000,4036.6531764705883,85,0.16819388235294117
71630020,400,2992.9179310344825,116,0.3117622844827586
71630021,400,1215.1068235294117,255,0.12657362745098039
71630026,400,1271.6228571428571,77,0.1324607142857143
71630027,400,4682.278461538461,78,0.4877373397435897
71630035,630,2056.971704180064,311,0.1360431021283111
71630036,400,2989.283414634146,82,0.31138368902439023
71630040,630,0.0,2,0.0
71630041,250,1106.2271186440678,118,0.18437118644067796
71630044,400,1008.78,2,0.10508125
71630045,630,2635.2742857142857,455,0.17429062736205594
71630050,400,2657.323928571429,112,0.2768045758928572
71630051,400,1303.7443902439024,82,0.13580670731707317
71630055,400,1165.776791208791,455,0.12143508241758241
71630056,400,1947.1974803149606,254,0.20283307086614172
71630057,400,2246.990847457627,118,0.23406154661016945
71630058,63,153.80684684684687,111,0.10172410505743841
71630061,400,3803.1468292682925,82,0.39616112804878045
71630062,400,470.5129411764706,85,0.04901176470588235
71630066,400,1020.0749010989011,455,0.1062578021978022
71630067,400,737.8854545454545,110,0.07686306818181818
71630068,400,1368.2236363636364,110,0.14252329545454545
71630069,1000,8162.607824175824,455,0.3401086593406593
71630071,400,1033.064140969163,454,0.10761084801762114
71630072,250,2694.7853744493395,454,0.44913089574155657
71630076,250,389.39294117647063,85,0.06489882352941177
71630078,630,1554.7547252747254,455,0.10282769347055062
71630080,400,1296.9619672131146,122,0.13510020491803276
71630082,630,2590.784175824176,455,0.17134815977673123
71630083,400,1693.820487804878,41,0.17643963414634145
71630084,400,1174.162105263158,114,0.12230855263157897
71630086,400,2039.0192307692307,104,0.21239783653846153
71630087,400,1578.1615384615384,104,0.1643918269230769
71630089,160,1761.8642608695654,115,0.4588188179347827
71630092,400,1902.3250331125828,453,0.19815885761589405
71630093,250,855.0332142857143,112,0.1425055357142857
71630094,400,3700.573978021978,455,0.38547645604395603
71630105,400,2439.6456637168144,113,0.2541297566371682
71630107,400,255.54000000000002,2,0.026618750000000004
71630108,400,0.0,131,0.0
71630109,250,369.56,2,0.06159333333333333
71630110,250,0.0,126,0.0
71630111,250,886.8518399999999,125,0.14780864
71630112,400,1128.0,2,0.1175
71630113,400,612.9482926829268,451,0.06384878048780487
71630115,400,698.1151648351649,455,0.07272032967032968
71630116,400,161.28,2,0.0168
71630117,1000,2980.7450847457626,118,0.12419771186440677
71630119,400,1554.3094736842106,114,0.16190723684210528
71630120,400,2397.5500952380953,315,0.24974480158730158
71630121,630,5383.980869565217,207,0.3560833908442604
71630123,630,1924.1252032520324,123,0.12725695788703917
71630124,630,1785.8905494505493,455,0.11811445432874003
71630125,400,2328.1785507246377,345,0.24251859903381642
71630126,400,718.2159819413092,443,0.07481416478555304
71630128,400,1154.7518644067798,118,0.12028665254237289
71630130,630,2467.8654867256637,113,0.16321861684693542
71630131,400,3345.435254237288,118,0.3484828389830508
71630136,1000,7200.045268292683,205,0.3000018861788618
71630138,250,2021.201230769231,455,0.33686687179487185
71630139,160,134.80457142857142,455,0.03510535714285714
71630140,400,5589.223648351648,455,0.5822107967032967
71630142,630,1733.4571428571428,21,0.11464663643235072
71630145,400,1739.0485714285712,84,0.18115089285714284
71630152,400,3556.8928571428573,84,0.37050967261904766
71630154,250,84.52360784313726,255,0.01408726797385621
71630157,400,2109.9106813186813,455,0.21978236263736264
71630158,1000,3057.557098901099,455,0.12739821245421246
71630251,100,931.9857142857143,126,0.38832738095238095
71630257,160,1273.62115942029,207,0.3316721769323672
71630258,160,1406.4575388026608,451,0.3662649840631929
71630259,100,646.2654627539503,443,0.26927727614747926
71630260,400,6148.508108108108,111,0.6404695945945946
71630261,40,126.99,2,0.13228125
71630262,400,1267.595357142857,112,0.13204118303571427
71630263,400,0.0,111,0.0
71630264,160,1340.5757142857144,112,0.34910825892857145
71630265,160,1469.2722891566264,249,0.3826229919678715
71630266,100,0.0,111,0.0
71640012,400,2569.71,92,0.267678125
71640016,400,959.8384000000001,75,0.09998316666666668
71640017,400,3508.552,75,0.36547416666666666
71640018,400,2075.717922077922,77,0.2162206168831169
71640019,250,1313.98,42,0.21899666666666667
71640020,400,1141.2790243902439,82,0.11888323170731707
71640021,400,691.161038961039,77,0.07199594155844156
71640026,400,2377.35872,250,0.24764153333333336
71640028,250,651.9952941176471,85,0.10866588235294118
71640029,160,831.7218320610687,131,0.21659422709923662
71640030,50,355.73420289855073,69,0.2964451690821256
71640031,100,177.14,2,0.07380833333333332
71640034,160,110.43894505494505,455,0.02876014194139194
71640047,50,106.45485714285714,455,0.08871238095238095
71640048,100,0.0,111,0.0
71640050,400,738.0584615384615,65,0.07688108974358975
71640051,160,1221.2108108108107,111,0.3180236486486486
71640052,160,879.76,2,0.22910416666666666
71640053,50,52.79,2,0.043991666666666665
71640054,160,627.2472527472528,91,0.16334563873626376
71640055,160,716.8708333333334,84,0.18668511284722225
71640056,160,946.5638888888889,54,0.24650101273148148
71640057,250,1068.0007207207207,111,0.17800012012012012
71640058,250,440.87428571428575,84,0.07347904761904762
71640059,250,468.5687912087912,455,0.07809479853479853
71640060,250,585.4610989010989,91,0.09757684981684982
71640061,160,352.6419847328244,131,0.0918338501908397
71640062,250,1185.7184732824428,131,0.1976197455470738
71640070,50,107.27231231231231,333,0.08939359359359358
71640071,250,674.2846511627906,301,0.11238077519379844
71640072,63,470.745,40,0.3113392857142857
71640073,100,58.050000000000004,2,0.0241875
71640081,50,73.44,3,0.0612
71640086,100,250.1037837837838,222,0.10420990990990991
71640087,100,217.99373913043476,345,0.09083072463768115
71640088,50,112.13510204081632,98,0.09344591836734693
71640093,100,435.24617647058824,136,0.18135257352941175
71640114,100,620.69375,40,0.25862239583333335
71640120,400,3177.186197802198,455,0.3309568956043956
71640121,160,919.6658823529411,255,0.23949632352941175
71640122,160,429.0261098901099,455,0.11172554945054945
71640132,400,473.4738461538461,104,0.04932019230769231
71640134,250,0.0,82,0.0
71640135,400,894.0171428571429,112,0.09312678571428572
71640136,400,1774.4338211382112,246,0.18483685636856367
71640142,160,199.7192307692308,91,0.052010216346153854
71640157,160,187.45591549295776,142,0.04881664465962442
71640158,50,0.26687500000000003,128,0.00022239583333333337
71640709,250,737.5068131868131,455,0.12291780219780218
71640719,100,0.0,105,0.0
71640747,250,184.92807692307693,104,0.030821346153846154
71640748,160,225.75285714285715,112,0.05878980654761905
71640749,160,108.08192307692308,104,0.028146334134615383
71640750,250,346.1046153846154,104,0.057684102564102564
71640751,250,415.13692307692304,104,0.06918948717948717
71640840,630,737.7349450549451,455,0.048791993720565155
71740007,250,648.4541538461539,455,0.10807569230769232
71740008,1250,1728.6000000000001,2,0.057620000000000005
71740013,400,365.4563855421687,83,0.038068373493975904
71740017,400,2093.1916363636365,110,0.21804079545454547
71740018,400,1149.6327272727272,33,0.11975340909090908
71740025,630,2606.3185628742517,167,0.17237556632766216
71740026,250,558.78,2,0.09312999999999999
71740036,1000,5198.141234567901,162,0.21658921810699588
71740039,1250,78.69655172413793,174,0.002623218390804598
71740040,630,3085.1190476190477,84,0.2040422650541698
71740042,1000,7481.2774803149605,127,0.31171989501312336
71740043,400,1216.9542857142858,84,0.12676607142857144
71740044,630,1578.08,2,0.10437037037037036
71740052,250,1899.7124825986077,431,0.31661874709976795
71740053,630,3019.181981981982,111,0.19968134801468135
71740054,250,2049.36,455,0.34156000000000003
71740056,1000,991.38,2,0.0413075
71740057,630,2032.7851851851854,162,0.1344434646286498
71740058,250,810.873142857143,455,0.13514552380952383
71740061,630,2561.098795180723,83,0.169384840951106
71740062,400,1223.810509383378,373,0.12748026139410187
71740063,400,1101.0075,112,0.11468828125
71740064,400,1796.9367857142859,112,0.18718091517857144
71740065,400,2378.6123711340206,291,0.24777212199312715
71740068,630,0.0,118,0.0
71740069,630,3833.0696428571428,112,0.2535098970143613
71740070,630,2323.0,84,0.15363756613756613
71740071,630,2358.8666666666663,84,0.1560097001763668
71740072,630,2438.9035714285715,112,0.1613031462585034
71740073,630,3132.8192307692307,104,0.20719703907203907
71740077,1000,2761.8,2,0.11507500000000001
71740079,630,4538.388888888889,162,0.3001579952968842
71740080,630,2814.1890909090907,110,0.1861236171236171
71740081,630,1602.0755905511812,127,0.10595738032745908
71740082,630,5756.593798449612,129,0.3807271030720643
71740083,630,1711.5944444444444,72,0.11320069077013521
71740085,630,0.0,168,0.0
71740087,630,4045.856157635468,203,0.267583079208695
71740088,400,1189.3041379310346,174,0.12388584770114944
71740089,630,2119.3636363636365,33,0.14016955266955267
71740090,400,4688.061395348837,129,0.48833972868217057
71740092,1250,8067.263296703296,455,0.26890877655677653
71740093,1000,2188.9960701754385,285,0.09120816959064328
71740094,1000,1860.4342857142858,84,0.07751809523809525
71740098,400,2870.395275590551,127,0.29899950787401575
71740167,250,1198.5537007874016,127,0.1997589501312336
71740168,250,2032.163779527559,127,0.33869396325459317
71740184,160,530.6509090909091,33,0.1381903409090909
71740201,400,1325.8994594594594,37,0.13811452702702703
71740202,400,3532.7816666666663,96,0.36799809027777775
71740203,250,667.785625,128,0.11129760416666666
71740204,400,0.12,119,1.2499999999999999e-05
71740207,400,1134.857142857143,56,0.11821428571428572
71740208,400,885.3253125,128,0.09222138671875
71740211,400,0.0,128,0.0
71740213,400,1857.3796875,128,0.19347705078125
71740214,400,0.0,168,0.0
71740215,630,3731.18021978022,91,0.24677117855689285
71740216,400,963.6159375,128,0.10037666015624999
71740217,160,1076.7494736842104,95,0.2804035087719298
71740223,400,17264.2032,25,1.7983545
71740225,160,567.1272727272727,33,0.14768939393939393
71740226,250,761.660606060606,33,0.12694343434343433
71740227,250,1292.5190329670331,455,0.21541983882783886
71740228,250,1009.8777639751553,161,0.16831296066252588
71740231,160,666.06,2,0.17345312499999999
71740232,160,401.4454545454546,33,0.10454308712121213
71740233,160,708.912,5,0.1846125
71740234,160,215.92000000000002,2,0.05622916666666667
71740235,160,409.7819277108434,83,0.10671404367469879
71740236,250,1626.7442424242424,33,0.2711240404040404
71740299,1000,1509.35,80,0.06288958333333333
71740318,100,866.8003738317757,107,0.36116682242990655
71740319,250,651.954,160,0.10865899999999999
71740327,250,1400.4643902439025,82,0.23341073170731708
71740338,160,1626.8597560975609,82,0.42366139481707316
71740343,160,606.9300000000001,82,0.1580546875
71740345,250,1668.5042857142855,84,0.2780840476190476
71740346,400,1404.5874074074075,162,0.14631118827160494
71740352,100,0.0,55,0.0
71740353,160,651.964,50,0.16978229166666667
71740358,250,2047.1277108433735,83,0.34118795180722894
71740362,250,565.0133333333333,3,0.09416888888888889
71740363,400,3498.613012048193,83,0.36443885542168675
71740364,250,962.7738364779875,159,0.16046230607966458
71740366,400,1652.449156626506,83,0.17213012048192772
71740371,250,828.7901538461538,195,0.1381316923076923
71740438,160,462.0067073170732,82,0.12031424669715449
71740442,100,221.67878787878786,33,0.09236616161616161
71740444,80,82.54682926829268,82,0.04299314024390244
71740445,100,40.5453164556962,79,0.016893881856540085
71740446,160,598.24,33,0.15579166666666666
71740449,250,2502.0823300970874,103,0.4170137216828479
71740450,160,466.5342,50,0.12149328125
71740456,400,1616.4436363636364,33,0.16837954545454545
71740457,400,1126.1657142857143,112,0.11730892857142858
71740458,630,3609.7778337531486,397,0.23874192022176907
71740459,630,2757.5367088607595,79,0.18237676645904494
71740466,250,2266.2119008264463,121,0.37770198347107437
71740469,250,750.1098305084746,118,0.12501830508474576
71740471,160,0.0,129,0.0
71740475,630,1532.1714285714286,84,0.10133408919123205
71740476,630,2163.092857142857,84,0.1430616969009826
71740535,630,3561.8368794326243,423,0.23557122218469737
71740563,400,2366.9562197802197,455,0.24655793956043956
71740577,630,2779.68820754717,424,0.1838418126684636
71740578,400,2692.9572705882356,425,0.2805163823529412
71740579,400,2859.3294065934065,455,0.29784681318681316
71740580,630,3354.6070761670762,407,0.22186554736554737
71740583,630,0.0059259259259259265,135,3.919263178522438e-07
71740611,630,1843.2430769230768,455,0.1219076109076109
71740612,1000,1688.948705882353,425,0.07037286274509803
71740732,1000,1503.3853186813185,455,0.06264105494505494
71740733,1000,1258.3961318681318,455,0.05243317216117216
71750008,160,262.7908823529412,51,0.0684351256127451
71750032,250,0.0,129,0.0
71830002,1000,5931.362406015037,266,0.24714010025062655
71830012,400,3241.2672,100,0.337632
71830013,400,663.4908235294117,85,0.06911362745098039
71830089,400,2880.477098901099,455,0.3000496978021978
71830093,400,636.2663414634146,82,0.06627774390243903
71830100,400,2104.819252747253,455,0.21925200549450552
71830105,630,2677.056338028169,71,0.17705399061032864
71830112,400,0.0,4,0.0
71830113,400,3819.2992070484584,454,0.39784366740088106
71830116,250,521.7137777777778,180,0.08695229629629629
71830119,250,1228.9163956043956,455,0.20481939926739925
71830126,1000,5463.546268656717,201,0.22764776119402988
71830140,1000,5501.746637362638,455,0.22923944322344322
71830145,630,2807.03184079602,201,0.1856502540209008
71830158,630,1444.3,4,0.09552248677248677
71830163,400,618.92140969163,454,0.06447098017621146
71830166,1000,1664.48,2,0.06935333333333334
71830179,400,762.5083076923078,455,0.07942794871794873
71830193,400,1370.1823296703296,455,0.14272732600732602
71830200,1000,887.6505494505494,455,0.03698543956043956
71830201,1000,4309.963737024222,289,0.17958182237600923
71830208,400,290.64,1,0.030275
71830209,400,301.56,1,0.0314125
71830217,400,674.7492537313433,201,0.07028638059701492
71830224,1000,4577.954461538461,455,0.19074810256410255
71830226,400,3903.6070588235298,17,0.40662573529411766
71830229,250,491.2444444444444,72,0.08187407407407407
71830244,630,1430.4361111111111,72,0.09460556290417402
71830245,1250,2306.62945054945,455,0.07688764835164834
71830251,400,434.712,75,0.045282499999999996
71830252,400,1727.2377464788733,71,0.1799205985915493
71830253,400,0.0,41,0.0
71830254,630,3604.0496703296703,455,0.238363073434502
71830257,400,909.8271648351648,455,0.094773663003663
71830266,400,1247.9492307692308,104,0.12999471153846154
71830270,400,0.034782608695652174,46,3.6231884057971017e-06
71830278,1000,1460.5554372623574,263,0.060856476552598224
71830288,1000,2169.92,2,0.09041333333333333
71830291,630,4131.458536585365,41,0.2732446122080268
71830293,1000,1845.931707317073,41,0.07691382113821138
71830298,1250,4646.307692307692,455,0.15487692307692308
71830300,1000,3219.1165217391303,69,0.13412985507246378
71830310,630,1946.2736842105262,19,0.12872180451127818
71830319,400,2691.430588235294,119,0.2803573529411765
71830325,400,2070.284043956044,455,0.21565458791208794
71830326,400,325.7176470588235,255,0.03392892156862745
71830329,630,1779.0876712328766,146,0.1176645285206929
71830330,160,285.5282142857143,168,0.07435630580357143
71830331,400,273.24,2,0.0284625
71830335,630,2122.0997762863535,447,0.140350514304653
71830336,400,2566.0204048582996,247,0.2672937921727395
71830346,400,1035.3803076923077,455,0.1078521153846154
71830357,100,197.66923076923078,39,0.08236217948717948
71830360,250,345.73199999999997,60,0.05762199999999999
71830376,1600,13221.272967032968,455,0.34430398351648356
71830377,1000,2376.64,2,0.09902666666666667
71830379,1000,2665.2210945273628,201,0.11105087893864012
71830392,1000,1311.953830845771,201,0.05466474295190713
71830393,1000,6697.200692041522,289,0.2790500288350634
71830406,400,3023.807529411765,85,0.31497995098039216
71830424,1000,1585.28,2,0.06605333333333334
71830426,1600,10051.184175824175,455,0.2617495879120879
71830427,1000,1840.16,2,0.07667333333333334
71830430,1000,1913.76,2,0.07974
71830433,630,2423.9476923076923,455,0.16031400081400082
71830434,400,694.0799999999999,2,0.07229999999999999
71830438,1000,8672.666021978022,455,0.36136108424908425
71830490,630,2920.8942857142856,70,0.19318083900226757
71830512,400,2972.056,70,0.3095891666666667
71830513,400,2169.2325274725276,455,0.22596172161172162
71830524,250,456.30255924170615,422,0.07605042654028436
71830526,250,325.5466666666666,255,0.05425777777777777
71830581,630,1074.6999999999998,2,0.07107804232804231
71830603,630,1898.5590361445784,415,0.12556607381908588
71830608,250,1225.9212598425197,381,0.20432020997375328
71840011,250,1165.9017699115043,452,0.1943169616519174
71840183,250,1349.7414414414413,444,0.2249569069069069
71840184,250,1782.5251235955056,445,0.2970875205992509
71930003,160,0.0,115,0.0
71930004,160,445.7984251968504,127,0.11609333989501312
71930005,400,1873.6885714285713,112,0.19517589285714285
71930006,160,8.669638554216867,83,0.002257718373493976
71930007,1000,2433.1657142857143,112,0.10138190476190477
71930008,250,1280.0462745098039,102,0.21334104575163398
71930010,400,1852.1372727272726,396,0.1929309659090909
71930011,630,1556.9752066115702,121,0.10297455070182343
71930013,1250,7712.805970149254,67,0.25709353233830845
71930016,1250,6922.005669291339,127,0.23073352230971128
71930017,400,3703.5615824175825,455,0.38578766483516486
71930019,400,2152.9673684210525,152,0.2242674342105263
71930021,1000,3935.8224277456648,173,0.16399260115606937
71930022,630,0.0,2,0.0
71930025,1000,0.0,121,0.0
71930028,1000,3188.461052631579,152,0.13285254385964912
71930029,160,0.0,152,0.0
71930031,250,1151.4853543307088,127,0.1919142257217848
71930035,630,1754.8527777777776,72,0.11606169165196942
71930037,1000,1684.812598425197,127,0.07020052493438321
71930038,400,1106.7811023622048,127,0.11528969816272967
71930039,400,1585.9613114754097,122,0.1652043032786885
71930040,400,1769.6993684210527,95,0.18434368421052633
71930041,400,2009.4718110236222,127,0.20931998031496066
71930042,250,2136.678947368421,152,0.35611315789473685
71930044,400,1731.7930434782609,138,0.18039510869565217
71930048,400,3843.5543801652893,121,0.4003702479338843
71930049,400,0.0,106,0.0
71930050,250,0.0,127,0.0
71930052,250,0.0,131,0.0
71930053,250,0.0,127,0.0
71930054,160,0.0,72,0.0
71930055,1000,3009.1142857142854,112,0.12537976190476188
71930056,1000,1254.4,2,0.05226666666666667
71930057,400,1040.6078571428573,112,0.1083966517857143
71930058,1000,4582.302857142857,112,0.1909292857142857
71930059,160,372.8350458715596,109,0.09709245986238531
71930060,1000,473.76,2,0.01974
71930064,400,0.0,131,0.0
71930065,160,2007.279956043956,455,0.5227291552197803
71930066,250,399.9019230769231,104,0.06665032051282051
71930067,400,0.0,131,0.0
71930068,400,2059.0333333333333,126,0.21448263888888888
71930069,400,1755.943937007874,127,0.18291082677165355
71930070,250,0.0,105,0.0
71930071,160,0.0,135,0.0
71930072,250,0.0,112,0.0
71930073,250,0.0,127,0.0
71930074,1000,0.0,131,0.0
71930075,400,0.0,131,0.0
71930076,160,782.8621978021978,455,0.203870364010989
71930077,630,2100.403418803419,117,0.13891557002668115
71930081,1000,2280.080879120879,455,0.09500336996336997
71930082,160,0.0,119,0.0
71930083,400,1273.5156,100,0.132657875
71930085,250,1082.2835714285713,112,0.18038059523809521
71930087,1250,4089.8931868131867,455,0.1363297728937729
71930089,400,1442.5593277310925,119,0.15026659663865546
71930093,400,866.5220168067226,119,0.09026271008403361
71930094,400,234.95098265895953,173,0.02447406069364162
71930095,400,459.8,1,0.04789583333333333
71930097,400,879.8814545454546,110,0.09165431818181818
71930098,400,1167.4518656716416,134,0.121609569340796
71930099,400,976.5041584158415,101,0.10171918316831682
71930100,400,1688.5137313432836,134,0.17588684701492538
71930101,400,2294.6232258064515,93,0.23902325268817204
71930102,160,423.72893203883496,103,0.11034607605177994
71930103,1000,3624.338640776699,103,0.15101411003236245
71930106,400,1920.184,45,0.20001916666666666
71930107,160,1099.6397321428572,112,0.28636451357886905
71930112,400,30.211245551601426,281,0.0031470047449584817
71930115,250,2668.210973451328,113,0.44470182890855464
71930116,250,2239.415384615385,104,0.37323589743589747
71930117,400,2745.914117647059,102,0.2860327205882353
71930118,630,797.56,102,0.052748677248677246
71930119,160,693.9126923076923,104,0.18070643028846153
71930120,400,709.4549019607842,102,0.07390155228758169
71930121,250,663.0355102040817,98,0.11050591836734694
71930122,160,1464.526126126126,111,0.38138701201201197
71930123,400,1319.3086956521738,92,0.13742798913043477
71930125,400,998.4141176470589,68,0.1040014705882353
71930126,160,643.9477333333333,75,0.1676947222222222
71930127,400,217.2186301369863,73,0.022626940639269406
71930128,250,1932.76131147541,122,0.32212688524590166
71930131,400,2186.2039999999997,120,0.2277295833333333
71930132,250,0.0,121,0.0
71930136,250,400.1890909090909,77,0.06669818181818182
71930137,160,796.2,2,0.20734375000000002
71930138,250,1722.2337007874016,127,0.2870389501312336
71930143,160,1284.1910204081632,147,0.3344247448979592
71930144,400,2298.3407142857145,112,0.2394104910714286
71930145,400,1604.4417857142857,112,0.16712935267857143
71930146,400,1116.1774945054945,455,0.116268489010989
71930148,400,0.0,127,0.0
71930149,250,1791.1816149068322,161,0.2985302691511387
71930150,400,791.8676635514018,107,0.08248621495327102
71930154,400,603.6594594594594,111,0.06288119369369369
71930155,250,477.06823529411764,102,0.0795113725490196
71930161,630,0.0,127,0.0
71930162,400,1335.0579310344826,174,0.1390685344827586
71930167,630,2965.5457627118644,118,0.19613397901533494
71930168,100,1795.0866141732283,127,0.7479527559055118
71930169,250,279.4967741935484,31,0.046582795698924734
71930183,250,3174.372307692308,78,0.5290620512820513
71930186,250,1276.9820472440945,127,0.2128303412073491
71930240,250,1436.1925581395349,86,0.23936542635658914
71930249,160,453.02000000000004,104,0.11797395833333334
71930256,400,1121.3325,112,0.11680546875
71930257,1000,5768.0211320754715,106,0.240334213836478
71930264,630,3203.2838951310864,267,0.2118574004716327
71930268,1000,2466.7428571428572,112,0.10278095238095239
71930272,400,0.0,127,0.0
71930274,100,0.0,127,0.0
71930276,400,1069.7171868131868,455,0.11142887362637363
71930296,250,3613.307906976744,86,0.6022179844961241
71930297,250,4620.424566929134,127,0.7700707611548556
71930298,250,3364.4518181818185,176,0.5607419696969698
71930299,250,1765.6473600000002,125,0.29427456
71930305,250,2076.0742372881355,118,0.3460123728813559
71930324,250,0.0,127,0.0
71930330,250,457.62,2,0.07627
71930348,1000,4792.091759036145,415,0.19967048995983938
71930367,160,26.675550660792954,454,0.006946757984581498
71940030,400,0.0,152,0.0
71940032,630,0.0,152,0.0
71940033,630,1579.9289473684212,152,0.1044926552492342
71940042,400,838.1905263157895,152,0.08731151315789475
71940043,630,0.0,135,0.0
71940045,400,550.9755905511811,127,0.057393290682414694
71940046,250,1131.0188034188036,117,0.18850313390313395
71940110,160,994.5505617977528,89,0.25899754213483145
71940144,160,872.0361038961039,77,0.2270927353896104
71940157,250,1758.1470476190477,105,0.29302450793650797
71940199,400,1972.6942417582418,455,0.2054889835164835
71940200,400,3137.0867256637166,113,0.32677986725663716
71940203,400,2872.5217699115046,113,0.2992210176991151
71940204,400,3643.4735664335662,143,0.37952849650349646
71940207,400,1862.2705357142856,112,0.19398651413690476
71940208,100,0.0,106,0.0
71940214,250,428.11333333333334,144,0.07135222222222222
71940215,160,0.0,131,0.0
71940216,160,0.0,127,0.0
71940217,250,1563.2490173410406,173,0.2605415028901734
71940218,250,1087.9535714285714,112,0.18132559523809524
71940219,160,1004.3653543307087,127,0.2615534776902887
71940220,250,1688.0069291338582,127,0.2813344881889764
71940222,400,3673.534772727273,176,0.3826598721590909
71940233,400,2685.2897777777775,135,0.27971768518518514
71940237,100,448.0487288135593,118,0.18668697033898304
71940250,630,3346.7992882562276,281,0.22134915927620552
71940252,100,520.5238461538462,104,0.2168849358974359
71940258,100,384.53975308641975,81,0.16022489711934157
71940259,400,0.0,149,0.0
71940264,250,0.0,152,0.0
71940266,160,1228.0307514450867,173,0.3197996748554913
71940282,250,0.0,135,0.0
71940283,250,0.0,135,0.0
71940347,800,3581.0215384615385,169,0.18651153846153845
71940416,630,2596.9245283018868,106,0.1717542677448338
71940434,630,1237.4857142857143,455,0.0818442932728647
71940465,400,753.5191011235955,267,0.07849157303370786
71940466,1000,1995.3223529411764,425,0.08313843137254902
71940467,630,4116.070769230769,455,0.2722269027269027
71940468,630,0.0,151,0.0
71940475,400,947.9327058823529,255,0.09874299019607843
71940476,400,2140.2443076923078,455,0.2229421153846154
71940484,160,616.2607912087911,455,0.16048458104395602
72030001,1000,2233.7838805970146,134,0.09307432835820895
72030002,1000,3859.6585826771657,127,0.16081910761154858
72030003,1000,2901.4878740157483,127,0.1208953280839895
72030004,400,1132.2263736263737,182,0.11794024725274727
72030005,400,2113.972173913043,207,0.22020543478260868
72030006,400,0.0,207,0.0
72030008,1000,3765.8951111111114,135,0.1569122962962963
72030009,630,1861.1447761194029,134,0.12309158572218273
72030011,400,2024.2125,128,0.21085546875
72030014,400,1177.032888888889,135,0.1226075925925926
72030017,1000,4715.785846153846,455,0.19649107692307693
72030018,1250,3241.7529670329673,455,0.10805843223443225
72030020,1250,6332.034328358209,134,0.21106781094527363
72030021,400,3023.4373626373626,182,0.3149413919413919
72030022,400,1818.185507246377,207,0.1893943236714976
72030023,400,1910.4949253731343,201,0.1990098880597015
72030024,400,1360.604776119403,201,0.14172966417910446
72030025,630,596.4134328358208,134,0.039445332859511954
72030026,400,1718.8440579710143,207,0.17904625603864732
72030027,630,1100.4194029850746,134,0.07277906104398642
72030028,400,2107.9853731343283,134,0.21958180970149252
72030029,400,1055.8793406593406,182,0.10998743131868131
72030030,400,1873.5727536231884,207,0.19516382850241545
72030031,250,1836.6363636363637,132,0.3061060606060606
72030032,400,1151.4994029850748,134,0.11994785447761196
72030033,400,281.17188118811885,202,0.02928873762376238
72030034,100,247.34413793103448,116,0.10306005747126437
72030035,630,0.0,455,0.0
72030037,160,81.67999999999999,135,0.021270833333333333
72030041,400,556.1323308270677,133,0.05793045112781955
72030042,400,0.0,182,0.0
72030044,400,469.8931343283582,134,0.04894720149253731
72030050,400,888.9104132231405,121,0.0925948347107438
72030052,400,1385.2518620689655,145,0.14429706896551722
72030053,400,827.6844094488189,127,0.08621712598425196
72030055,400,621.6907086614174,127,0.06475944881889764
72030056,400,0.0,145,0.0
72030057,400,187.71807692307692,104,0.019553966346153848
72030058,400,1632.9925609756099,328,0.1701033917682927
72030061,400,939.9500689655173,145,0.09791146551724138
72030062,400,177.78,134,0.01851875
72030064,250,903.9312676056337,213,0.15065521126760562
72030070,400,1853.8604081632652,147,0.19311045918367345
72030087,160,693.3162087912089,182,0.1805510960393773
72030090,250,1117.2567032967033,182,0.18620945054945057
72030091,250,1814.2646153846154,182,0.3023774358974359
72030092,160,810.2922834645669,127,0.2110136154855643
72030093,250,465.404776119403,134,0.07756746268656717
72030094,250,1113.6997802197802,182,0.18561663003663004
72030095,250,863.656119402985,134,0.14394268656716416
72030107,400,586.0738582677166,127,0.06104936023622048
72030109,400,100.33774436090225,133,0.010451848370927318
72030111,400,894.7007518796993,133,0.09319799498746867
72030124,250,1234.2656716417912,134,0.20571094527363187
72030127,400,953.5785826771653,127,0.09933110236220472
72030131,250,879.7587096774193,124,0.14662645161290322
72030132,250,524.2595918367347,147,0.08737659863945578
72030133,250,3523.320888888889,135,0.5872201481481482
72030134,400,0.0445771144278607,201,4.6434494195688225e-06
72030135,400,1496.512,135,0.15588666666666667
72030137,400,1009.5698507462686,134,0.10516352611940298
72030138,250,635.0878740157481,127,0.10584797900262467
72030139,250,673.8803149606299,127,0.11231338582677165
72030140,400,0.0,425,0.0
72030141,250,2087.203880597015,134,0.34786731343283583
72030142,400,3239.2338461538466,182,0.3374201923076923
72030148,160,446.4685039370079,127,0.11626783956692914
72030153,250,1338.3390476190475,147,0.22305650793650791
72030154,250,746.0448979591837,147,0.12434081632653061
72030167,250,0.0,126,0.0
72030169,160,352.3431111111111,90,0.09175601851851851
72030170,100,643.7292517006803,147,0.2682205215419501
72030171,250,2474.0774803149607,127,0.4123462467191601
72030172,250,1907.7036799999998,125,0.3179506133333333
72030173,160,1039.5431972789115,147,0.27071437429138323
72030206,400,0.0,120,0.0
72030208,400,0.0,147,0.0
72030211,400,770.8386394557823,147,0.08029569160997732
72030218,160,2054.5105454545455,110,0.5350287878787879
72030219,400,2524.2813605442175,147,0.2629459750566893
72030227,100,585.8584251968505,127,0.24410767716535436
72030233,250,142.07358024691356,162,0.02367893004115226
72030236,400,0.0,127,0.0
72030240,250,800.3208743169399,183,0.13338681238615666
72030242,400,1126.7318032786886,183,0.1173678961748634
72030243,400,630.5659701492538,134,0.0656839552238806
72030244,400,607.8832835820896,134,0.06332117537313434
72030245,400,274.0388059701492,134,0.028545708955223875
72030247,160,661.260447761194,134,0.17220324160447759
72030250,250,834.6787401574803,127,0.13911312335958007
72030254,160,595.7575510204082,147,0.1551451955782313
72030255,100,518.6965986394557,147,0.2161235827664399
72030257,250,2155.2613698630134,146,0.35921022831050226
72030259,160,33.886771653543306,127,0.008824680118110237
72030261,40,2079.491023622047,127,2.1661364829396326
72030263,160,0.0,126,0.0
72030264,100,116.27047619047619,126,0.048446031746031744
72030265,160,203.41937007874014,127,0.052973794291338576
72030266,160,0.0,146,0.0
72030267,100,0.0,146,0.0
72030268,100,200.4873015873016,126,0.08353637566137567
72030269,100,30.486068965517237,145,0.012702528735632183
72030272,160,108.39523809523808,126,0.028227926587301586
72030281,50,231.57489655172415,145,0.19297908045977014
72030282,160,172.76692913385827,127,0.04499138779527559
72030283,40,68.46724137931035,145,0.07132004310344828
72030284,160,389.43844311377245,167,0.10141626122754491
72030286,40,125.25104895104896,143,0.13046984265734266
72030288,100,185.10771653543307,127,0.07712821522309711
72030291,250,1016.1826771653543,127,0.16936377952755904
72030299,160,330.9383606557377,183,0.08618186475409836
72030302,400,449.5140298507462,134,0.04682437810945273
72030304,400,0.0,134,0.0
72030305,250,562.208524590164,183,0.09370142076502733
72030306,250,199.828031496063,127,0.0333046719160105
72030307,160,403.94491803278686,183,0.10519398907103825
72030309,250,2235.5128358208954,134,0.3725854726368159
72030310,250,940.7886338797815,183,0.15679810564663024
72030312,250,458.7370491803279,183,0.07645617486338799
72030313,160,542.8594029850747,134,0.14136963619402987
72030314,250,334.26358974358976,78,0.055710598290598295
72030322,250,316.06208955223883,134,0.05267701492537314
72030323,400,927.0935433070866,127,0.0965722440944882
72030324,100,59.669726775956285,183,0.02486238615664845
72030328,400,785.836119402985,134,0.0818579291044776
72030329,160,63.56590163934426,183,0.016553620218579236
72030330,250,575.7588059701492,134,0.09595980099502487
72030331,160,226.12522388059702,134,0.058886777052238805
72030332,250,995.8155223880597,134,0.16596925373134327
72030334,250,463.8346308724832,149,0.07730577181208054
72030349,250,0.0,147,0.0
72030351,100,253.7572440944882,127,0.10573218503937008
72030352,100,0.0,146,0.0
72030353,160,227.53559055118112,127,0.05925406003937008
72030354,250,320.22614173228345,127,0.053371023622047244
72030357,250,678.0140799999999,125,0.11300234666666666
72030358,250,793.3623880597015,134,0.1322270646766169
72030359,400,0.0,130,0.0
72030366,250,790.8936263736265,182,0.1318156043956044
72030368,250,0.0,134,0.0
72030369,250,961.6957213930348,201,0.16028262023217246
72030370,250,0.0,134,0.0
72030371,250,1158.900895522388,134,0.19315014925373133
72030393,400,875.2434645669291,127,0.09117119422572179
72030400,400,1961.3725984251969,127,0.20430964566929133
72030427,400,1105.3173480662983,181,0.11513722375690608
72030436,160,206.11710344827586,435,0.0536763290229885
72030437,160,40.40910755148741,437,0.01052320509153318
72030438,160,50.322857142857146,455,0.013104910714285715
72030439,160,79.10168674698795,166,0.020599397590361446
72030440,400,793.586,120,0.08266520833333334
72030476,250,699.610021978022,455,0.11660167032967034
72040001,630,0.0,173,0.0
72040002,630,2926.795375722543,173,0.19357112273297244
72040003,400,158.39999999999998,2,0.016499999999999997
72040004,400,985.0612716763006,173,0.10261054913294798
72040005,630,2267.561393034826,201,0.1499709916028324
72040006,400,1247.4554913294796,173,0.1299432803468208
72040007,400,367.7041791044776,134,0.03830251865671642
72040008,250,1063.6226865671642,134,0.17727044776119405
72040009,400,2174.834328358209,134,0.22654524253731342
72040011,400,263.7,2,0.02746875
72040033,250,581.2897959183674,98,0.09688163265306124
72040041,63,397.9858823529412,68,0.2632181761593526
72040042,250,390.36,52,0.06506
72040044,160,54.301417322834645,127,0.014140994094488189
72040046,160,624.0310344827586,145,0.16250808189655172
72040048,400,1771.1577931034483,145,0.18449560344827587
72040049,250,1139.8689763779525,127,0.18997816272965876
72040051,100,85.30632967032966,455,0.03554430402930402
72040058,160,450.1384615384615,455,0.11722355769230769
72040060,50,255.20689427312774,454,0.21267241189427313
72040070,160,368.4771428571429,455,0.0959575892857143
72040094,250,697.4181978021978,455,0.11623636630036631
72130003,630,4374.67786259542,131,0.2893305464679511
72130012,400,2785.756097560976,123,0.29018292682926833
72130032,250,572.4069421487603,121,0.09540115702479339
72130045,250,330.0254187192118,203,0.05500423645320197
72130051,400,595.3199999999999,2,0.06201249999999999
72130066,100,195.76645161290324,62,0.08156935483870968
72130074,160,266.1715662650603,332,0.06931551204819278
72130076,250,185.7694581280788,203,0.0309615763546798
72130079,250,351.13684210526316,38,0.05852280701754386
72130093,160,103.05,1,0.0268359375
72130131,630,848.5918367346939,49,0.056123798725839544
72130132,160,411.41723076923074,455,0.10713990384615384
72130164,630,2418.6918681318684,455,0.15996639339496485
72130170,250,320.05797356828197,454,0.053342995594713664
72130171,100,702.7172972972974,74,0.2927988738738739
72130179,100,176.77069042316256,449,0.0736544543429844
72130199,250,229.3511320754717,424,0.038225188679245285
72130201,630,1005.8977635782747,313,0.06652762986628802
72130207,400,1095.0614492753623,207,0.11406890096618358
72130223,250,165.55305494505495,455,0.027592175824175825
72221397,400,1922.4508873720135,293,0.2002553007679181
72221522,400,3077.0890909090913,44,0.3205301136363637
72224283,400,1514.568115942029,69,0.15776751207729467
72240001,250,1387.461098901099,455,0.2312435164835165
72240003,1000,933.3321271393644,409,0.038888838630806846
72240006,1000,3985.6108843537413,441,0.16606712018140588
72240007,1000,2153.355496688742,302,0.08972314569536424
72240008,1000,1671.6799999999998,2,0.06965333333333333
72240010,1250,4875.947252747253,455,0.1625315750915751
72240011,1000,4623.282637362638,455,0.19263677655677658
72240012,400,2621.3770212765958,47,0.27306010638297873
72240014,1000,4342.208,35,0.18092533333333333
72240017,1000,4747.511322033899,295,0.19781297175141246
72240020,250,825.2362197802197,455,0.13753936996336996
72240021,400,0.0,168,0.0
72240024,400,1594.1826086956523,69,0.16606068840579713
72240026,400,2748.4504347826087,69,0.2862969202898551
72240027,400,2155.1336263736266,455,0.2244930860805861
72240028,400,2063.137391304348,69,0.21491014492753627
72240030,400,2251.4297142857145,455,0.2345239285714286
72240033,630,646.6458333333334,48,0.042767581569664904
72240035,250,0.0,47,0.0
72240036,400,611.1668571428571,35,0.06366321428571428
72240038,400,648.8425,48,0.06758776041666667
72240042,400,865.74,2,0.09018125
72240050,400,1891.7316923076924,455,0.19705538461538463
72240051,400,1185.1097142857143,455,0.12344892857142857
72240053,630,0.0,41,0.0
72240054,400,2061.3771428571426,35,0.2147267857142857
72240063,1000,404.34285714285716,35,0.01684761904761905
72240065,400,2137.3960975609752,246,0.22264542682926824
72240067,1000,5165.78,48,0.21524083333333333
72240070,630,4135.261221864952,311,0.2734961125572058
72240071,1000,3431.931914893617,47,0.14299716312056737
72240073,630,544.7063829787235,47,0.03602555442980975
72240081,400,1503.766956521739,69,0.15664239130434782
72240082,400,231.6,1,0.024125
72240091,250,197.90364835164837,455,0.03298394139194139
72240092,160,148.79384615384615,455,0.03874839743589743
72240102,630,832.8,8,0.055079365079365075
72240105,630,947.825,8,0.06268683862433863
72240109,1250,1162.6413186813188,455,0.038754710622710624
72240111,1000,2105.44,4,0.08772666666666668
72240112,1000,3970.470588235294,34,0.16543627450980392
72240113,630,2296.015824175824,455,0.15185289842432698
72240114,1000,0.0,455,0.0
72240116,1250,4144.649696969697,33,0.13815498989898992
72240117,1000,709.2435164835165,455,0.029551813186813186
72240135,400,1830.3564705882354,34,0.1906621323529412
72240136,250,0.0,34,0.0
72240154,400,1217.1066666666668,9,0.12678194444444446
72240155,400,1097.7441758241757,455,0.11434835164835164
72240156,250,637.18,8,0.10619666666666666
72240157,160,757.948705882353,255,0.1973824754901961
72240158,250,1036.5514285714285,7,0.1727585714285714
72240163,250,2150.311174377224,281,0.3583851957295373
72240164,400,969.4671886120998,281,0.10098616548042706
72240165,400,2223.9885714285715,7,0.2316654761904762
72240168,250,1428.5657142857142,7,0.2380942857142857
72240171,250,320.88770370370366,135,0.05348128395061728
72240184,250,0.0,237,0.0
72240185,250,0.0,412,0.0
72240186,160,556.9328571428572,42,0.14503459821428571
72240189,250,358.36768627450977,255,0.059727947712418294
72240190,400,2458.6448780487804,41,0.2561088414634146
72240191,160,882.9771428571429,7,0.22994196428571428
72240192,400,1706.9142857142856,7,0.17780357142857142
72240198,400,772.86,2,0.08050625
72240200,250,1387.2685714285712,14,0.23121142857142854
72240201,250,2151.6977777777774,9,0.35861629629629627
72240218,250,1785.588085106383,47,0.2975980141843972
72240219,400,760.4,2,0.07920833333333333
72240221,250,0.0,33,0.0
72240223,250,1583.54582278481,79,0.26392430379746834
72240224,50,56.47441758241759,455,0.04706201465201466
72240231,250,1270.5420183486237,436,0.21175700305810397
72240233,250,2121.096,5,0.353516
72240240,400,1610.78213592233,103,0.16778980582524272
72240242,400,317.15999999999997,2,0.0330375
72240243,250,0.0,2,0.0
72240248,160,980.3771428571428,42,0.2553065476190476
72240253,630,1709.857142857143,7,0.11308578987150415
72240255,400,946.0285714285714,7,0.09854464285714284
72240262,400,120.3,2,0.012531249999999999
72240263,250,1569.984043956044,455,0.2616640073260073
72240264,160,921.0997916666666,288,0.23986973741319445
72240266,160,241.05,2,0.0627734375
72240268,400,0.0,8,0.0
72240277,160,856.4587168141594,452,0.223036124170354
72240283,100,374.86,2,0.15619166666666667
72240285,160,70.14,2,0.018265625
72240288,400,1941.956175824176,455,0.20228710164835165
72240291,400,1717.106170212766,282,0.1788652260638298
72240292,400,833.5386666666667,135,0.08682694444444444
72240297,400,0.0,35,0.0
72240298,1000,2027.328,35,0.084472
72240299,630,2462.325714285714,35,0.16285222978080122
72240300,630,2387.337142857143,35,0.1578926681783825
72240351,1000,1766.570588235294,34,0.07360710784313725
72240352,1000,2409.3882352941177,34,0.10039117647058823
72240353,1000,673.8290109890111,455,0.028076208791208795
72240354,1000,2012.223529411765,34,0.08384264705882354
72240355,1000,2575.535294117647,34,0.10731397058823529
72240356,1000,1547.7929411764705,34,0.06449137254901961
72240690,250,1142.006153846154,455,0.190334358974359
72240794,250,344.08292237442924,438,0.057347153729071544
72240805,630,1932.4062745098038,255,0.12780464778503994
72240820,1000,1963.1191208791208,455,0.08179663003663004
72240822,1000,0.0,1,0.0
72240826,400,2295.915132743363,452,0.23915782632743363
72240842,250,809.4473846153846,455,0.13490789743589743
72240843,250,1122.7825934065934,455,0.18713043223443224
72240844,250,1375.8437296037296,429,0.22930728826728827
72240854,400,938.4909890109891,455,0.09775947802197803
72240867,400,1042.4845714285714,455,0.10859214285714285
72240881,400,449.6094065934066,455,0.04683431318681319
72330010,250,479.08,2,0.07984666666666666
72330014,630,2969.82380952381,42,0.19641691861929958
72330028,630,3647.2133333333336,90,0.2412178130511464
72330031,630,377.65,2,0.02497685185185185
72330052,1000,1653.127619047619,42,0.06888031746031746
72330067,250,414.4857142857143,42,0.06908095238095238
72330068,400,1263.6168791208793,455,0.13162675824175826
72330069,400,1507.8635604395606,455,0.1570691208791209
72340016,630,407.0,2,0.026917989417989417
72340021,400,1081.4843267108167,453,0.11265461736571007
72340023,400,750.775415282392,301,0.07820577242524918
72340025,800,81.7125,2,0.0042558593750000005
72340027,1250,2003.6,2,0.06678666666666666
72340038,400,0.0,108,0.0
72340043,400,755.0223296703297,455,0.07864815934065934
72340044,400,3843.2083333333335,24,0.4003342013888889
72340070,400,1242.24,2,0.1294
72340073,400,1023.6,2,0.106625
72340081,250,1891.2090566037734,159,0.31520150943396225
72340085,160,758.01225,160,0.1973990234375
72340086,250,330.5762962962963,162,0.05509604938271605
72340152,250,622.1738901098901,455,0.10369564835164835
72340170,400,2649.655165876777,211,0.27600574644549764
72340173,400,644.2347169811321,159,0.06710778301886793
72340176,1250,1058.22,2,0.035274
72340178,250,1798.5185054945057,455,0.29975308424908426
72340181,400,4002.206037735849,159,0.41689646226415095
72340212,50,254.99953623188404,345,0.21249961352657004
72340224,250,683.8329670329671,91,0.11397216117216118
72340258,160,1221.683653846154,104,0.31814678485576925
72340259,400,3105.4478481012657,316,0.3234841508438818
72340309,630,306.86813186813185,455,0.02029551136693994
72340360,400,2685.584175824176,455,0.27974835164835166
72340361,400,2896.9885263157894,380,0.3017696381578947
72430002,630,1311.0677165354332,127,0.08671082781319002
72430003,630,1023.5811023622048,127,0.06769716285464317
72430004,250,919.6788321167883,137,0.15327980535279803
72430006,250,2654.2803149606298,127,0.4423800524934383
72430008,250,3665.9622047244097,127,0.6109937007874017
72430009,630,3100.636220472441,127,0.20506853310002918
72430010,630,4759.179259259259,135,0.3147605330197923
72430011,630,3495.9212598425197,127,0.23121172353455818
72430012,630,2236.1204968944103,161,0.1478915672549213
72430013,400,4035.5423622047247,127,0.42036899606299216
72430015,250,2094.6058598726113,157,0.3491009766454352
72430016,630,140.00541401273884,157,0.009259617328884844
72430017,630,601.8393700787402,127,0.03980419114277382
72430018,630,186.56503937007872,127,0.012338957630296212
72430019,250,320.6914285714286,126,0.053448571428571436
72430020,250,1086.4760538116593,446,0.18107934230194322
72430021,250,1539.847559055118,127,0.2566412598425197
72430024,630,1281.7805555555556,144,0.08477384626690182
72430025,250,412.83968503937007,127,0.06880661417322835
72430026,400,2394.338482758621,145,0.2494102586206897
72430027,250,1888.9769014084504,142,0.31482948356807505
72430028,160,1465.3128169014085,142,0.3815918794014085
72430030,250,995.3077165354331,127,0.16588461942257218
72430031,250,2319.8318110236223,127,0.3866386351706037
72430032,250,1556.539842519685,127,0.25942330708661415
72430033,250,1498.303937007874,127,0.24971732283464568
72430034,400,2357.96,144,0.24562083333333334
72430035,100,0.0,135,0.0
72430216,400,355.2812598425197,127,0.03700846456692914
72430217,630,3759.0236220472443,127,0.24861267341582305
72430218,250,1232.9228346456694,127,0.20548713910761157
72430220,250,907.6520388349514,206,0.15127533980582525
72430222,250,991.6487272727272,110,0.16527478787878788
72430223,400,4186.5980281690145,142,0.4361039612676057
72430226,1250,1431.0844919786095,187,0.04770281639928699
72440001,250,417.2469172932331,133,0.06954115288220551
72440004,250,1016.083779527559,127,0.16934729658792652
72440007,400,239.29795275590553,127,0.02492687007874016
72440008,400,1182.2848351648352,455,0.12315467032967033
72440019,250,0.0,127,0.0
72440074,250,1207.9369696969698,132,0.2013228282828283
72440075,100,1420.4663636363637,132,0.5918609848484848
72440076,63,409.2869291338583,127,0.27069241344831896
72440078,40,0.0,123,0.0
72440079,50,49.50473282442748,131,0.04125394402035623
72440080,100,431.9526595744681,188,0.17998027482269505
72440081,50,11.837333333333333,135,0.009864444444444445
72440083,100,0.0,135,0.0
72440085,100,901.2907207207207,444,0.3755378003003003
72440087,50,392.0642748091603,131,0.3267202290076336
72440089,100,550.0659119496855,159,0.22919412997903563
72440090,160,752.06031496063,127,0.19584904035433073
72440091,250,2103.2025,136,0.35053375
72440092,250,996.4420588235294,136,0.16607367647058824
72440093,50,603.628346456693,127,0.5030236220472442
72440094,100,652.303464566929,127,0.27179311023622044
72440095,160,1363.8661904761907,126,0.35517348710317465
72440096,100,407.5920888888889,450,0.16983003703703703
72440100,100,344.84000000000003,2,0.14368333333333336
72440102,50,9.294503816793892,131,0.007745419847328243
72440106,100,223.0047244094488,127,0.09291863517060367
72440107,100,170.07028571428572,140,0.07086261904761905
72440108,50,277.0980882352941,136,0.23091507352941174
72440202,250,523.3770078740158,127,0.08722950131233596
72440203,250,1129.8283211678834,137,0.18830472019464722
72440235,630,722.5779527559055,127,0.04778954713994084
72440240,100,479.1508571428571,140,0.19964619047619045
72440257,100,31.4378021978022,273,0.01309908424908425
72440258,100,21.68723076923077,455,0.009036346153846153
72440259,100,95.6137748344371,453,0.03983907284768212
72440262,250,520.2667252747252,455,0.08671112087912088
72440264,100,34.69472283813747,451,0.014456134515890614
72440265,100,38.18637362637363,364,0.015910989010989012
72440266,100,62.76571428571429,455,0.026152380952380955
72440267,100,43.47396396396396,444,0.01811415165165165
72540013,1000,2324.48,2,0.09685333333333333
72540014,160,0.0,6,0.0
72540015,630,404.2,2,0.026732804232804233
72540016,630,255.1,6,0.01687169312169312
72540017,630,1457.6444444444444,9,0.09640505584950029
72540018,400,873.3026086956521,23,0.09096902173913043
72540019,630,1003.9866666666668,9,0.06640123456790124
72540020,630,1542.7333333333333,9,0.1020326278659612
72540021,630,1311.9333333333334,9,0.08676807760141093
72540022,400,1020.9234782608695,23,0.1063461956521739
72540023,400,1644.88,9,0.17134166666666667
72540026,400,309.88,2,0.032279166666666664
72540027,250,1194.2755555555555,9,0.1990459259259259
72540028,400,493.62,2,0.05141875
72540032,630,1442.0,23,0.09537037037037037
72540034,250,211.3021978021978,455,0.03521703296703297
72540036,250,642.72,2,0.10712
72540038,160,295.44,2,0.0769375
72540039,400,517.6666666666666,9,0.05392361111111111
72540040,400,57.432,20,0.0059825
72540048,400,18.74,6,0.0019520833333333332
72540050,1000,0.0,2,0.0
72540053,400,1080.6755555555555,9,0.11257037037037038
72540066,400,1474.4514285714286,21,0.15358869047619048
72540069,630,2325.6167955801106,181,0.1538106346283142
72540082,400,1962.8485714285714,28,0.20446339285714285
72540085,400,2409.3685714285716,28,0.2509758928571429
72540087,400,728.4428571428572,28,0.0758794642857143
72540102,250,2032.0818443804035,347,0.33868030739673394
72540104,400,0.0,62,0.0
72540106,400,321.61285714285714,28,0.033501339285714284
72540110,250,405.72,2,0.06762
72540111,250,615.5749999999999,6,0.10259583333333332
72540113,630,2427.759493670886,79,0.16056610407876232
72540116,1250,4616.0272527472525,455,0.1538675750915751
72540118,100,301.05802955665024,406,0.12544084564860428
72540137,250,302.80888888888893,9,0.05046814814814816
72540141,400,729.48,2,0.0759875
72540142,250,1345.6,2,0.22426666666666664
72540143,400,2113.3539884393062,173,0.22014104046242775
72540145,630,3697.6692307692306,26,0.24455484330484328
72540146,400,377.5523076923077,26,0.039328365384615385
72540147,400,512.7,2,0.05340625
72540148,400,592.26,2,0.06169375
72540150,1000,2954.2,2,0.12309166666666665
72540151,400,2489.88,2,0.2593625
72540152,250,1231.96,2,0.20532666666666669
72540153,630,0.0,2,0.0
72540155,630,1526.3846153846155,26,0.10095136345136346
72540156,250,638.2133333333334,9,0.10636888888888889
72540158,400,1171.9733333333334,9,0.12208055555555555
72540160,400,2716.0695652173913,23,0.28292391304347825
72540161,400,2242.521739130435,23,0.23359601449275363
72540166,630,1255.32,2,0.08302380952380951
72540170,250,140.88,2,0.02348
72540171,400,0.0,23,0.0
72540172,1250,1990.9611306532663,398,0.06636537102177555
72540173,250,268.72,2,0.04478666666666667
72540177,250,456.12,2,0.07602
72540178,250,211.36,2,0.03522666666666667
72540184,250,629.9948663101604,187,0.10499914438502674
72540187,160,216.92000000000002,2,0.056489583333333336
72540197,250,1314.9498850574712,174,0.2191583141762452
72540231,400,0.0,6,0.0
72630128,250,945.9771428571429,14,0.15766285714285716
72630140,160,1363.691632653061,98,0.35512802933673465
72630143,250,2165.897306590258,349,0.3609828844317096
72630285,160,1247.175032967033,455,0.32478516483516484
72630318,400,444.51085714285716,455,0.04630321428571429
72630319,400,1717.4520980926432,367,0.17890126021798367
72630329,400,220.68,1,0.0229875
72630341,160,676.6733739837398,246,0.17621702447493223
72640004,400,2130.12,5,0.2218875
72640006,1000,4954.735120879121,455,0.2064472967032967
72640007,1250,7921.653626373626,455,0.26405512087912086
72640013,1250,4163.143384615385,455,0.13877144615384618
72640020,1000,3161.389010989011,455,0.13172454212454213
72640031,1250,0.0,168,0.0
72640032,1000,6771.401941747573,103,0.2821417475728155
72640034,1250,7919.7700483091785,207,0.2639923349436393
72640044,1250,4807.082197802198,455,0.16023607326007325
72640046,1250,8565.544757033249,391,0.28551815856777496
72640047,630,3020.77,100,0.19978637566137566
72640049,1000,5502.937092511013,454,0.22928904552129223
72640052,400,2348.851875,64,0.2446720703125
72640055,1250,3332.221538461539,455,0.11107405128205129
72640056,10000,6603.454757281553,206,0.02751439482200647
72640095,1250,1767.612334801762,454,0.058920411160058736
72640100,400,561.0,1,0.0584375
72640108,400,376.4542731277533,454,0.03921398678414097
72640109,400,461.288,255,0.048050833333333334
72640161,1000,0.0,168,0.0
72640166,1000,4169.0589690721645,97,0.17371079037800685
72640462,160,299.3876470588235,170,0.0779655330882353
72640480,160,1473.0747826086956,138,0.38361322463768116
72640500,400,2267.113318681319,455,0.2361576373626374
72640508,100,822.3792,100,0.34265799999999996
72640529,250,2722.7068599033814,207,0.4537844766505636
72640536,400,1709.4653186813186,455,0.17806930402930402
72640656,400,0.0,73,0.0
72640662,400,1161.6,1,0.121
72640766,400,1822.2410126582279,79,0.18981677215189874
72640774,630,3103.781818181818,22,0.20527657527657525
72640777,400,2353.958241758242,455,0.24520398351648354
72640779,250,1357.6545454545453,132,0.22627575757575755
72640780,250,1561.7710769230769,455,0.26029517948717945
72640790,100,880.9672727272726,22,0.36706969696969693
72640792,400,1612.1720179372196,446,0.16793458520179372
72640797,630,530.1818901098901,455,0.035064939822082676
72640802,630,0.0,148,0.0
72640804,630,1307.3393406593407,455,0.08646424210709926
72640805,630,0.0,168,0.0
72640815,250,1918.933670886076,79,0.3198222784810127
72640817,400,0.0,124,0.0
72640820,400,0.0,168,0.0
72640822,250,859.0684848484848,132,0.1431780808080808
72640831,400,3707.7853333333333,450,0.3862276388888889
72640832,630,4653.015438596491,285,0.3077391163092917
72640835,400,2807.770909090909,22,0.29247613636363634
72640839,1000,6941.781694915255,354,0.2892409039548023
72640892,250,2512.815,96,0.4188025
72640944,400,128.90320879120878,455,0.013427417582417582
72641191,630,4680.814285714286,140,0.30957766439909296
72641226,160,464.7288188976378,127,0.12102312992125984
72641236,250,355.8034285714286,455,0.05930057142857143
72641288,1000,3779.398787878788,132,0.1574749494949495
72641302,1000,6979.661362637363,455,0.2908192234432235
72641352,250,747.9105054945055,455,0.12465175091575093
72641360,1000,5238.950901960784,255,0.21828962091503268
72641361,1000,6420.340440528635,454,0.26751418502202645
72641363,1000,3959.936,5,0.16499733333333333
72641365,1000,7277.406945054945,455,0.3032252893772894
72641435,160,913.6683956043956,455,0.23793447802197804
72641461,250,578.8409670329671,455,0.09647349450549451
72641465,250,622.5044395604396,455,0.10375073992673993
72641466,400,232.51258278145696,453,0.024220060706401765
72641474,400,2053.832967032967,455,0.2139409340659341
72641483,1250,2853.0559054441264,349,0.09510186351480421
72641489,250,159.80518681318682,455,0.026634197802197803
72641491,400,230.59226373626373,455,0.02402002747252747
72730025,250,1906.7320930232556,86,0.3177886821705426
72730056,250,503.8044835164835,455,0.08396741391941392
72730130,400,3095.3812747252746,455,0.3224355494505494
72730136,400,612.6348131868133,455,0.06381612637362638
72730213,630,891.0416666666666,24,0.058931327160493825
72730224,250,0.0,168,0.0
72730245,100,505.9251184834123,422,0.21080213270142178
72730260,250,940.9211111111113,72,0.1568201851851852
72730261,250,1696.4743736263736,455,0.2827457289377289
72730263,250,1652.3116417910448,67,0.2753852736318408
72730288,400,1442.0407912087912,455,0.15021258241758242
72730303,250,880.0153846153846,26,0.14666923076923077
72730307,160,531.2538461538462,26,0.1383473557692308
72730322,100,234.5476923076923,91,0.09772820512820513
72730331,160,833.194054054054,37,0.21697761824324324
72730346,400,879.4837802197802,455,0.09161289377289378
72730347,630,3085.918269230769,208,0.2040951236263736
72730349,400,906.5895529411765,425,0.0944364117647059
72730350,400,1971.0730555555556,432,0.2053201099537037
72730351,400,1457.8074725274726,455,0.15185494505494507
72730382,160,160.0170925110132,454,0.041671117841409686
72730385,250,61.33468131868132,455,0.010222446886446886
72730387,160,272.2302857142857,455,0.07089330357142856
72730388,160,274.725978021978,455,0.07154322344322343
72730392,250,988.5440000000001,455,0.16475733333333334
72730394,250,56.57114537444934,454,0.00942852422907489
72740003,250,740.6297142857143,70,0.12343828571428571
72740006,400,1389.4585411764706,425,0.14473526470588235
72740012,630,1954.462857142857,455,0.12926341647770218
72740020,630,1920.4352941176471,34,0.12701291627762215
72740023,630,6035.203030303031,132,0.39915363957030625
72740028,1250,4035.0666666666666,255,0.13450222222222222
72740030,250,298.10785714285714,280,0.04968464285714286
72740031,400,1038.84,2,0.10821249999999999
72740032,1250,1792.2615384615385,455,0.05974205128205128
72740033,400,2087.149727626459,257,0.21741142996108948
72740040,250,279.31368421052633,19,0.04655228070175439
72740045,1000,4202.558284182305,373,0.17510659517426272
72740054,1000,7855.970232558139,86,0.3273320930232558
72740055,1000,7837.185882352941,34,0.32654941176470587
72740107,160,540.6367912087912,455,0.14079083104395604
72740261,400,550.7650564334086,443,0.05737136004514673
72740320,400,1172.5491764705882,255,0.12214053921568628
72740329,400,2213.6450485436894,103,0.23058802588996766
72740330,630,1453.9570093457944,107,0.09616117786678534
72740336,1000,4915.594563106796,103,0.20481644012944983
72740355,400,310.5,2,0.03234375
72740382,250,1367.1152527472527,455,0.22785254212454212
72740408,400,4089.9634285714287,455,0.42603785714285713
72740508,250,0.0,455,0.0
72740566,630,972.5028571428571,455,0.06431897203325775
72740602,250,521.198945054945,455,0.08686649084249085
72740605,160,660.7060363636364,275,0.17205886363636363
72740730,160,330.94872483221474,447,0.08618456375838926
72740764,160,0.04259340659340659,455,1.1092032967032966e-05
72740775,250,453.757010989011,455,0.0756261684981685
72740785,100,114.5883076923077,455,0.047745128205128204
72740864,250,1540.3685274725276,455,0.25672808791208795
72740932,1000,4617.2945088161205,397,0.1923872712006717
72740933,1000,2730.996705882353,425,0.11379152941176471
72740951,160,918.2216703296702,455,0.2391202266483516
72740953,250,1123.854358974359,78,0.18730905982905982
72740964,160,261.68978571428573,280,0.06814838169642858
72740965,160,517.1115384615384,78,0.13466446314102562
72740966,160,982.4113846153846,455,0.25583629807692304
72740978,160,423.1923076923077,78,0.11020633012820512
72740999,250,263.8155294117647,255,0.04396925490196078
72741000,400,2777.2227692307692,455,0.28929403846153845
72741022,160,430.41793406593405,455,0.11208800366300366
72741023,160,180.52712087912087,455,0.04701227106227106
72741024,400,141.31354838709677,62,0.014720161290322581
72741030,160,893.3243076923077,455,0.23263653846153845
72741034,400,958.3806593406593,455,0.09983131868131868
72741057,400,1120.9684705882353,255,0.11676754901960784
72741092,400,1807.857230769231,455,0.18831846153846155
72741093,250,134.48931868131868,455,0.022414886446886446
72741096,160,327.97171806167404,454,0.08540930157856094
72741097,100,254.26487912087913,455,0.10594369963369964
72741103,250,1399.4737582417583,455,0.2332456263736264
72741108,400,1155.4807912087913,455,0.12036258241758242
72741146,400,495.1276483516483,455,0.0515757967032967
72741147,100,200.48052747252748,455,0.08353355311355312
72741158,400,136.75727472527473,455,0.01424554945054945
72741159,250,174.349010989011,455,0.0290581684981685
72741166,100,137.37151648351647,455,0.05723813186813186
72741173,250,275.91683516483516,455,0.04598613919413919
72741175,250,611.4799120879121,455,0.10191331868131868
72741179,250,251.27402197802195,455,0.04187900366300366
72741184,250,76.5105934065934,455,0.012751765567765567
72741186,250,1036.1267692307692,455,0.17268779487179486
72741190,250,709.6022857142857,455,0.11826704761904762
72741192,250,246.86417582417582,455,0.0411440293040293
72830002,400,663.5475,16,0.06911953125
72830003,400,3831.293333333333,27,0.3990930555555555
72830004,400,1878.6599999999999,2,0.19569374999999997
72830006,400,1230.9304615384615,455,0.12822192307692307
72830014,400,3219.608888888889,27,0.3353759259259259
72830016,250,1109.88,2,0.18498
72830018,250,2234.35,8,0.3723916666666667
72830024,400,1006.62,2,0.10485625
72830028,400,2406.7200000000003,455,0.25070000000000003
72830036,630,2217.3116483516483,455,0.14664759579045292
72830047,1000,4669.714285714285,455,0.19457142857142856
72830051,400,870.753417721519,79,0.09070348101265822
72830052,1000,3896.075575221239,226,0.16233648230088496
72830054,400,2694.8865753424657,438,0.2807173515981735
72830056,630,1203.259111111111,450,0.07958062904174014
72830066,1000,3449.9011764705883,17,0.14374588235294117
72830071,630,3071.5468131868133,455,0.20314463050177337
72830074,1000,1780.32,2,0.07418
72830075,630,5954.768093385213,257,0.39383386861013314
72830077,630,5599.88923076923,325,0.37036304436304435
72830079,630,5139.8,64,0.3399338624338624
72830081,630,4120.891428571429,455,0.2725457294028723
72830084,1250,8870.691156462584,441,0.2956897052154195
72830087,1000,417.44153846153847,442,0.017393397435897438
72830090,160,479.9782417582418,455,0.12499433379120879
72830093,1000,2220.8676923076923,416,0.09253615384615385
72830097,1000,1192.576,15,0.04969066666666667
72830098,630,3118.114285714286,21,0.20622448979591837
72830128,400,958.735,16,0.09986822916666667
72840001,1250,1912.0627450980392,51,0.0637354248366013
72840004,1000,3767.3474509803923,51,0.15697281045751635
72840024,630,46.49010989010989,455,0.0030747427175998607
72840031,1000,3110.4140659340655,455,0.12960058608058606
72840043,1000,3734.6996043956046,455,0.15561248351648352
72840044,630,2873.6315789473683,19,0.19005499860763017
72840045,630,892.8107252747253,455,0.05904832839118554
72840060,1000,2453.7599999999998,7,0.10223999999999998
72840061,1000,5832.4719191919185,99,0.24301966329966326
72840062,1000,9845.886315789474,76,0.4102452631578947
72840063,1600,1736.1599999999999,10,0.045212499999999996
72840064,1000,2406.0800000000004,19,0.10025333333333335
72840089,630,195.45,8,0.0129265873015873
72840113,1000,1467.5338378378378,370,0.06114724324324324
72840124,160,167.2578947368421,19,0.04355674342105263
72840130,400,1140.2278899082569,218,0.1187737385321101
72840141,400,2082.905934065934,455,0.21696936813186815
72840144,1000,1334.6325,128,0.0556096875
72840145,630,1527.81875,128,0.10104621362433862
72840148,630,6345.802898550724,207,0.4196959588988574
72840156,1000,4653.019428571428,455,0.1938758095238095
72840158,1000,6788.3826086956515,23,0.2828492753623188
72840159,630,2929.8558139534885,258,0.1937735326688815
72840160,400,575.7233333333334,36,0.05997118055555556
72840163,400,1393.1873684210527,19,0.14512368421052632
72840164,630,854.2090909090908,22,0.05649531024531024
72840167,400,4297.314,20,0.44763687500000005
72840173,630,2190.364705882353,51,0.14486539060068473
72840180,1000,6811.495384615385,455,0.2838123076923077
72840186,630,0.0,59,0.0
72840187,400,2340.7270588235297,51,0.24382573529411766
72840188,400,3217.4577777777777,27,0.33515185185185187
72840200,250,1177.6896213808463,449,0.1962816035634744
72840203,100,840.1844444444445,54,0.35007685185185183
72840204,160,382.8965274725275,455,0.09971263736263737
72840205,400,508.77222222222224,54,0.05299710648148148
72840224,250,2712.188888888889,36,0.4520314814814815
72840231,400,3687.2725291828797,257,0.38409088845655
72840232,400,0.0,6,0.0
72840276,160,553.3457142857143,14,0.14410044642857142
72840285,50,131.6935294117647,34,0.10974460784313725
72840292,250,1398.2800879120878,455,0.23304668131868128
72840335,400,1600.4339454094293,403,0.16671186931348222
72840348,250,2001.9338901098902,455,0.33365564835164835
72840350,250,166.58666666666667,3,0.027764444444444446
72840368,250,142.98000000000002,444,0.023830000000000004
72840372,1250,7460.1160439560435,455,0.2486705347985348
72840378,1000,6007.886065934066,455,0.2503285860805861
72840379,1250,7923.523008849557,452,0.2641174336283186
72840387,630,508.90000000000003,2,0.03365740740740741
72840456,250,760.2895238095238,21,0.12671492063492062
72840463,400,2568.3111111111107,54,0.26753240740740736
72840471,250,0.0,54,0.0
72840497,400,4040.471111111111,27,0.4208824074074074
72840565,250,1661.6304761904762,21,0.2769384126984127
72840566,250,1604.1104761904762,21,0.26735174603174605
72840582,1000,5897.59156043956,455,0.24573298168498167
72840649,1000,4029.073582417582,455,0.16787806593406593
72840726,250,251.2290909090909,33,0.04187151515151515
72840734,1000,2477.654945054945,455,0.10323562271062271
72840735,1000,2816.438857142857,455,0.11735161904761905
72840766,1000,10118.544175824176,455,0.42160600732600734
72840776,250,1566.2067114093961,447,0.26103445190156604
72840789,630,1672.9252747252747,455,0.11064320600034885
72840804,1250,1346.2997802197804,455,0.04487665934065935
72840811,1000,4897.247022900763,262,0.2040519592875318
72840813,630,2702.967032967033,455,0.17876766091051804
72840845,1000,4740.295736263736,455,0.19751232234432234
72840846,1000,4110.5292549019605,255,0.1712720522875817
72840909,1000,7100.207058823529,34,0.29584196078431374
72840910,630,3172.8133333333335,255,0.20984215167548503
72930002,250,613.8129133858268,127,0.10230215223097114
72930004,400,1008.3733333333333,126,0.10503888888888889
72930006,400,938.8,2,0.09779166666666667
72930010,400,520.0762204724409,127,0.0541746062992126
72930011,250,630.5732283464567,127,0.10509553805774279
72930012,400,3713.2721212121214,198,0.38679917929292934
72930013,250,1488.8000000000002,149,0.24813333333333337
72930016,250,1772.9761194029852,201,0.2954960199004975
72930018,630,0.0,192,0.0
72930019,400,1177.6988976377954,127,0.12267696850393703
72930020,250,519.1697637795276,127,0.0865282939632546
72930022,400,1301.9420895522387,201,0.13561896766169154
72930024,250,835.1121739130435,184,0.1391853623188406
72930025,250,3575.9473684210525,114,0.5959912280701755
72930026,630,3356.0984693877554,196,0.22196418448331715
72930028,400,2827.1137007874017,127,0.2944910104986877
72930029,250,819.767578125,128,0.1366279296875
72930058,630,1022.4377952755906,127,0.06762154730658668
72930059,400,1531.1867716535432,127,0.15949862204724408
72930060,400,728.9860089686099,223,0.07593604260089687
72930062,400,1079.5457534246575,219,0.11245268264840182
72930063,400,1057.887157894737,190,0.11019657894736842
72930072,250,504.6992125984252,127,0.08411653543307086
72930073,250,974.5195161290322,124,0.1624199193548387
72930074,160,902.3834482758621,116,0.23499568965517242
72930087,250,317.9596850393701,127,0.05299328083989501
72930088,160,841.235,96,0.21907161458333332
72930097,160,549.2882539682539,189,0.14304381613756612
72930098,250,680.4856888888888,225,0.11341428148148147
72930117,160,455.2785650224215,223,0.11856212630792226
72930121,160,983.1384,225,0.25602562500000003
72930128,250,993.2945964912282,285,0.16554909941520468
72930134,250,657.36,21,0.10956
72930142,160,1083.699074733096,281,0.2822133007117438
72930143,160,1031.4085517241379,145,0.26859597701149424
72930144,250,165.54936263736266,455,0.027591560439560445
72930145,160,0.0,159,0.0
72930146,100,0.0,225,0.0
72930157,50,48.187659574468086,188,0.040156382978723405
72930161,160,334.45454545454544,176,0.08709753787878788
72930164,160,1047.414,80,0.2727640625
72930169,400,103.49102362204725,127,0.010780314960629922
72930171,160,233.92241379310346,174,0.06091729525862069
72930172,250,609.5295238095238,126,0.10158825396825397
72930173,160,506.9554285714285,35,0.13201964285714285
72930175,250,85.72564971751413,177,0.014287608286252355
72930185,250,522.8681481481482,189,0.0871446913580247
72930187,160,56.06181102362205,127,0.014599429954068242
72930192,100,120.78666666666666,54,0.05032777777777778
72930193,100,110.16213903743315,187,0.04590089126559715
72930194,100,310.4987050359712,139,0.12937446043165468
72930209,100,185.61127659574467,188,0.0773380319148936
72930210,250,393.1239111111111,225,0.06552065185185185
72930213,100,81.12610169491525,118,0.033802542372881356
72930214,50,68.04158192090395,177,0.05670131826741996
72930216,100,151.71703703703704,162,0.06321543209876544
72930217,100,71.04992125984252,127,0.029604133858267715
72930218,100,408.3380790960452,177,0.17014086629001882
72930223,100,62.51967213114754,122,0.026049863387978142
72930225,100,53.28648648648649,222,0.022202702702702703
72930227,100,40.575575221238935,113,0.016906489675516223
72930230,160,156.23063829787233,188,0.04068506205673759
72930231,250,250.9205970149254,201,0.041820099502487565
72930244,250,841.6471578947368,190,0.14027452631578946
72930246,250,1319.8693670886075,79,0.21997822784810125
72930258,400,239.16472440944884,127,0.024912992125984253
72930260,400,615.3514960629922,127,0.06409911417322835
72930262,400,674.5743396226416,106,0.0702681603773585
72930264,400,447.68692913385826,127,0.04663405511811024
72930267,160,1073.6769620253165,79,0.27960337552742615
72930268,400,569.2141592920353,226,0.059293141592920345
72930269,250,858.7478260869566,23,0.14312463768115943
72930291,100,11.753076923076923,78,0.004897115384615385
72930293,400,648.132,80,0.06751375
72930294,250,72.2698947368421,190,0.01204498245614035
72930302,100,447.4075,16,0.18641979166666667
72930303,100,430.52418604651166,172,0.17938507751937985
72930305,160,675.2489763779528,127,0.1758460875984252
72930308,160,0.0,174,0.0
72930311,100,172.56363636363636,121,0.07190151515151515
72930312,160,332.64309278350515,97,0.08662580541237114
72930313,100,150.37844444444443,180,0.06265768518518518
72930316,100,255.6460663507109,211,0.1065191943127962
72930320,100,400.5824390243903,41,0.16690934959349596
72930324,100,564.5904761904761,21,0.23524603174603173
72930325,100,218.04244444444444,180,0.09085101851851851
72930326,160,1062.9,174,0.276796875
72930327,50,107.85228346456692,127,0.0898769028871391
72930328,100,21.823125,192,0.009092968750000001
72930329,100,0.0,1,0.0
72930330,100,6.911884057971014,69,0.002879951690821256
72930331,100,264.194,120,0.11008083333333334
72930332,160,517.4964971751413,177,0.13476471280602637
72930333,100,99.62305084745762,177,0.04150960451977401
72930335,250,758.045925925926,162,0.126340987654321
72930336,100,420.2022580645161,124,0.17508427419354838
72930337,100,383.04860986547084,223,0.15960358744394618
72930340,100,133.12453608247424,97,0.05546855670103093
72930341,100,202.48941176470586,85,0.08437058823529411
72930373,160,361.41653333333335,225,0.09411888888888889
72930400,400,335.32,3,0.034929166666666664
72930448,160,397.6090425531915,188,0.10354402149822696
72930455,250,1230.16,10,0.2050266666666667
72930456,250,1575.6748768472905,203,0.2626124794745484
72930458,250,268.7947413793103,232,0.044799123563218385
72930461,100,320.64972972972976,37,0.13360405405405407
72930463,100,122.3290909090909,22,0.05097045454545454
72930476,100,260.1020627802691,223,0.10837585949177879
72930480,100,637.9852873563218,87,0.2658272030651341
72930481,160,772.974,110,0.20129531250000002
72930483,250,598.6593406593406,455,0.09977655677655677
72930491,100,399.12363636363636,99,0.16630151515151514
72930492,100,235.41441758241757,455,0.09808934065934065
72930494,250,50.47438596491228,57,0.008412397660818713
72930500,160,718.7989090909091,110,0.1871872159090909
72930501,250,988.04,110,0.16467333333333334
72930502,250,424.8669090909091,110,0.07081115151515151
72930507,160,1220.4887368421053,190,0.3178356085526316
72930508,100,98.61136842105263,190,0.0410880701754386
72930510,160,94.4341935483871,124,0.024592237903225806
72930511,250,800.3907368421052,190,0.13339845614035087
72930514,160,254.63794736842104,190,0.06631196546052631
72930515,50,1.3990526315789473,190,0.001165877192982456
72930540,250,198.87644444444445,225,0.03314607407407407
72930541,400,770.5954639175258,97,0.08027036082474227
72930565,250,297.0119371727749,191,0.049501989528795816
72930571,250,427.8479069767442,172,0.07130798449612404
72930572,400,1099.490305676856,229,0.1145302401746725
72930574,400,501.2511219512195,205,0.05221365853658536
72930576,250,302.9110588235294,85,0.050485176470588235
72930603,250,841.8828440366972,218,0.14031380733944954
72930609,400,117.9259842519685,127,0.012283956692913385
72930624,250,735.3449450549451,455,0.12255749084249086
72930651,160,656.6141732283464,127,0.17099327427821523
72930664,250,2210.0099999999998,24,0.36833499999999997
72930666,100,606.8012738853504,157,0.25283386411889597
72930686,100,222.97852631578945,95,0.09290771929824561
72930691,100,304.7383157894737,190,0.12697429824561404
72930692,400,1121.778,80,0.11685187500000001
72930731,160,432.33688073394495,218,0.11258772935779816
72930732,160,154.14774193548388,62,0.04014264112903226
72930739,250,391.5671208791209,455,0.06526118681318682
72930752,160,202.08517647058824,255,0.05262634803921569
72930754,250,177.42749999999998,416,0.029571249999999997
72930755,250,70.22347252747252,455,0.011703912087912088
72930767,120,316.6735930735931,231,0.10995610870610872
72930772,100,362.7615824175824,455,0.15115065934065933
72930798,160,63.25556043956044,455,0.016472802197802196
72930800,100,139.53603524229075,454,0.05814001468428781
72940003,1250,5449.02905982906,117,0.181634301994302
72940013,1000,0.0,194,0.0
72940014,630,4624.3369369369375,111,0.3058423900090567
72940020,630,2180.594708994709,189,0.14421922678536436
72940021,400,1502.5125827814568,453,0.15651172737306843
72940023,400,2876.3234645669295,127,0.29961702755905517
72940025,400,270.1224742268041,97,0.02813775773195876
72940026,400,2549.6825615763546,203,0.26559193349753696
72940027,630,4318.767010309279,97,0.2856327387770687
72940028,1000,5633.091338582677,127,0.23471213910761154
72940030,630,2891.6208955223883,201,0.19124476822238018
72940033,630,4137.789361702128,188,0.2736633175728921
72940040,400,3449.1089361702125,188,0.3592821808510638
72940044,400,3230.556850393701,127,0.3365163385826772
72940045,630,5991.291139240507,79,0.396249413970933
72940046,1000,2645.0330708661418,127,0.11020971128608924
72940048,1000,4615.629128205129,195,0.19231788034188038
72940050,400,989.721038961039,77,0.10309594155844155
72940051,400,750.8189162561575,203,0.07821030377668307
72940053,630,4473.880874316939,183,0.2958915922167288
72940056,630,2654.5537313432837,134,0.17556572297243941
72940057,400,1612.2822047244094,127,0.16794606299212597
72940058,400,2098.037014925373,201,0.2185455223880597
72940059,400,2209.056216216216,111,0.2301100225225225
72940060,400,1606.6152475247527,202,0.16735575495049507
72940061,400,2497.711515151515,198,0.2601782828282828
72940062,630,2.5725000000000002,128,0.00017013888888888892
72940064,630,2560.859212598425,127,0.16936899554222387
72940065,630,3581.588686868687,198,0.23687755865533644
72940072,630,2299.0417910447763,201,0.1520530285082524
72940073,630,1824.8740157480315,127,0.12069272590926135
72940074,1000,2845.332277227723,202,0.11855551155115512
72940089,400,564.54,2,0.05880625
72940090,630,3470.369841269841,126,0.229521814898799
72940091,250,700.7866666666666,120,0.11679777777777778
72940092,1000,2387.900787401575,127,0.0994958661417323
72940093,400,2969.7713385826773,127,0.3093511811023622
72940094,1250,3520.109090909091,176,0.11733696969696969
72940095,630,2934.8541871921184,203,0.19410411290953164
72940096,1000,0.0,138,0.0
72940097,630,3830.714285714286,126,0.253354119425548
72940098,1000,2530.9995073891628,203,0.10545831280788179
72940100,1000,6579.31842519685,127,0.2741382677165354
72940101,400,900.1581102362205,127,0.09376646981627297
72940127,630,938.0110375275938,453,0.06203776703224827
72940128,250,713.9933858267717,127,0.11899889763779528
72940132,800,1151.131914893617,188,0.05995478723404255
72940133,800,951.7172093023256,129,0.04956860465116279
72940134,800,1723.7632978723404,188,0.08977933843085106
72940274,160,634.8882666666666,225,0.1653354861111111
72940452,1250,6950.596875,128,0.2316865625
72940458,1000,1527.3396043956045,455,0.06363915018315018
73010001,20100,595.5162197802198,455,0.0012344863594117325
73030003,630,3771.348235294118,255,0.24942779333955806
73030006,1250,7772.314893617021,47,0.2590771631205674
73030009,1000,1424.222117647059,255,0.05934258823529412
73030010,1000,8082.063246073299,382,0.3367526352530541
73030012,400,2803.713846153846,39,0.29205352564102566
73030016,630,1667.2734065934067,455,0.11026940519797664
73030018,400,1177.7817482517482,286,0.12268559877622377
73030029,1000,4337.892173913044,46,0.18074550724637684
73030075,400,2829.7482105263157,285,0.29476543859649124
73030076,630,2511.1260869565217,46,0.1660797676558546
73030101,160,880.938947368421,19,0.2294111842105263
73030104,250,60.96,1,0.01016
73030133,400,428.0,3,0.044583333333333336
73030138,50,183.4762197802198,455,0.15289684981684984
73040002,1000,8519.460000000001,80,0.35497750000000006
73040004,400,4338.9,40,0.45196875
73040015,400,3245.172,160,0.33803875
73040019,1000,7540.467340659341,455,0.31418613919413924
73040020,1000,1707.5790476190477,84,0.071149126984127
73040021,630,0.0,2,0.0
73040158,100,818.2445132743363,452,0.3409352138643068
73040202,400,169.28936170212768,47,0.0176343085106383
73040613,250,461.77770114942535,348,0.07696295019157089
73040704,630,2308.9,2,0.15270502645502645
73040706,100,86.80632967032966,455,0.036169304029304024
73130002,250,411.95619469026553,113,0.06865936578171092
73130005,400,2881.4969670329674,455,0.3001559340659341
73130007,250,546.7056410256411,429,0.09111760683760685
73130008,160,615.4495384615384,455,0.1602733173076923
73130009,400,4046.62,102,0.42152291666666664
73130010,250,255.29967213114756,61,0.04254994535519126
73130015,400,1616.2058015267176,131,0.1683547709923664
73130016,160,861.0790243902438,41,0.22423932926829265
73130022,630,0.0,168,0.0
73130023,400,1166.9115789473685,114,0.12155328947368423
73130025,250,400.72,2,0.06678666666666667
73130027,250,607.4876190476191,126,0.10124793650793651
73130037,250,1771.846956521739,23,0.2953078260869565
73130044,400,138.69,4,0.014446875
73130045,400,231.66,2,0.02413125
73130049,250,531.8364835164836,91,0.08863941391941392
73130061,250,1354.6482656826568,271,0.22577471094710946
73130063,250,1421.9491868131868,455,0.23699153113553112
73130066,250,614.9890909090908,121,0.10249818181818181
73130078,400,0.0,159,0.0
73130080,250,183.54066176470587,272,0.030590110294117647
73130089,250,254.2030769230769,455,0.04236717948717948
73130090,250,241.32145833333334,288,0.040220243055555556
73130092,400,426.181978021978,91,0.044393956043956045
73130094,400,864.3642477876107,113,0.09003794247787611
73130095,400,709.3705802047781,293,0.07389276877133105
73130098,400,1575.0342857142857,35,0.16406607142857144
73130107,400,580.0319999999999,40,0.060419999999999995
73130110,250,1223.8375,288,0.20397291666666667
73130114,250,98.30684210526316,114,0.016384473684210525
73130116,400,0.0,168,0.0
73130117,250,1501.0785903083702,454,0.25017976505139505
73130120,250,896.2498461538462,455,0.14937497435897437
73130134,160,160.64999999999998,2,0.041835937499999996
73130137,250,751.3654505494507,455,0.12522757509157512
73130138,250,601.3796825396826,126,0.10022994708994709
73130141,250,97.41269333333334,375,0.01623544888888889
73130144,160,267.8498901098901,455,0.06975257554945055
73130145,160,194.28145833333332,288,0.05059412977430555
73130160,250,468.5579335793358,271,0.07809298892988929
73130174,160,34.35172566371681,452,0.00894576189159292
73130179,250,1005.0770909090909,110,0.1675128484848485
73130180,400,394.8039344262295,183,0.04112540983606557
73130181,400,1314.5076923076922,455,0.1369278846153846
73130183,400,2121.6192527472526,455,0.2210020054945055
73130184,400,504.528,95,0.052555000000000004
73130187,400,1442.0685714285714,21,0.15021547619047618
73130189,160,583.6821818181818,110,0.15200056818181817
73130191,50,45.52772727272727,132,0.037939772727272725
73130196,100,316.8947783251231,203,0.1320394909688013
73130202,100,246.71607142857144,112,0.1027983630952381
73130208,100,43.66,2,0.018191666666666665
73130219,100,293.36319444444445,288,0.12223466435185185
73130220,160,388.35,2,0.1011328125
73130222,100,302.4416417910448,268,0.12601735074626866
73130224,100,346.79660714285717,448,0.1444985863095238
73130228,160,858.2917874396135,207,0.22351348631239934
73130230,250,1140.9527272727273,22,0.1901587878787879
73130232,250,763.3562616822429,107,0.12722604361370715
73130234,250,0.0,167,0.0
73130236,400,860.815135135135,111,0.08966824324324324
73130237,400,467.784,60,0.0487275
73130238,160,807.4545454545455,132,0.21027462121212123
73130239,160,256.23405405405407,111,0.06672761824324325
73130241,100,325.7451515151515,132,0.13572714646464645
73130242,100,282.6460606060606,132,0.11776919191919191
73130243,160,0.0,168,0.0
73130247,50,44.55413793103448,58,0.03712844827586207
73130248,250,527.1866666666666,24,0.08786444444444444
73130254,400,1634.3363192904658,451,0.17024336659275685
73130255,250,918.4825806451613,372,0.1530804301075269
73130258,250,165.52771084337348,83,0.027587951807228915
73130263,400,130.76521739130433,23,0.0136213768115942
73130264,250,865.4565765765765,111,0.14424276276276274
73130266,250,1992.0934513274335,113,0.3320155752212389
73130270,63,502.59569230769233,455,0.3324045584045584
73130275,250,418.70260869565215,23,0.06978376811594203
73130280,160,1156.2251908396947,131,0.30110031011450383
73130282,400,641.2014065934067,455,0.0667918131868132
73130283,160,342.1898901098901,455,0.08911195054945055
73130288,100,141.6570297029703,202,0.059023762376237625
73130293,250,10.72,2,0.0017866666666666669
73130303,400,895.2055384615385,455,0.09325057692307692
73130304,400,1021.7331147540983,61,0.10643053278688525
73130314,250,301.6086699507389,203,0.05026811165845648
73130317,400,523.1145494505495,455,0.054491098901098906
73130318,160,355.36140659340657,455,0.09254203296703296
73130320,100,284.5489724310777,399,0.11856207184628237
73130321,250,947.4417582417582,91,0.1579069597069597
73130323,250,312.7374828375286,437,0.052122913806254764
73130324,160,196.98366666666666,240,0.05129782986111111
73130328,100,86.79707641196013,301,0.03616544850498339
73130331,100,248.03472527472528,455,0.1033478021978022
73130341,100,159.33481481481482,54,0.06638950617283951
73130342,100,186.60653061224488,49,0.07775272108843537
73130348,160,41.31,2,0.0107578125
73130349,160,170.06764705882352,34,0.04428844975490196
73130353,160,272.21321585903087,454,0.07088885829662263
73130355,100,334.9893333333333,15,0.1395788888888889
73130356,250,1094.5381818181818,55,0.1824230303030303
73130358,160,27.751186440677966,118,0.007226871468926554
73130359,250,104.03999999999999,2,0.017339999999999998
73130361,160,82.83000000000001,2,0.021570312500000004
73130362,160,108.72680851063829,47,0.02831427304964539
73130365,160,83.67466666666667,45,0.021790277777777776
73130368,100,105.81061946902655,113,0.044087758112094394
73130369,250,278.73015503875973,387,0.04645502583979329
73130378,250,372.61526315789473,114,0.06210254385964912
73130386,160,1137.3,61,0.296171875
73130387,250,471.66044444444447,45,0.07861007407407408
73130390,400,1935.514285714286,21,0.20161607142857146
73130392,400,1258.440885608856,271,0.1310875922509225
73130398,1250,1984.1478260869567,92,0.06613826086956523
73130402,160,31.688307692307692,455,0.008252163461538462
73130406,160,678.9392523364486,107,0.17680709696261682
73130409,160,196.0371724137931,290,0.051051346982758615
73130412,250,372.6182178217822,202,0.062103036303630364
73130416,250,63.0955294117647,85,0.01051592156862745
73130420,400,667.8440579710145,207,0.06956708937198068
73130429,160,216.91665914221218,443,0.05648871331828442
73130435,250,397.9164757709251,227,0.06631941262848752
73130437,160,147.4742857142857,21,0.03840476190476191
73130439,250,165.53694117647058,425,0.02758949019607843
73130440,250,396.91580562659846,391,0.06615263427109974
73130445,400,609.1700000000001,132,0.06345520833333335
73130455,100,118.77556043956044,455,0.04948981684981685
73130456,160,184.84510158013546,443,0.048136745203160275
73130457,100,123.18809688581315,289,0.051328373702422145
73130458,250,2614.4814545454547,55,0.43574690909090913
73130459,160,322.42080536912755,447,0.0839637513982103
73130460,250,648.1863736263736,455,0.10803106227106225
73130461,160,369.215668202765,434,0.09614991359447006
73130462,160,318.2599120879121,455,0.08288018543956044
73130463,160,286.6523076923077,455,0.07464903846153846
73130464,160,168.67773333333332,450,0.04392649305555555
73130465,160,565.7297142857143,455,0.14732544642857143
73130466,250,752.5455824175824,455,0.12542426373626372
73130467,400,842.0588340807175,446,0.08771446188340808
73130468,400,588.8732743362832,339,0.06134096607669617
73130471,250,343.57538461538456,455,0.05726256410256409
73130473,160,616.5259602649007,453,0.16055363548565124
73130474,250,539.4092934782609,368,0.08990154891304349
73130475,250,1083.2952967032966,455,0.18054921611721608
73130476,250,570.3408695652174,437,0.0950568115942029
73130477,250,1084.164923076923,455,0.18069415384615384
73130479,160,795.8596125907991,413,0.2072551074455206
73130480,250,801.1082197802198,455,0.13351803663003664
73130481,160,620.3704109589041,219,0.16155479452054794
73130482,250,1156.333744493392,454,0.19272229074889868
73130483,100,99.18391208791209,455,0.041326630036630035
73130484,100,158.2190769230769,455,0.06592461538461537
73130485,100,234.90232967032966,455,0.09787597069597069
73130486,100,214.04316483516484,455,0.08918465201465202
73130487,100,221.70637362637362,455,0.09237765567765567
73130488,160,228.85139072847682,453,0.05959671633554084
73130489,100,134.2923076923077,455,0.055955128205128206
73130490,100,109.71243956043956,455,0.045713516483516486
73130491,100,172.49723076923078,455,0.07187384615384616
73130492,100,213.6721758241758,455,0.08903007326007326
73130493,100,163.55103296703297,455,0.06814626373626374
73130496,400,1052.3165217391304,23,0.10961630434782609
73130498,160,212.9264175824176,455,0.055449587912087914
73130499,100,98.83050549450549,455,0.04117937728937729
73230014,400,2112.9636090225563,133,0.2201003759398496
73230019,400,3253.132907348243,313,0.33886801118210863
73230022,250,181.70327272727272,110,0.030283878787878787
73230031,250,284.50364583333334,288,0.047417274305555555
73230041,160,458.50226600985224,203,0.11940163177339902
73230042,400,527.8199999999999,8,0.054981249999999995
73230044,160,205.75,2,0.05358072916666667
73230051,250,750.1734883720931,129,0.1250289147286822
73230055,400,778.558527607362,163,0.08109984662576687
73230058,250,120.14117647058823,17,0.020023529411764707
73230060,400,1052.7025054945054,455,0.10965651098901098
73230063,250,1214.334962406015,133,0.2023891604010025
73230069,100,63.96817582417582,455,0.026653406593406592
73230075,100,190.87127819548874,133,0.07952969924812031
73230081,160,422.0948571428571,35,0.1099205357142857
73230116,100,477.84409799554567,449,0.19910170749814401
73230117,250,394.69,8,0.06578166666666667
73230126,160,0.0,168,0.0
73230129,160,96.79369727047147,403,0.025206691997518613
73230130,160,84.12410256410257,234,0.021907318376068376
73230134,160,241.99862068965518,58,0.06302047413793103
73230137,250,2063.8586466165416,133,0.34397644110275694
73230141,160,166.9590588235294,255,0.04347892156862745
73230147,250,829.9424498886414,449,0.1383237416481069
73230150,400,589.7045274725275,455,0.061427554945054946
75010201,1800,65.5625550660793,454,0.0015176517376407244
75010202,900,16291.26,455,0.754225
75010304,35800,384157.33318681316,455,0.4471104902081159
75010305,10900,14005.883076923077,455,0.053539308398023996
75010306,1300,13367.866153846153,455,0.42845724852071004
75010310,1300,7392.484,2,0.23693858974358975
75010313,1800,10945.116923076923,455,0.25335918803418805
75010705,35800,0.0,455,0.0
75010706,10900,27607.375384615385,455,0.10553278052223007
75010707,1300,11725.239504405286,454,0.3758089584745284
75010708,35800,283234.7789010989,455,0.32964941678433296
75010709,35800,522072.01582417585,455,0.6076257167413592
75010710,900,3911.5046189376444,433,0.18108817680266873
75020101,35800,45926.24835164835,455,0.053452337467002266
75020108,35800,903936.0806167402,454,1.0520671329338223
75020109,450,95.64043624161074,447,0.00885559594829729
75020110,900,27848.28733480176,454,1.2892725617963778
75020112,900,326.30884615384616,455,0.015106891025641027
75020402,35800,136486.88307692308,455,0.15885344864632575
75020410,10900,63834.17538461539,455,0.24401443189837688
75030107,35800,166012.16,270,0.19321713221601491
75030301,10000,754.6817191977077,349,0.003144507163323782
75030302,10000,547.2699428571428,350,0.0022802914285714286
75040214,10900,41090.67692307692,455,0.1570744530698659
75040215,10900,37613.946774193544,372,0.14378420020716187
75040902,1800,31709.759427207635,419,0.7340222089631397
75040908,35800,11583.850393700788,254,0.013482135001979503
75070101,1800,62312.24769230769,455,1.4424131410256409
75071001,900,101.71123348017622,454,0.00470885340186001
75080106,1250,19531.485441176468,255,0.6510495147058822
75080302,1300,29653.293461538462,455,0.9504260724852072
75080303,10900,56389.264615384614,455,0.21555529287226535
75080305,35800,25340.894505494507,455,0.029493592301553198
75082213,450,17757.645,455,1.6442263888888888
75090401,1200,278.63703296703295,455,0.009674896978021978
75090405,1300,14153.01576923077,455,0.453622300295858
75090406,35800,162116.84967032966,455,0.18868348425317696
75090407,35800,293829.9969026549,452,0.34198090887180504
75092801,630,1985.5333333333335,24,0.1313183421516755
75101912,35800,113580.76291390728,453,0.13219362536534832
75141011,17900,7707.98429752066,363,0.017942235329424256
75141012,35800,45759.20330578513,363,0.05325791818643521
75152901,17900,507.15,2,0.0011805167597765363
75153101,35900,125276.88326848249,257,0.14540028234503538
75153102,35900,91311.80778210117,257,0.10597934979352504
75153103,17900,94487.9437017995,389,0.21994400303025952
75162401,50,403.76175824175823,455,0.33646813186813185
75220302,20900,43384.767548638134,257,0.08649275827080968
75280901,17900,30.026373626373626,455,6.98937933574805e-05
75788601,17900,60673.974725274726,455,0.14123364693965254
77140054,1250,7579.725714285714,455,0.25265752380952383
77140055,630,0.020835164835164836,455,1.3779870922728066e-06
77140057,1000,8451.609448818897,127,0.3521503937007874
77140058,1000,1744.96,2,0.07270666666666667
77140071,160,267.8221052631579,114,0.0697453399122807
77140130,400,3752.6170048309177,207,0.39089760466988727
77140148,400,652.9655172413793,145,0.06801724137931034
77140149,400,3102.403471698113,265,0.3231670283018868
77140192,1000,8847.78021978022,455,0.36865750915750917
77140201,1250,5545.577846153846,455,0.18485259487179487
77140215,1000,1813.3415384615384,455,0.07555589743589744
77140220,1000,3794.7369162995597,454,0.15811403817914832
77140221,1000,2150.5028824833703,451,0.08960428677014043
77140222,1000,2455.5411320754715,53,0.10231421383647799
77140223,1000,3388.07074829932,441,0.14116961451247165
77140226,1000,5259.794838709677,248,0.21915811827956985
77140228,1000,3602.752572706935,447,0.15011469052945564
77140229,1000,1009.1787252747253,455,0.042049113553113554
77140232,50,924.2051868131867,455,0.7701709890109889
77140233,100,27.83853658536585,246,0.011599390243902438
77140259,1000,3679.7334505494505,455,0.15332222710622712
77140263,250,549.1963076923078,455,0.09153271794871796
77140320,100,260.52962637362634,455,0.10855401098901098
77140329,630,1069.550704225352,142,0.07073748043818466
77140367,1000,5834.406681318681,455,0.24310027838827838
77140368,250,825.8385934065934,455,0.13763976556776558
77140378,630,784.6044444444444,450,0.05189182833627278
77140382,250,0.0,168,0.0
77140442,1000,4925.160087912088,455,0.20521500366300366
77140447,1000,4051.5035230352305,369,0.1688126467931346
77140449,1000,1695.0795384615383,455,0.0706283141025641
77140455,1600,10258.286585365853,246,0.2671428798272358
77140515,250,228.27692307692308,455,0.03804615384615385
77140528,250,657.1094505494506,455,0.10951824175824176
77140543,400,1340.4819161676646,167,0.13963353293413172
77140549,1000,2464.983912087912,455,0.10270766300366299
77140560,250,3011.4871208791205,455,0.50191452014652
77140566,250,210.95999999999998,2,0.03516
77140577,630,1931.414065934066,455,0.1277390255247398
77140594,1000,827.3673202614378,306,0.03447363834422658
77140621,400,2070.21075862069,290,0.21564695402298853
77140818,400,712.1427692307693,455,0.07418153846153847
77140892,250,232.88,2,0.03881333333333333
77140893,400,299.44000000000005,2,0.031191666666666673
77141025,160,1358.2438323353294,167,0.35370933133732535
77141044,400,2347.929882352941,255,0.2445760294117647
77141047,250,1023.0163793103447,232,0.17050272988505746
77141083,160,775.0250000000001,2,0.20182942708333335
77141268,400,481.7902702702703,74,0.05018648648648649
77141272,400,674.1,2,0.07021875
77141289,400,431.5173626373626,455,0.04494972527472527
77141411,250,543.4,2,0.09056666666666666
77141417,1250,1487.6191780821916,146,0.04958730593607306
77141440,250,638.56,1,0.10642666666666666
77141447,100,21.52,2,0.008966666666666666
77141487,100,276.88496551724137,145,0.1153687356321839
77141538,400,2703.3205286343614,454,0.28159588839941263
77141560,50,0.0,76,0.0
77141571,250,429.6,2,0.0716
77141588,160,659.0263448275863,145,0.17162144396551726
77141596,160,242.04,3,0.06303125
77141671,50,276.3741453287197,289,0.23031178777393307
77141756,630,203.3,2,0.013445767195767197
77141820,400,1327.0207142857143,168,0.1382313244047619
77141866,1000,1206.1102417582415,455,0.0502545934065934
77141904,400,1262.870588235294,17,0.13154901960784313
77141981,400,4744.042325581396,172,0.4941710755813954
77142004,1000,2319.905934065934,455,0.09666274725274726
77142067,50,25.090835820895524,335,0.02090902985074627
77142099,1000,3092.3199999999997,2,0.12884666666666666
77142100,1000,2710.907317073171,164,0.11295447154471545
77142101,1600,1534.8187134502923,171,0.03996923732943469
77142130,400,53.29120879120879,455,0.005551167582417582
77142141,1000,4115.46654945055,455,0.17147777289377292
77142142,400,2310.8160000000003,455,0.24071000000000004
77142145,50,1.7607912087912088,455,0.0014673260073260073
77142147,630,1902.24,2,0.12580952380952382
77142161,1000,2004.0186373626373,455,0.08350077655677655
77142162,1000,1784.8859607843137,255,0.07437024836601307
77142163,1000,1310.762197802198,455,0.05461509157509158
77142165,120,403.3451428571429,455,0.14005039682539683
77142174,1000,1164.131164835165,455,0.04850546520146521
77142183,400,2322.939956043956,455,0.24197291208791208
77142184,50,56.44958241758242,455,0.04704131868131868
77142250,1000,4250.707692307692,455,0.1771128205128205
77142312,630,948.5019780219781,455,0.06273161230304088
77210001,32250,333.56,110,0.0004309560723514212
77210004,15160,0.0,423,0.0
77230006,400,0.0,9,0.0
77230008,160,401.6083333333333,372,0.10458550347222222
77230014,1000,323.46828282828284,198,0.013477845117845118
77230024,400,859.8,2,0.08956249999999999
77230030,1000,6072.67937360179,447,0.2530283072334079
77230043,630,1910.662973760933,343,0.1263665987937125
77230046,400,3360.5376623376624,308,0.3500560064935065
77230054,250,986.2456470588236,255,0.16437427450980394
77230055,400,0.0,159,0.0
77230064,630,8457.683333333334,84,0.5593705908289243
77230072,630,0.0,168,0.0
77230076,160,1670.7191208791207,455,0.4350831043956044
77230079,250,0.0,168,0.0
77230082,400,1851.8895824175825,455,0.19290516483516484
77230109,100,118.62083516483517,455,0.049425347985347985
77230175,160,411.3925951557094,289,0.10713348832179932
77230187,100,864.8641584158415,202,0.36036006600660064
77230195,50,0.0,168,0.0
77230217,100,477.1713157894736,38,0.19882138157894735
77230256,160,75.62744827586208,435,0.01969464798850575
77230258,50,0.0,168,0.0
77230260,100,77.59149825783972,287,0.03232979094076655
77230266,63,0.0,168,0.0
77230288,160,993.0930000000001,20,0.25861796875000004
77230314,250,971.6935172413793,290,0.16194891954022989
77230322,250,1343.262680412371,291,0.22387711340206184
77230332,100,378.12368600682595,293,0.15755153583617748
77230341,250,977.8441237113402,291,0.1629740206185567
77230357,160,143.89396551724138,290,0.037472386853448274
77230423,400,1733.4886725663716,452,0.1805717367256637
77230435,160,0.0,168,0.0
77230439,400,434.97793103448276,290,0.045310201149425286
77230463,160,0.0,168,0.0
77230494,250,0.0,168,0.0
77230520,250,311.5092607003891,257,0.05191821011673152
77230524,100,350.7111111111111,45,0.14612962962962964
77230527,100,0.0,168,0.0
77230532,250,720.432,75,0.120072
77230619,1000,4308.660747252747,455,0.1795275311355311
77230722,50,0.0,168,0.0
77230724,50,42.587291666666665,288,0.03548940972222222
77230726,50,22.98,1,0.01915
77230737,160,703.7404810996564,291,0.18326575028636888
77230767,160,41.98949494949495,198,0.01093476430976431
77230860,250,630.8748792270532,207,0.10514581320450886
77230862,50,58.86089041095891,292,0.049050742009132425
77230938,1000,1697.483768115942,414,0.07072849033816425
77230940,1000,0.0,4,0.0
77230941,100,588.438309859155,284,0.24518262910798125
77230967,50,69.60740625,320,0.058006171875
77230995,400,3870.2576703296704,455,0.4031518406593407
77240007,630,3753.2074725274724,455,0.24822800744229315
77240014,1000,7906.577534246576,73,0.32944073059360734
77240021,630,96.67147766323025,291,0.006393616247568138
77240024,1250,2717.278241758242,455,0.0905759413919414
77240043,250,371.12,1,0.06185333333333334
77240052,1250,4535.016470588235,85,0.1511672156862745
77240054,630,5455.902945054945,455,0.3608401418687133
77240060,630,876.1481318681319,455,0.057946305017733596
77240067,630,3722.0874725274725,455,0.2461698063840921
77240070,400,2023.5686486486486,444,0.2107884009009009
77240073,630,3055.7226373626377,455,0.20209805802662947
77240075,630,891.2668131868132,455,0.058946217803360665
77240086,400,754.197,80,0.0785621875
77240091,400,3737.288316831683,101,0.38930086633663363
77240103,250,1652.5910652920961,291,0.27543184421534933
77240109,1250,6485.1358241758235,455,0.2161711941391941
77240113,250,1232.9930549450548,455,0.20549884249084246
77240189,250,0.0,168,0.0
77240192,160,29.81051020408163,196,0.007763153698979591
77240193,160,254.83660899653978,289,0.06636370025951557
77240200,100,332.25439446366784,289,0.13843933102652828
77240212,100,44.23904761904762,294,0.018432936507936506
77240312,250,630.8532413793104,290,0.10514220689655172
77240313,160,604.3277884615385,208,0.1573770282451923
77240315,160,842.7124137931035,290,0.21945635775862068
77240414,400,108.59727272727272,44,0.011312215909090909
77240426,160,0.0,1,0.0
77240456,160,571.3125,8,0.148779296875
77240573,160,138.89535911602212,181,0.03617066643646409
77240574,160,209.78079470198674,453,0.054630415286975716
77240628,630,2441.21978021978,455,0.16145633467062037
77330001,40,170.3211868131868,455,0.17741790293040294
77340005,160,0.0,1,0.0
77340010,630,9027.172,80,0.5970351851851852
77340014,630,4067.988363636364,275,0.2690468494468495
77340025,630,1865.3033333333333,180,0.12336662257495591
77340041,630,6232.913636363636,88,0.4122297378547378
77340059,250,0.0,1,0.0
77340064,160,379.13622641509437,159,0.0987333922955975
77340090,630,4054.619178082192,73,0.268162644053055
77340091,630,1010.64,1,0.06684126984126984
77340095,1000,3621.2250000000004,72,0.15088437500000002
77340140,160,387.71977142857145,175,0.10096869047619048
77340162,160,421.53186666666664,450,0.1097739236111111
77340168,250,1274.793846153846,13,0.212465641025641
77340178,250,712.0412121212121,33,0.11867353535353535
77340222,50,54.844472049689436,161,0.04570372670807453
77340236,100,730.3495192307693,104,0.3043122996794872
77340237,160,262.56297520661155,121,0.06837577479338842
77340238,250,474.39399103139016,446,0.07906566517189836
77340259,250,549.1666666666666,36,0.09152777777777778
77340261,160,578.5999999999999,4,0.15067708333333332
77340269,50,23.28334065934066,455,0.019402783882783884
77340275,250,252.73846153846154,390,0.04212307692307692
77340276,160,77.60167487684728,203,0.02020876949917898
77340298,50,0.0,3,0.0
77340310,160,1268.9933714285714,175,0.3304670238095238
77340314,160,177.45615894039736,302,0.04621254139072848
77340325,250,124.24,2,0.020706666666666665
77340346,160,735.9797014925373,134,0.19166138059701493
77340350,160,902.7948691099476,191,0.2351028304973822
77340417,160,0.0,168,0.0
77340420,160,161.12571428571428,175,0.04195982142857143
77340423,100,328.45,3,0.13685416666666667
77340427,250,1397.462857142857,455,0.23291047619047617
77340430,100,129.62125714285716,175,0.05400885714285715
77340433,160,94.30638461538462,260,0.024558954326923076
77340435,50,0.0,168,0.0
77340450,250,184.57214659685863,191,0.030762024432809773
77340454,100,490.5475324675325,154,0.2043948051948052
77340456,400,1002.3315164835166,455,0.10440953296703298
77340481,250,748.6974093264249,193,0.12478290155440415
77340484,160,642.9816216216217,111,0.16744313063063065
77340486,250,2222.4791666666665,192,0.3704131944444444
77340491,100,152.98067415730338,89,0.06374194756554308
77340492,400,948.239365079365,189,0.09877493386243386
77340494,100,189.24601226993863,163,0.07885250511247444
77340525,400,2777.7027272727273,44,0.2893440340909091
77340537,400,529.32,3,0.055137500000000006
77340547,50,181.50777777777776,36,0.15125648148148146
77340557,400,1416.12,3,0.1475125
77340558,100,55.56,1,0.02315
77340561,250,2735.6296629213484,89,0.45593827715355806
77340567,160,227.166,30,0.0591578125
77340590,250,600.3111111111111,36,0.10005185185185185
77340599,63,127.00380047505938,421,0.08399722253641494
77340601,160,191.18857142857144,147,0.04978869047619048
77340608,250,0.0,168,0.0
77340641,250,105.96,2,0.01766
77340685,160,374.04571428571427,455,0.09740773809523809
77340714,250,281.5575,272,0.04692625
77340715,250,1111.2052747252746,182,0.1852008791208791
77340722,100,66.85672727272727,55,0.027856969696969696
77340732,400,1982.2508411214953,107,0.20648446261682243
77340758,400,2134.64,22,0.22235833333333332
77340765,50,30.00609375,128,0.025005078125
77340766,400,2805.497142857143,7,0.2922392857142857
77340774,100,437.8986956521739,138,0.18245778985507247
77340796,400,163.68,2,0.01705
77340814,160,645.7046857142858,175,0.16815226190476193
77340869,160,0.0,2,0.0
77340872,160,100.6659649122807,114,0.026215095029239764
77340883,50,72.66000000000001,3,0.06055000000000001
77340899,100,695.0788598574823,421,0.2896161916072843
77340981,160,125.47500000000001,2,0.03267578125
77340994,400,1214.9915151515152,330,0.12656161616161615
77341034,100,1135.0524137931034,174,0.4729385057471264
77341060,100,216.3601960784314,204,0.09015008169934641
77341075,160,531.0268965517241,232,0.13828825431034483
77341077,160,326.064,5,0.0849125
77341100,100,36.92843956043956,455,0.015386849816849816
77341101,100,78.73219143576826,397,0.03280507976490344
77341106,160,263.56892307692306,455,0.06863774038461538
77341119,400,294.53971830985915,71,0.030681220657276995
77341121,1000,2357.633139158576,309,0.09823471413160732
77341127,1000,3101.6981098901097,455,0.12923742124542123
77341208,100,108.7454945054945,455,0.04531062271062271
77341212,160,110.86694505494505,455,0.028871600274725275
77341224,100,72.57068557919622,423,0.030237785657998426
77341225,160,92.28698901098902,455,0.024033070054945056
77440009,1250,928.7261538461539,455,0.030957538461538463
77440123,160,458.4363956043956,455,0.11938447802197802
77440134,160,346.7573333333333,135,0.09030138888888888
77440142,160,50.76198675496689,453,0.01321926738410596
77440143,50,109.99175824175825,455,0.09165979853479854
77440153,100,46.63734104046243,173,0.019432225433526015
77440158,50,6.230529595015576e-05,321,5.1921079958463137e-08
77440191,100,176.5236923076923,455,0.07355153846153846
77440201,100,298.13186813186815,455,0.12422161172161172
77440253,250,515.0859459459459,444,0.08584765765765766
77440254,250,146.84,2,0.024473333333333333
77440261,50,39.70148606811146,323,0.033084571723426215
77440267,160,215.63683516483516,455,0.05615542582417583
77440284,50,10.329999999999998,2,0.008608333333333332
77440312,100,230.84782417582417,455,0.0961865934065934
77440313,630,1444.7771428571427,455,0.09555404383975812
77440316,250,345.874989010989,455,0.0576458315018315
77440319,250,51.66962637362637,455,0.008611604395604395
77440323,100,98.16096551724138,290,0.04090040229885057
77530002,50,10.63534065934066,455,0.008862783882783883
77530003,50,70.28531868131869,455,0.058571098901098906
77540019,400,2539.6235514018695,321,0.2645441199376947
77540074,250,323.4966153846154,455,0.053916102564102564
77540075,100,242.59675213675214,234,0.10108198005698006
77540077,160,54.238945054945056,455,0.014124725274725275
77540078,100,228.81261467889908,436,0.09533858944954128
77540085,100,104.54162637362639,455,0.04355901098901099
77540092,100,4.914597402597402,154,0.0020477489177489175
77540096,50,117.4600879120879,455,0.09788340659340658
77540099,50,122.57727472527473,455,0.10214772893772894
77540117,100,81.04681415929204,452,0.03376950589970502
77540131,100,223.03118644067797,59,0.09292966101694916
77540136,160,31.942241758241757,455,0.008318292124542125
77540137,40,59.05648351648352,455,0.06151717032967033
77540142,250,269.3069124423963,434,0.04488448540706605
77540144,100,108.5202857142857,350,0.04521678571428571
77540145,50,81.1978156996587,293,0.06766484641638225
77540160,160,253.7684835164835,455,0.06608554258241758
77540161,160,172.64057142857143,455,0.044958482142857144
77540169,50,21.834,120,0.018195
77540173,50,25.99297071129707,239,0.02166080892608089
77540175,100,39.0378021978022,455,0.01626575091575092
77540176,100,38.517647058823535,204,0.016049019607843138
77540180,100,106.00905494505496,455,0.04417043956043956
77540191,160,49.26,2,0.012828125
77540194,100,121.58407643312103,314,0.05066003184713376
77540199,50,23.470725274725275,455,0.019558937728937728
77540207,160,492.6131165919283,446,0.128284665779148
77540211,160,6.0600000000000005,2,0.001578125
77540212,160,40.49843137254902,255,0.010546466503267975
77540213,160,8.79,2,0.0022890625
77540220,160,338.97594654788423,449,0.08827498608017818
77540222,50,48.43116504854369,309,0.040359304207119744
77540234,100,61.53194630872483,447,0.02563831096196868
77540235,160,541.2284835164835,455,0.1409449175824176
77540240,50,101.2053125,320,0.08433776041666667
77540247,160,57.90692307692307,130,0.015079927884615383
77540255,160,29.589473684210528,266,0.007705592105263158
77540258,160,32.250491803278685,122,0.008398565573770491
77540263,50,20.933822222222222,450,0.01744485185185185
77540280,160,242.87485714285714,455,0.06324866071428571
77540289,50,23.366065934065933,455,0.01947172161172161
77540303,250,128.77837362637362,455,0.02146306227106227
77540306,50,62.62350746268656,268,0.05218625621890547
77540310,50,8.011743119266054,109,0.006676452599388379
77540332,50,1.7894273127753304,454,0.0014911894273127754
77540344,160,35.877758241758244,455,0.00934316620879121
77540362,160,21.96857142857143,7,0.005720982142857143
77540366,120,301.91032258064513,62,0.10482997311827956
77540370,160,423.74082191780826,438,0.11034917237442923
77540371,160,0.0,3,0.0
77540372,160,0.0,3,0.0
77630014,50,325.359588688946,389,0.27113299057412166
77630024,160,1354.522894736842,76,0.35274033717105263
77630025,100,630.3409756097561,41,0.26264207317073174
77630062,160,1943.370065934066,455,0.5060859546703297
77630118,250,1492.1844395604396,455,0.2486974065934066
77630134,400,0.0,7,0.0
77630135,160,622.72,7,0.16216666666666668
77630136,250,0.09142857142857143,7,1.5238095238095238e-05
77630137,400,93.24,7,0.009712499999999999
77630169,160,539.023661971831,71,0.1403707453051643
77630170,100,281.952,70,0.11748
77640009,630,2069.730555555556,72,0.13688694150499708
77640020,630,3485.8857142857146,7,0.23054799697656841
77640021,400,1801.5701408450705,71,0.18766355633802817
77640026,1000,5215.927887323944,71,0.21733032863849766
77640028,630,1180.338028169014,71,0.07806468440271257
77640031,400,561.5428571428572,7,0.058494047619047626
77640087,250,1242.7755304740408,443,0.2071292550790068
77640150,100,287.4297142857143,455,0.11976238095238095
77640153,50,181.9032087912088,455,0.15158600732600735
77640161,50,134.92438356164382,73,0.11243698630136985
77640170,50,31.490857142857145,455,0.026242380952380955
77640173,160,120.85391304347826,207,0.031472373188405796
77640174,250,49.0,2,0.008166666666666666
77640179,160,336.8727272727273,176,0.08772727272727272
77640219,630,1974.3182186234817,247,0.1305766017608123
77640221,400,1632.3911208791208,455,0.17004074175824174
77640229,400,1531.930308370044,454,0.15957607378854624
77640239,400,816.064,450,0.08500666666666666
77640244,100,49.65171171171171,444,0.020688213213213215
77730008,630,988.1564835164835,455,0.06535426478283621
77730011,630,1723.2777777777778,126,0.11397339800117579
77730017,250,657.6348131868133,455,0.10960580219780222
77730024,630,3151.3784,250,0.20842449735449736
77730036,630,991.1704,250,0.06555359788359788
77730041,500,2103.945103448276,145,0.17532875862068967
77730044,250,391.4872160356348,449,0.06524786933927247
77730061,630,396.21257142857144,455,0.02620453514739229
77730064,400,714.1820689655171,145,0.07439396551724137
77730092,250,399.23027027027024,222,0.06653837837837838
77730108,160,391.7105431309904,313,0.10200795394036208
77730113,100,118.21615384615384,455,0.04925673076923077
77730159,50,136.92017582417583,455,0.11410014652014652
77730172,50,226.01073170731706,123,0.18834227642276422
77730184,50,101.58,2,0.08465
77730201,50,98.50433420365536,383,0.08208694516971281
77730203,50,252.4569655172414,290,0.21038080459770117
77730294,250,321.9306666666667,30,0.05365511111111112
77730307,160,536.9825630252101,238,0.13983920912114847
77730331,50,279.2096551724138,145,0.23267471264367817
77730338,160,0.0,145,0.0
77730370,160,94.22268131868132,455,0.024537156593406596
77730372,160,386.24136263736267,455,0.1005836881868132
77730409,100,55.17613186813187,455,0.022990054945054947
77730410,120,101.65054945054945,455,0.03529532967032967
77730413,100,143.0349411764706,255,0.05959789215686275
77740022,50,0.0,165,0.0
77740064,100,211.06997802197802,455,0.08794582417582418
77740068,160,246.83393406593407,455,0.06427967032967033
77740076,160,164.82954545454547,44,0.04292436079545455
77740098,50,71.98316964285713,448,0.05998597470238094
77740111,100,112.91868131868132,455,0.047049450549450554
77740129,160,324.4507438016529,121,0.08449238119834711
77740155,100,226.85765853658538,410,0.0945240243902439
77740183,100,24.44698181818182,275,0.010186242424242424
77740206,100,79.10512087912089,455,0.03296046703296704
77740207,60,42.400615384615385,455,0.029444871794871794
77830002,630,2607.7208333333333,48,0.1724683090828924
77830008,400,1190.21,24,0.12398020833333334
77830009,400,2595.48,153,0.2703625
77830011,400,4654.969318681318,455,0.4848926373626373
77830012,400,1780.4125714285715,140,0.18545964285714286
77830013,250,1312.1066666666668,153,0.21868444444444446
77830014,400,2141.883157894737,76,0.22311282894736845
77830016,250,1184.44,69,0.19740666666666667
77830017,400,141.60000000000002,2,0.014750000000000003
77830018,250,1987.1194771241833,153,0.3311865795206972
77830020,250,494.5216703296703,455,0.08242027838827838
77830029,630,2663.277777777778,18,0.17614271017048796
77830031,250,1745.8471287128712,101,0.2909745214521452
77830034,250,113.15789473684211,76,0.018859649122807017
77830038,200,519.000251572327,159,0.10812505241090145
77830041,250,2355.6525974025976,154,0.3926087662337663
77830048,400,3777.4533333333334,27,0.39348472222222225
77830050,630,0.0,75,0.0
77830052,400,6200.234805194806,154,0.6458577922077923
77830054,1000,1471.1907551487413,437,0.06129961479786422
77830055,1000,7099.774241758241,455,0.29582392673992675
77830056,400,3154.5809523809526,147,0.32860218253968254
77830057,250,1674.1858385093167,161,0.2790309730848861
77830076,630,2576.8903225806453,155,0.17042925413893156
77830077,400,2086.1707252747256,455,0.21730945054945058
77830086,400,3786.9227397260274,73,0.3944711187214612
77830087,400,3036.3140186915884,107,0.3162827102803738
77830088,630,3513.082352941177,289,0.23234671646436356
77830090,1000,5115.760522875817,153,0.21315668845315902
77830092,1000,4779.866028708134,209,0.19916108452950557
77830093,400,2825.7960655737706,183,0.2943537568306011
77830095,630,4226.548571428571,175,0.2795336356764928
77830096,400,1405.8600000000001,2,0.14644375
77830097,1000,5996.437333333333,30,0.24985155555555555
77830098,400,3093.8295454545455,88,0.3222739109848485
77830099,400,2458.055433070866,127,0.25604744094488185
77830102,250,1550.3089655172412,203,0.25838482758620684
77830107,400,2156.9885517241382,290,0.2246863074712644
77830108,1000,4396.1098039215685,153,0.18317124183006536
77830109,400,805.8792156862745,153,0.08394575163398693
77830110,250,2075.3715862068966,145,0.3458952643678161
77830111,400,1848.3526903553297,394,0.19253673857868017
77830113,400,1991.010297029703,202,0.20739690594059407
77830115,400,4825.547234042553,94,0.5026611702127659
77830121,400,736.64,1,0.07673333333333333
77830146,400,2111.696210526316,190,0.21996835526315792
77830147,400,371.84,3,0.03873333333333333
77830155,400,1413.54,2,0.14724375
77830160,1000,0.0,149,0.0
77830162,630,3848.482191780822,73,0.2545292454881496
77830165,400,1914.9707142857144,56,0.1994761160714286
77830169,400,3270.7872,175,0.34070700000000004
77830174,400,982.2916770186334,161,0.10232204968944099
77830175,400,2186.796923076923,182,0.22779134615384616
77830177,400,993.0309278350516,97,0.10344072164948453
77830182,1000,4181.8624,75,0.17424426666666668
77830184,400,0.0,168,0.0
77830242,400,206.79806896551725,290,0.02154146551724138
77830272,250,932.0334693877552,147,0.15533891156462587
77830279,400,1801.8977319587627,97,0.18769768041237112
77830281,400,730.2702040816326,147,0.07606981292517007
77830292,100,353.4591780821918,73,0.14727465753424657
77830298,250,234.93,2,0.039155
77830381,400,1025.472039800995,201,0.10682000414593697
77830383,160,1136.6797402597401,77,0.296010349025974
77830424,250,443.4730944625407,307,0.07391218241042345
77830425,250,240.30985915492957,142,0.04005164319248826
77830488,250,1276.785523809524,105,0.21279758730158732
77830500,50,86.51805739514349,453,0.07209838116261957
77830605,250,1192.3765333333333,150,0.19872942222222223
77830606,160,470.57020408163265,49,0.12254432397959183
77830703,160,322.8117525773196,97,0.08406556056701033
77830708,250,527.4085714285713,28,0.08790142857142856
77830715,1250,3704.9995604395604,455,0.12349998534798534
77830720,630,2465.296240601504,133,0.16304869316147513
77830722,160,256.5915436241611,447,0.06682071448545862
77830723,250,48.28596881959911,449,0.008047661469933185
77830724,250,158.816,450,0.026469333333333334
77830735,400,3463.0577142857146,140,0.3607351785714286
77830740,1000,2875.5970093457945,107,0.11981654205607477
77830776,100,94.12263736263736,455,0.039217765567765565
77830784,400,302.21195604395604,455,0.03148041208791209
77840058,1000,6263.400387096774,155,0.26097501612903223
77840063,630,4544.920415224913,289,0.3005899745519122
77840072,1250,9144.730555555556,288,0.30482435185185186
77840075,1250,6316.2701298701295,154,0.21054233766233765
77840170,160,0.0,138,0.0
77840172,400,2948.292,40,0.30711375
77840176,400,380.76,2,0.039662499999999996
77840177,160,74.39173469387755,196,0.019372847576530614
77840178,250,649.7392207792208,77,0.10828987012987012
77840181,160,773.7081632653062,294,0.20148650085034017
77840271,250,792.1142857142858,455,0.13201904761904762
77840276,400,1559.5314473684211,304,0.16245119243421052
77840277,250,535.7116398713827,311,0.0892852733118971
77840284,1000,0.0,142,0.0
77840289,400,1424.0489965397924,289,0.1483384371395617
77840290,160,520.74,2,0.135609375
77840291,160,764.1308108108108,74,0.19899239864864865
77840297,250,281.41315789473686,152,0.04690219298245614
77840307,250,2150.267547169811,53,0.35837792452830186
77840355,250,123.5787197231834,289,0.020596453287197232
77840419,160,130.98947368421054,76,0.03411184210526316
77840445,250,6219.777582417582,455,1.0366295970695971
77840478,250,73.02344827586207,29,0.012170574712643678
77840480,250,99.03815602836879,141,0.016506359338061466
77840485,160,0.0,168,0.0
77840575,400,1394.190407239819,442,0.14522816742081449
77840597,400,0.0,142,0.0
77840599,50,330.032,5,0.27502666666666664
77840632,100,73.75035019455252,257,0.030729312581063553
77840672,50,102.60764835164836,455,0.08550637362637364
77840679,250,735.2641025641026,156,0.12254401709401709
77840680,250,0.0,289,0.0
77840692,250,1148.6815189873416,158,0.1914469198312236
77840694,250,412.12,2,0.06868666666666667
77840715,250,465.2353246753247,77,0.07753922077922079
77840726,160,699.4050828729281,181,0.1821367403314917
77840727,250,1397.995741935484,155,0.23299929032258065
77840737,100,153.54,2,0.06397499999999999
77840741,100,118.75223021582735,139,0.0494800959232614
77840744,160,118.56332179930797,289,0.030875865051903116
77840750,160,186.19833333333335,72,0.04848914930555556
77840753,50,190.33679802955666,406,0.1586139983579639
77840774,60,50.09125,16,0.03478559027777778
77840791,50,72.78647435897436,156,0.0606553952991453
77840792,40,34.760000000000005,2,0.036208333333333335
77840793,50,74.84993288590604,149,0.06237494407158837
77840794,160,89.39516778523489,149,0.02327999161073825
77840796,100,26.766945054945054,455,0.011152893772893772
77840797,100,91.25225165562914,151,0.03802177152317881
77840815,100,156.62588235294118,187,0.06526078431372549
77840841,100,87.36671140939598,149,0.036402796420581654
77840845,100,131.54791946308725,149,0.05481163310961969
77840853,100,160.41506493506495,77,0.0668396103896104
77840855,100,211.779,40,0.08824125
77840880,50,89.80107623318385,223,0.07483423019431988
77840882,160,221.33825503355706,149,0.057640170581655485
77840884,100,79.71973154362416,149,0.0332165548098434
77840891,100,495.9261538461538,156,0.20663589743589741
77840892,100,244.42470588235295,136,0.1018436274509804
77840935,250,1043.251472868217,129,0.17387524547803615
77840936,250,1072.0143944636677,289,0.17866906574394462
77840937,400,5580.548096885813,289,0.5813070934256055
77840947,100,285.19875,32,0.11883281250000001
77841058,250,1488.9771428571428,28,0.24816285714285713
77841079,100,295.0028571428572,140,0.12291785714285716
77841082,160,442.75,144,0.11529947916666666
77841083,160,464.8285714285714,140,0.12104910714285715
77841115,400,556.6595221843003,293,0.05798536689419795
77841118,400,538.74,2,0.05611875
77841144,400,1255.9372881355932,118,0.13082680084745762
77841147,400,1477.3077966101696,118,0.15388622881355934
77841202,1000,7034.349473684211,76,0.2930978947368421
77841255,1000,3308.4565853658537,451,0.13785235772357723
77841303,160,41.7032967032967,455,0.010860233516483516
77841342,160,55.94275862068965,203,0.01456842672413793
77940006,160,93.67275862068965,174,0.024393947557471263
77940008,250,231.9444155844156,154,0.0386574025974026
77940022,250,60.0589898989899,99,0.01000983164983165
77940027,160,257.98273809523806,84,0.06718300471230158
77940029,400,2692.976967032967,455,0.2805184340659341
77940037,1000,1290.8958,200,0.053787325
77940043,250,0.0,2,0.0
77940047,1600,0.0,2,0.0
77940051,630,0.0,201,0.0
77940058,400,472.0452336448598,107,0.049171378504672895
77940102,250,249.65014925373134,201,0.041608358208955226
77940141,250,377.4223668639053,169,0.06290372781065089
77940161,250,1258.5980952380953,294,0.2097663492063492
77940182,250,80.98,6,0.013496666666666667
77940217,250,153.03395189003436,291,0.02550565864833906
77940291,250,792.5506598984772,197,0.1320917766497462
77940292,160,628.1933333333333,6,0.16359201388888886
77940317,160,1470.47214953271,107,0.3829354556074766
77940318,160,855.0328888888889,135,0.22266481481481482
77940321,250,339.2304761904762,63,0.056538412698412706
77940322,100,217.74312087912088,455,0.09072630036630036
77940344,160,1345.6935483870968,124,0.3504410282258065
77940371,250,420.8988535031847,157,0.07014980891719745
77940372,160,663.2603973509935,453,0.17272406181015454
77940424,400,0.0,76,0.0
77940470,160,149.40958677685953,121,0.03890874655647383
77940476,160,128.116,5,0.03336354166666667
77940478,400,386.49,8,0.040259375
77940495,1000,6398.1311415525115,438,0.266588797564688
77940496,250,47.00083333333333,96,0.007833472222222223
77940504,250,574.6058039215686,255,0.0957676339869281
77940530,160,119.29872527472527,455,0.031067376373626374
78030177,160,262.6666666666667,3,0.06840277777777778
78030180,250,0.0,168,0.0
78040002,630,1899.7745054945055,455,0.12564646200360485
78040006,630,2792.9950000000003,120,0.18472189153439156
78040007,250,268.386875,128,0.044731145833333326
78040008,400,431.1894610778443,167,0.04491556886227545
78040011,1600,0.0,97,0.0
78040013,630,3894.8606557377047,122,0.25759660421545666
78040017,250,2114.3118367346938,98,0.35238530612244895
78040020,400,782.1600000000001,2,0.081475
78040022,630,1435.778947368421,19,0.09495892509050403
78040023,400,1528.9326315789474,19,0.15926381578947368
78040026,250,1009.2163516483516,455,0.16820272527472527
78040027,400,1467.943937007874,127,0.15291082677165355
78040031,630,4800.425287356322,87,0.31748844493097367
78040034,250,2379.546976744186,86,0.39659116279069767
78040055,400,1931.9380758017494,343,0.20124354956268223
78040056,250,653.3636923076923,455,0.10889394871794872
78040064,250,157.68,2,0.02628
78040067,250,896.57408,125,0.14942901333333333
78040069,250,866.4514285714286,168,0.14440857142857141
78040070,250,92.37194029850745,402,0.015395323383084575
78040071,250,1016.1869010989011,455,0.1693644835164835
78040072,160,358.7509523809524,126,0.09342472718253969
78040073,400,1264.989593495935,246,0.13176974932249322
78040077,160,774.8907142857142,126,0.20179445684523808
78040078,100,5.038313253012048,83,0.0020992971887550203
78040081,250,831.7624999999999,96,0.13862708333333332
78040089,100,428.75885714285715,455,0.1786495238095238
78040096,160,1389.3197260273973,438,0.3618020119863014
78040103,160,1347.55152,125,0.35092487499999997
78040129,160,815.2755164835164,455,0.2123113324175824
78040132,160,60.69,2,0.0158046875
78040133,400,2108.1972093023255,129,0.21960387596899225
78040134,400,952.0,2,0.09916666666666667
78040145,400,1554.7383050847457,118,0.161951906779661
78040155,400,935.88,2,0.0974875
78040156,250,0.0,168,0.0
78040158,100,0.0,168,0.0
78040159,160,0.0,168,0.0
78040160,160,217.9020472440945,127,0.05674532480314961
78040162,100,663.7224096385542,166,0.27655100401606425
78040164,250,1103.8032,450,0.1839672
78040166,400,1256.5855670103092,97,0.13089432989690722
78040167,250,773.5873333333334,75,0.12893122222222222
78040168,400,2730.746543778802,217,0.28445276497695854
78040170,160,1144.7154285714287,455,0.2981029761904762
78040173,160,265.45,2,0.06912760416666666
78040176,400,0.0,127,0.0
78040177,400,2400.5111111111114,126,0.25005324074074076
78040184,250,0.0,6,0.0
78042888,630,6852.336597938144,388,0.45319686494299893
78042889,400,966.5680879120879,455,0.10068417582417583
78042891,400,651.8270769230769,455,0.06789865384615384
78140002,250,597.3577358490566,106,0.09955962264150943
78140017,250,508.19801354401807,443,0.084699668924003
78140039,50,79.66,2,0.06638333333333334
78140042,50,147.66225806451612,62,0.1230518817204301
78140043,250,215.25333333333333,24,0.035875555555555556
78140056,100,137.62505494505496,455,0.0573437728937729
78140064,100,201.98187467362925,383,0.08415911444734551
78140090,50,25.426428571428573,112,0.02118869047619048
78140097,50,276.26465934065936,455,0.23022054945054948
78140125,50,15.66,1,0.01305
78140134,250,192.7038241758242,455,0.03211730402930403
78140135,120,131.51485714285715,315,0.04566488095238096
78140154,160,630.1655172413793,87,0.16410560344827588
78140167,160,581.7239999999999,455,0.151490625
78140177,160,15.540000000000001,3,0.004046875
78140180,100,124.46841758241757,455,0.05186184065934066
78140189,100,192.36502994011977,167,0.08015209580838324
78140209,100,207.25009174311924,218,0.08635420489296636
78140217,50,152.01559139784948,186,0.1266796594982079
78140228,50,62.99947674418605,344,0.05249956395348837
78140231,100,302.0641978021978,455,0.1258600824175824
78140253,160,254.4195164835165,455,0.06625508241758242
78140262,100,172.76167032967032,455,0.0719840293040293
78140263,100,65.15404255319149,188,0.027147517730496454
78230001,250,505.29809523809524,84,0.08421634920634921
78230002,160,1155.250476190476,84,0.30084647817460314
78230004,80,483.82682352941174,85,0.25199313725490197
78230006,160,322.55894505494507,455,0.08399972527472528
78230009,100,55.428433734939766,83,0.02309518072289157
78230011,63,412.4430952380952,84,0.27277982489292013
78230025,160,75.67068131868133,455,0.019705906593406597
78230054,50,7.54,2,0.0062833333333333335
78230057,160,658.2671208791209,455,0.17142372939560438
78230080,100,68.01784615384615,455,0.02834076923076923
78240005,1250,2009.6,2,0.06698666666666667
78240006,400,986.4052747252748,455,0.10275054945054946
78240010,1000,0.0,1,0.0
78240015,1000,8081.318620689655,58,0.3367216091954023
78240019,400,2075.5486593406595,455,0.21620298534798535
78240022,400,1714.4295384615384,65,0.17858641025641026
78240028,400,3915.1690212765957,235,0.40783010638297873
78240031,630,4434.1675000000005,80,0.29326504629629635
78240035,400,1446.9800000000002,6,0.15072708333333337
78240036,400,885.5999999999999,2,0.09224999999999998
78240037,1000,6084.246505494506,455,0.2535102710622711
78240038,630,2803.0699029126213,412,0.1853882210921046
78240040,630,3245.2985507246376,69,0.21463614753469826
78240044,400,1287.36875,64,0.13410091145833333
78240053,400,2638.26,6,0.27481875
78240055,250,845.1199999999999,2,0.1408533333333333
78240063,630,1373.2722222222224,72,0.09082488242210465
78240064,630,1621.96,5,0.10727248677248677
78240069,250,73.002,80,0.012166999999999999
78240073,400,2197.0824053452116,449,0.22886275055679287
78240075,400,0.0,168,0.0
78240077,250,2233.1923076923076,65,0.37219871794871795
78240081,1250,1529.8164102564103,390,0.05099388034188034
78240083,1250,3455.0499999999997,24,0.11516833333333333
78240094,400,1588.8697716894976,438,0.16550726788432266
78240100,630,696.4781144781144,297,0.046063367359663654
78240104,400,2039.8677685950413,121,0.2124862258953168
78240106,250,1769.2503258145364,399,0.2948750543024227
78240111,630,5897.642637362637,455,0.3900557299843014
78240114,1000,1488.96,2,0.062040000000000005
78240115,400,2553.810434782609,69,0.2660219202898551
78240117,400,1266.0834782608695,69,0.1318836956521739
78240130,100,490.02,64,0.204175
78240131,160,1324.2941538461537,65,0.3448682692307692
78240163,250,548.3553530751708,439,0.0913925588458618
78240167,160,848.0094178082192,292,0.22083578588755706
78240173,100,183.55138461538462,455,0.07647974358974359
78240174,160,254.00036363636363,330,0.06614592803030303
78240176,50,174.4,65,0.14533333333333334
78240177,100,255.6577777777778,27,0.10652407407407408
78240185,50,37.11,2,0.030925
78240186,50,12.29,2,0.010241666666666666
78240187,50,84.13208333333334,48,0.07011006944444445
78240190,160,192.10434782608695,207,0.050027173913043475
78240192,50,7.264390243902438,82,0.0060536585365853655
78240193,50,57.915151515151514,33,0.048262626262626264
78240195,50,15.712439024390244,82,0.01309369918699187
78240197,40,10.247710843373493,166,0.010674698795180721
78240230,160,3321.346086956522,69,0.8649338768115943
78240232,250,1014.2857142857143,7,0.16904761904761906
78240250,160,644.785,72,0.16791276041666667
78240251,160,780.3341176470589,68,0.20321200980392157
78240252,250,1156.992,65,0.192832
78240254,160,272.0992647058824,68,0.07085918351715687
78240257,250,1203.88,2,0.2006466666666667
78240259,250,1039.1064615384614,65,0.17318441025641024
78240286,50,0.0,72,0.0
78240329,100,211.4739285714286,84,0.08811413690476191
78240330,100,45.980000000000004,2,0.019158333333333336
78240335,400,1506.679798488665,397,0.15694581234256927
78240337,50,180.66051282051282,78,0.15055042735042734
78240338,50,154.96564102564102,78,0.12913803418803418
78240342,160,121.60076923076925,78,0.03166686698717949
78240344,250,905.003076923077,78,0.15083384615384615
78240345,100,289.7425641025641,78,0.12072606837606836
78240347,50,251.14461538461538,78,0.20928717948717948
78240349,50,59.16602409638554,83,0.04930502008032128
78240350,50,37.2,2,0.031000000000000003
78240354,50,53.72626506024096,83,0.044771887550200805
78240367,100,309.68013698630136,292,0.1290333904109589
78240421,1600,12274.43125,80,0.3196466471354167
78330002,400,1949.1028571428574,84,0.20303154761904765
78330003,160,1511.2116666666666,90,0.3935447048611111
78330006,1000,2949.239889807163,363,0.12288499540863179
78330008,1000,2088.5066666666667,24,0.0870211111111111
78330011,1000,0.0,73,0.0
78330016,630,5083.520879120879,455,0.3362116983545555
78330017,250,1703.5891071428573,112,0.2839315178571429
78330020,400,2931.2761904761905,84,0.30534126984126986
78330023,400,1749.7912727272728,110,0.18226992424242425
78330024,1000,5754.659868131868,455,0.23977749450549452
78330025,400,2961.0950865051905,289,0.3084474048442907
78330027,1000,5614.1475164835165,455,0.23392281318681318
78330033,160,309.72,2,0.08065625000000001
78330034,400,3164.7027692307693,455,0.3296565384615385
78330058,400,18.21987361419069,451,0.0018979035014781967
78330062,630,739.0967551622418,339,0.048882060526603294
78330069,1000,3314.958065934066,455,0.13812325274725273
78330070,250,683.3024390243903,82,0.11388373983739838
78330071,1000,4484.775243553009,349,0.18686563514804205
78330073,630,414.6270833333333,96,0.027422426146384477
78330076,1000,8167.990857142857,455,0.34033295238095235
78330078,1000,3055.04,2,0.12729333333333334
78330080,400,0.0,110,0.0
78330081,400,3593.8859192825116,223,0.3743631165919283
78330087,1000,1171.9455670103093,97,0.04883106529209622
78330088,1250,730.0533333333333,15,0.02433511111111111
78330090,250,2286.919047619048,84,0.38115317460317466
78330091,400,2476.2042857142856,84,0.25793794642857143
78330095,250,805.0378082191781,73,0.1341729680365297
78330096,1600,12388.072727272727,220,0.3226060606060606
78330098,1000,4903.448177777778,225,0.20431034074074075
78330100,400,3726.4966153846153,455,0.38817673076923076
78330101,1000,2191.9329523809524,105,0.09133053968253968
78330102,400,1814.2800000000002,2,0.18898750000000003
78330104,400,4163.320879120879,455,0.43367925824175824
78330106,1000,5748.1365853658535,82,0.23950569105691055
78330109,1000,4693.869268292683,82,0.1955778861788618
78330113,400,0.0,264,0.0
78330114,1000,6557.955714285715,448,0.2732481547619048
78330115,400,3876.6563855421687,83,0.4038183734939759
78330117,400,2208.5815384615385,78,0.2300605769230769
78330121,1250,6204.8034604316545,278,0.20682678201438848
78330126,1000,0.0,7,0.0
78330129,630,550.8280597014925,335,0.03643042722893469
78330132,1000,2017.28,2,0.08405333333333333
78330133,630,4314.215384615385,104,0.2853317053317054
78330134,630,1100.7357142857143,84,0.07279998110355253
78330142,500,945.3264175824177,455,0.07877720146520147
78330144,630,790.8428571428572,84,0.05230442176870748
78330145,630,1004.038918918919,185,0.06640469040469041
78330148,1000,2287.8971428571426,84,0.0953290476190476
78330149,1000,2355.534065934066,91,0.09814725274725275
78330151,630,355.67710843373493,83,0.023523618282654427
78330188,100,0.46004395604395604,455,0.0001916849816849817
78330205,400,1687.1999999999998,2,0.17575
78330224,400,1802.6523956043955,455,0.1877762912087912
78330253,250,1491.0470656370655,259,0.24850784427284425
78330255,100,688.6037647058823,85,0.28691823529411764
78330256,160,273.7968181818182,132,0.07130125473484848
78330257,160,346.7166593406593,455,0.09029079670329669
78330276,100,528.5022137404579,131,0.22020925572519082
78330285,100,126.12,1,0.05255
78330301,400,2662.2464739884394,173,0.27731734104046246
78330305,400,3173.2796261682242,321,0.33054996105919005
78330306,630,1224.2341463414634,82,0.08096786682152536
78330311,400,1927.2731707317073,82,0.20075762195121952
78330427,100,253.80191387559807,209,0.10575079744816586
78330441,250,366.4611538461538,104,0.06107685897435897
78330444,160,162.8376923076923,455,0.042405649038461536
78330447,250,386.0662857142857,455,0.06434438095238094
78330460,400,2809.5985714285716,84,0.29266651785714287
78330467,400,2221.646153846154,78,0.23142147435897437
78340011,400,506.48123076923076,455,0.05275846153846154
78340040,400,1309.997010989011,455,0.13645802197802198
78340043,400,0.0,264,0.0
78340044,250,214.28288659793813,97,0.03571381443298969
78340045,250,421.67652173913046,138,0.07027942028985508
78340080,100,435.9264423076923,104,0.18163601762820514
78340083,250,1194.2966292134831,89,0.1990494382022472
78340084,630,997.1496428571428,448,0.06594905045351473
78340085,400,352.08,3,0.036675
78340089,160,125.4541935483871,31,0.03267036290322581
78340111,63,65.57093525179856,417,0.04336702066917894
78340126,1000,3675.4109890109894,91,0.15314212454212456
78340133,630,235.70196286472148,377,0.015588754157719674
78340134,400,1524.3034074074073,135,0.1587816049382716
78340138,400,1933.7167058823532,85,0.2014288235294118
78340139,400,1829.1799999999998,84,0.19053958333333332
78340140,400,2925.337411764706,85,0.3047226470588235
78340254,250,1188.164366197183,142,0.19802739436619715
78340270,400,2212.38,2,0.23045625
78340271,400,2170.1471604938274,81,0.22605699588477368
78340394,250,116.75999999999999,2,0.019459999999999998
78340402,250,115.08731707317072,82,0.01918121951219512
78340428,400,843.6404347826086,92,0.08787921195652174
78340439,400,618.0608695652173,184,0.06438134057971014
78340459,160,521.7893877551021,98,0.13588265306122452
78340570,400,1724.6,1,0.1796458333333333
78340571,400,0.0,264,0.0
78340573,250,364.79999999999995,2,0.06079999999999999
78340621,630,1612.5460317460318,189,0.106649869824473
78340622,630,4111.501098901099,455,0.27192467585324726
78340626,1000,3885.3676883116887,385,0.16189032034632037
78340628,630,284.4516129032258,62,0.018812937361324458
78340629,630,378.91052631578947,76,0.02506021999443052
78340630,1000,580.9934210526316,76,0.024208059210526316
78340631,1000,405.27272727272725,66,0.016886363636363637
78340632,630,907.7132530120482,83,0.060033945305029646
78340667,1000,0.0,21,0.0
78340668,400,806.8252282157677,241,0.08404429460580913
78340691,1000,2275.597551020408,392,0.09481656462585034
78340692,400,207.68017582417582,455,0.02163335164835165
78340694,400,799.3028181818181,440,0.08326071022727272
78340696,1000,5654.715428571429,455,0.23561314285714285
78340720,1250,5280.455339805825,206,0.1760151779935275
78340724,1600,6620.181318681319,455,0.17240055517399266
78340725,400,750.8231208791209,455,0.07821074175824176
78340726,400,701.7349333333333,450,0.07309738888888888
78430003,400,764.8095563139932,293,0.07966766211604095
78430005,400,641.1290181818182,275,0.06678427272727273
78430010,630,4841.165853658536,82,0.3201829268292683
78430011,630,2441.3767272727273,275,0.16146671476671476
78430013,400,1223.0264,75,0.12739858333333334
78430017,100,165.1985882352941,340,0.0688327450980392
78430019,250,0.0,231,0.0
78430022,250,1930.386976744186,86,0.3217311627906977
78430024,400,403.72756363636364,275,0.04205495454545455
78430025,630,1389.5418750000001,320,0.09190091765873017
78430033,250,1182.195490909091,275,0.1970325818181818
78430036,100,443.9552631578947,76,0.1849813596491228
78430064,400,758.8126829268292,41,0.07904298780487805
78430072,100,319.44,86,0.1331
78430145,100,588.8074576271187,118,0.24533644067796612
78430155,250,843.2484257206208,451,0.14054140428677014
78430157,250,258.51586813186816,455,0.04308597802197803
78430183,630,0.0,15,0.0
78440004,250,163.5501754385965,114,0.02725836257309942
78440020,250,420.06728971962616,107,0.07001121495327102
78440031,250,1488.6745454545453,165,0.24811242424242422
78530007,400,60.480000000000004,2,0.0063
78530014,400,198.36,1,0.0206625
78530029,250,304.70794520547946,292,0.050784657534246574
78530083,250,144.15,2,0.024025
78530171,100,585.98125,64,0.2441588541666667
78530256,400,1580.9707252747253,455,0.16468445054945055
78530257,160,240.45336263736263,455,0.06261806318681319
78530258,160,200.50893203883496,206,0.0522158677184466
78530262,250,1158.9454065934067,455,0.19315756776556778
78540031,250,641.3278481012659,79,0.10688797468354432
78640023,1000,2567.4443956043956,455,0.10697684981684982
78640027,400,805.3588732394367,71,0.08389154929577465
78640031,160,167.74,2,0.04368229166666667
78640099,250,177.12,1,0.02952
78640112,100,436.33210526315787,304,0.1818050438596491
78640128,250,283.33565217391305,207,0.047222608695652174
78640130,50,226.6404152249135,289,0.18886701268742792
78640202,630,751.8406896551724,290,0.0497249133369823
78640301,250,240.673417721519,316,0.04011223628691983
78640304,250,158.75153284671532,274,0.02645858880778589
KISIK DM-1/TR-32,630,3480.5309890109893,455,0.23019384847956278
M-3115,400,1512.1093805309733,113,0.15751139380530974
Sarıgöl TR-67,400,3328.9674725274726,455,0.34676744505494506
m-1206 tr-2,1000,1780.2104109589043,438,0.07417543378995435
İskele DM,100,13.194923076923075,455,0.0054978846153846146
