tanim,min,max,count,beklenen_gun,tamlik_orani
700609502,2025-01-03,2026-03-27,3,449,0.0066815144766146995
77340883,2025-01-07,2026-03-27,3,445,0.006741573033707865
78340085,2025-01-07,2026-03-27,3,445,0.006741573033707865
77141596,2025-01-08,2026-03-27,3,444,0.006756756756756757
71640081,2025-01-15,2026-03-27,3,437,0.006864988558352402
700426105,2025-01-06,2026-03-27,4,446,0.008968609865470852
77830147,2025-01-07,2025-12-01,3,329,0.00911854103343465
72641363,2025-01-01,2026-03-27,5,451,0.011086474501108648
700466107,2025-05-12,2025-11-03,2,176,0.011363636363636364
700587282,2025-01-03,2025-06-17,2,166,0.012048192771084338
700469048,2025-06-20,2026-03-27,4,281,0.014234875444839857
700465590,2025-01-06,2025-05-20,2,135,0.014814814814814815
72930400,2025-09-12,2026-03-27,3,197,0.015228426395939087
78340394,2025-01-07,2025-05-16,2,130,0.015384615384615385
71930022,2025-09-25,2026-01-19,2,117,0.017094017094017096
72840232,2025-01-12,2025-12-17,6,340,0.01764705882352941
71830112,2025-05-28,2026-01-07,4,225,0.017777777777777778
700416600,2025-04-17,2026-02-20,6,310,0.01935483870967742
700291989,2025-07-28,2025-12-18,3,144,0.020833333333333332
70842579,2025-06-23,2025-11-11,3,142,0.02112676056338028
70722416,2025-06-17,2025-10-22,3,128,0.0234375
71740362,2025-11-25,2026-03-27,3,123,0.024390243902439025
77340298,2025-05-23,2025-09-19,3,120,0.025
77230940,2025-08-29,2026-01-29,4,154,0.025974025974025976
700425184,2025-06-11,2026-03-27,9,290,0.03103448275862069
700232780,2026-01-27,2026-03-31,2,64,0.03125
73130044,2025-10-21,2026-02-25,4,128,0.03125
77230006,2025-05-20,2026-01-29,9,255,0.03529411764705882
72240111,2025-12-06,2026-03-27,4,112,0.03571428571428571
70321506,2025-10-18,2026-02-05,4,111,0.036036036036036036
700096042,2025-03-18,2026-03-31,16,379,0.04221635883905013
77340261,2025-06-11,2025-09-10,4,92,0.043478260869565216
700709063,2026-01-04,2026-03-27,4,83,0.04819277108433735
78430183,2025-05-16,2026-03-14,15,303,0.04950495049504951
700291936,2025-07-28,2025-10-15,4,80,0.05
78030177,2025-10-19,2025-12-12,3,55,0.05454545454545454
70420354,2025-02-05,2026-03-27,23,416,0.055288461538461536
700330249,2025-11-11,2026-03-28,9,138,0.06521739130434782
700587493,2025-05-22,2025-09-05,7,107,0.06542056074766354
70142402,2025-07-02,2025-07-31,2,30,0.06666666666666667
71830226,2025-07-21,2026-03-27,17,250,0.068
72840726,2025-01-01,2026-03-27,33,451,0.07317073170731707
700329932,2025-06-16,2025-09-05,7,82,0.08536585365853659
78330126,2025-05-15,2025-08-03,7,81,0.08641975308641975
700626725,2025-01-01,2026-03-27,41,451,0.09090909090909091
72240233,2026-02-10,2026-03-27,5,46,0.10869565217391304
73230058,2025-09-21,2026-02-20,17,153,0.1111111111111111
78340089,2025-01-03,2025-10-05,31,276,0.11231884057971014
77230288,2025-01-08,2025-07-03,20,177,0.11299435028248588
73030133,2026-03-02,2026-03-27,3,26,0.11538461538461539
77340869,2026-02-25,2026-03-12,2,16,0.125
700623336,2025-01-01,2026-03-27,59,451,0.13082039911308205
700291952,2025-06-30,2026-03-31,38,275,0.13818181818181818
70320831,2025-06-20,2026-03-31,40,285,0.14035087719298245
700330123,2025-05-29,2026-03-31,44,307,0.14332247557003258
71440227,2025-07-15,2026-03-27,38,256,0.1484375
78330088,2025-12-25,2026-03-28,15,94,0.1595744680851064
72240200,2025-06-18,2025-09-12,14,87,0.16091954022988506
700526519,2025-10-10,2025-11-26,8,48,0.16666666666666666
72840350,2026-03-12,2026-03-27,3,16,0.1875
72930461,2025-09-24,2026-03-27,37,185,0.2
71740215,2025-01-01,2026-03-29,91,453,0.20088300220750552
71630142,2025-12-18,2026-03-31,21,104,0.20192307692307693
73130184,2025-01-01,2026-03-27,95,451,0.2106430155210643
71042013,2025-01-07,2025-11-19,72,317,0.22712933753943218
78330441,2025-01-01,2026-03-27,104,451,0.23059866962305986
700750281,2025-07-16,2026-03-27,61,255,0.23921568627450981
700232786,2025-01-01,2025-05-22,34,142,0.23943661971830985
71740299,2025-05-02,2026-03-31,80,334,0.23952095808383234
71531027,2025-05-26,2025-09-10,26,108,0.24074074074074073
77240414,2025-10-10,2026-03-31,44,173,0.2543352601156069
73130365,2025-10-10,2026-03-31,45,173,0.26011560693641617
73130387,2025-10-10,2026-03-31,45,173,0.26011560693641617
700777315,2025-09-09,2026-03-27,53,200,0.265
73030029,2025-10-10,2026-03-31,46,173,0.2658959537572254
71830270,2025-10-10,2026-03-31,46,173,0.2658959537572254
73030076,2025-10-10,2026-03-31,46,173,0.2658959537572254
700291934,2025-08-01,2026-03-31,65,243,0.2674897119341564
77141268,2025-06-26,2026-03-27,74,275,0.2690909090909091
71430024,2025-05-30,2025-09-10,28,104,0.2692307692307692
70223760,2026-02-19,2026-03-27,10,37,0.2702702702702703
73030006,2025-10-10,2026-03-31,47,173,0.27167630057803466
73040202,2025-10-10,2026-03-31,47,173,0.27167630057803466
72930173,2025-11-26,2026-03-31,35,126,0.2777777777777778
71640158,2025-01-02,2026-03-27,128,450,0.28444444444444444
77340765,2025-01-09,2026-03-27,128,443,0.28893905191873587
700629040,2025-05-21,2025-06-13,7,24,0.2916666666666667
700416547,2025-01-01,2026-03-27,133,451,0.29490022172949004
700545959,2026-02-06,2026-02-18,4,13,0.3076923076923077
70124847,2025-01-01,2025-09-12,79,255,0.30980392156862746
700469084,2025-11-03,2026-03-27,47,145,0.32413793103448274
73130398,2025-06-23,2026-03-31,92,282,0.3262411347517731
M-3115,2025-04-21,2026-03-27,113,341,0.3313782991202346
700291811,2025-07-28,2026-03-31,82,247,0.3319838056680162
700416910,2025-07-28,2026-03-31,82,247,0.3319838056680162
700330152,2025-07-28,2026-03-31,82,247,0.3319838056680162
700291531,2025-07-28,2026-03-31,82,247,0.3319838056680162
700291681,2025-07-28,2026-03-31,82,247,0.3319838056680162
700624751,2025-07-28,2026-03-31,82,247,0.3319838056680162
700330001,2025-07-28,2026-03-31,82,247,0.3319838056680162
700669705,2025-07-28,2026-03-31,82,247,0.3319838056680162
78330109,2025-07-28,2026-03-31,82,247,0.3319838056680162
77830017,2025-11-03,2025-11-08,2,6,0.3333333333333333
78140177,2025-10-06,2025-10-14,3,9,0.3333333333333333
71940204,2025-02-04,2026-03-31,143,421,0.33966745843230406
77830052,2025-01-07,2026-03-31,154,449,0.3429844097995546
700329969,2025-07-28,2026-03-31,85,247,0.3441295546558704
700750592,2025-08-05,2026-03-27,81,235,0.3446808510638298
72130079,2025-12-08,2026-03-27,38,110,0.34545454545454546
700722816,2025-06-03,2026-03-27,104,298,0.348993288590604
700153052,2025-01-01,2026-03-31,159,455,0.34945054945054943
71530117,2026-01-19,2026-03-27,24,68,0.35294117647058826
78240177,2026-01-12,2026-03-27,27,75,0.36
700673039,2025-05-27,2026-03-27,111,305,0.3639344262295082
700416810,2025-01-12,2026-03-28,162,441,0.3673469387755102
70823013,2025-06-23,2026-01-23,81,215,0.3767441860465116
70241856,2025-12-10,2026-02-15,26,68,0.38235294117647056
700557682,2025-06-20,2026-03-31,110,285,0.38596491228070173
77540258,2025-05-16,2026-03-27,122,316,0.3860759493670886
73130037,2026-01-29,2026-03-27,23,58,0.39655172413793105
77240573,2025-01-01,2026-03-27,181,451,0.401330376940133
73130180,2025-01-01,2026-03-31,183,455,0.4021978021978022
77830008,2026-01-28,2026-03-27,24,59,0.4067796610169492
71830093,2025-09-12,2026-03-31,82,201,0.4079601990049751
77830165,2025-11-11,2026-03-27,56,137,0.40875912408759124
71930106,2025-12-08,2026-03-27,45,110,0.4090909090909091
77340010,2025-05-15,2025-11-25,80,195,0.41025641025641024
700464595,2025-01-01,2026-03-27,186,451,0.4124168514412417
70340992,2025-11-25,2026-03-27,51,123,0.4146341463414634
72640462,2025-02-18,2026-03-31,170,407,0.4176904176904177
77340774,2025-01-08,2025-12-02,138,329,0.4194528875379939
77940318,2025-05-15,2026-03-31,135,321,0.4205607476635514
72040042,2025-11-25,2026-03-27,52,123,0.42276422764227645
71540150,2025-01-01,2025-12-24,155,358,0.4329608938547486
700465150,2026-01-27,2026-03-27,26,60,0.43333333333333335
77240192,2025-01-01,2026-03-27,196,451,0.43458980044345896
700329876,2025-01-01,2026-03-31,198,455,0.4351648351648352
700556157,2026-02-11,2026-02-26,7,16,0.4375
77230014,2025-01-01,2026-03-27,198,451,0.43902439024390244
70240286,2025-01-08,2026-03-31,197,448,0.43973214285714285
77140057,2025-01-08,2025-10-19,127,285,0.4456140350877193
77830016,2025-10-30,2026-03-31,69,153,0.45098039215686275
78330256,2025-01-07,2025-10-22,132,289,0.45674740484429066
77210001,2025-01-01,2025-08-28,110,240,0.4583333333333333
700469013,2025-01-03,2026-03-31,208,453,0.45916114790286977
71540002,2025-11-18,2026-03-27,60,130,0.46153846153846156
77140130,2025-01-08,2026-03-31,207,448,0.46205357142857145
700587281,2025-01-01,2026-03-31,211,455,0.46373626373626375
78330427,2025-01-07,2026-03-31,209,449,0.46547884187082406
72930192,2025-12-02,2026-03-27,54,116,0.46551724137931033
700232685,2025-01-01,2026-03-27,210,451,0.4656319290465632
700441524,2025-01-01,2026-03-31,214,455,0.4703296703296703
77830162,2025-10-24,2026-03-27,73,155,0.47096774193548385
700330178,2025-01-01,2026-03-31,216,455,0.4747252747252747
78140209,2025-01-01,2026-03-27,218,451,0.48337028824833705
72040041,2025-11-08,2026-03-27,68,140,0.4857142857142857
700543376,2025-12-18,2026-03-27,49,100,0.49
78340621,2025-01-01,2026-01-20,189,385,0.4909090909090909
78330098,2025-01-01,2026-03-27,225,451,0.49889135254988914
700292097,2025-07-22,2025-08-20,15,30,0.5
77840891,2025-01-07,2025-11-14,156,312,0.5
70120002,2025-01-01,2026-03-31,228,455,0.5010989010989011
72930732,2025-11-25,2026-03-27,62,123,0.5040650406504065
71530505,2025-12-19,2026-03-27,50,99,0.5050505050505051
72930686,2025-09-25,2026-03-31,95,188,0.5053191489361702
71021922,2025-01-01,2026-03-31,232,455,0.5098901098901099
700330098,2025-01-01,2026-03-31,232,455,0.5098901098901099
72930088,2025-09-25,2026-03-31,96,188,0.5106382978723404
77940371,2025-05-26,2026-03-27,157,306,0.5130718954248366
72930494,2025-12-12,2026-03-31,57,110,0.5181818181818182
700330065,2025-01-01,2025-09-26,142,269,0.5278810408921933
72830079,2025-04-21,2025-08-18,64,120,0.5333333333333333
700153093,2025-01-01,2026-03-27,241,451,0.5343680709534369
700688843,2025-02-13,2026-03-27,222,408,0.5441176470588235
71630265,2025-01-01,2026-03-31,249,455,0.5472527472527473
72040033,2025-10-01,2026-03-27,98,178,0.550561797752809
77230767,2025-01-08,2025-12-31,198,358,0.553072625698324
77230187,2025-01-08,2026-01-07,202,365,0.5534246575342465
77341075,2025-01-07,2026-02-28,232,418,0.5550239234449761
70441025,2025-01-01,2026-03-31,253,455,0.5560439560439561
71430083,2025-10-14,2026-03-27,92,165,0.5575757575757576
77540247,2025-05-21,2026-01-08,130,233,0.5579399141630901
73130237,2025-12-11,2026-03-27,60,107,0.5607476635514018
700330090,2025-01-23,2026-03-31,244,433,0.5635103926096998
72840159,2025-01-01,2026-03-31,258,455,0.567032967032967
70340988,2025-06-23,2026-03-27,158,278,0.5683453237410072
70120616,2025-01-01,2026-03-31,259,455,0.5692307692307692
71530642,2025-01-01,2026-03-27,257,451,0.5698447893569845
700292118,2025-01-01,2026-03-27,257,451,0.5698447893569845
75153102,2025-01-01,2026-03-27,257,451,0.5698447893569845
75153101,2025-01-01,2026-03-27,257,451,0.5698447893569845
75220302,2025-01-01,2026-03-27,257,451,0.5698447893569845
77840632,2025-01-01,2026-03-27,257,451,0.5698447893569845
77240313,2025-01-08,2026-01-07,208,365,0.5698630136986301
77840307,2025-12-25,2026-03-27,53,93,0.5698924731182796
77340433,2025-01-01,2026-03-31,260,455,0.5714285714285714
77340454,2025-07-03,2026-03-27,154,268,0.5746268656716418
71640019,2026-01-14,2026-03-27,42,73,0.5753424657534246
72840811,2025-01-01,2026-03-31,262,455,0.5758241758241758
700330175,2025-12-30,2026-03-31,53,92,0.5760869565217391
71430066,2025-11-18,2026-03-27,75,130,0.5769230769230769
78040168,2025-01-07,2026-01-16,217,375,0.5786666666666667
700694933,2025-06-17,2026-03-31,167,288,0.5798611111111112
72330028,2025-10-24,2026-03-27,90,155,0.5806451612903226
78430022,2025-04-16,2025-09-09,86,147,0.5850340136054422
700673040,2025-01-14,2026-03-31,259,442,0.5859728506787331
71630056,2025-01-23,2026-03-31,254,433,0.5866050808314087
70342188,2025-01-01,2026-03-31,267,455,0.5868131868131868
70124577,2025-01-01,2026-03-31,267,455,0.5868131868131868
72340224,2025-10-24,2026-03-27,91,155,0.5870967741935483
71530485,2025-06-18,2026-03-25,165,281,0.5871886120996441
71930006,2025-11-11,2026-03-31,83,141,0.5886524822695035
72030034,2025-09-11,2026-03-26,116,197,0.5888324873096447
700292127,2025-01-03,2026-03-31,268,453,0.5916114790286976
75030107,2025-01-01,2026-03-27,270,451,0.5986696230598669
72440257,2025-01-01,2026-03-27,273,451,0.6053215077605322
71940144,2025-11-21,2026-03-27,77,127,0.6062992125984252
71640050,2025-12-11,2026-03-27,65,107,0.6074766355140186
77141560,2025-01-08,2025-05-12,76,125,0.608
700524648,2025-04-16,2025-09-10,90,148,0.6081081081081081
71530358,2025-01-01,2026-03-31,277,455,0.6087912087912087
700465823,2025-01-01,2026-03-27,275,451,0.6097560975609756
77940321,2025-12-15,2026-03-27,63,103,0.6116504854368932
71330085,2025-01-04,2026-03-31,278,452,0.6150442477876106
700718865,2025-04-24,2025-09-10,87,140,0.6214285714285714
78140154,2025-04-24,2025-09-10,87,140,0.6214285714285714
77230941,2025-01-01,2026-03-31,284,455,0.6241758241758242
71740093,2025-01-01,2026-03-31,285,455,0.6263736263736264
700750695,2025-07-23,2026-03-31,158,252,0.626984126984127
70240874,2025-12-18,2026-03-27,63,100,0.63
700746470,2025-07-17,2026-03-31,163,258,0.6317829457364341
700291599,2025-11-27,2026-03-31,79,125,0.632
700465117,2025-01-01,2026-03-27,286,451,0.6341463414634146
71530359,2025-01-07,2026-03-31,285,449,0.6347438752783965
72940062,2025-09-12,2026-03-31,128,201,0.6368159203980099
72930029,2025-09-12,2026-03-31,128,201,0.6368159203980099
72940452,2025-09-12,2026-03-31,128,201,0.6368159203980099
72030011,2025-09-12,2026-03-31,128,201,0.6368159203980099
700647324,2025-01-03,2026-03-31,289,453,0.6379690949227373
700602522,2025-01-03,2026-03-31,289,453,0.6379690949227373
700601322,2025-01-03,2026-03-31,289,453,0.6379690949227373
78240187,2026-01-12,2026-03-27,48,75,0.64
700600099,2025-01-03,2026-03-31,290,453,0.6401766004415012
71530207,2025-11-20,2026-03-27,82,128,0.640625
77230724,2025-01-08,2026-03-31,288,448,0.6428571428571429
77840680,2025-01-07,2026-03-31,289,449,0.643652561247216
77840289,2025-01-07,2026-03-31,289,449,0.643652561247216
77840355,2025-01-07,2026-03-31,289,449,0.643652561247216
77830088,2025-01-07,2026-03-31,289,449,0.643652561247216
77840063,2025-01-07,2026-03-31,289,449,0.643652561247216
77840744,2025-01-07,2026-03-31,289,449,0.643652561247216
77840936,2025-01-07,2026-03-31,289,449,0.643652561247216
77840937,2025-01-07,2026-03-31,289,449,0.643652561247216
78330025,2025-01-07,2026-03-31,289,449,0.643652561247216
77240193,2025-01-08,2026-03-31,289,448,0.6450892857142857
77141671,2025-01-08,2026-03-31,289,448,0.6450892857142857
77240200,2025-01-08,2026-03-31,289,448,0.6450892857142857
72130003,2025-09-10,2026-03-31,131,203,0.645320197044335
71750008,2026-01-08,2026-03-27,51,79,0.6455696202531646
77830107,2025-01-07,2026-03-31,290,449,0.6458797327394209
70941988,2025-05-16,2026-03-31,207,320,0.646875
73130409,2025-01-08,2026-03-31,290,448,0.6473214285714286
77230341,2025-01-08,2026-03-31,291,448,0.6495535714285714
77240021,2025-01-08,2026-03-31,291,448,0.6495535714285714
77240103,2025-01-08,2026-03-31,291,448,0.6495535714285714
77230737,2025-01-08,2026-03-31,291,448,0.6495535714285714
77230322,2025-01-08,2026-03-31,291,448,0.6495535714285714
700465888,2025-01-08,2026-03-31,291,448,0.6495535714285714
78240367,2025-01-07,2026-03-31,292,449,0.6503340757238307
77830242,2025-01-07,2026-03-27,290,445,0.651685393258427
77341060,2025-05-23,2026-03-31,204,313,0.6517571884984026
77230862,2025-01-08,2026-03-31,292,448,0.6517857142857143
77841115,2025-01-07,2026-03-31,293,449,0.6525612472160356
78240100,2025-01-01,2026-03-31,297,455,0.6527472527472528
77230332,2025-01-08,2026-03-31,293,448,0.6540178571428571
77140071,2025-10-09,2026-03-31,114,174,0.6551724137931034
72930073,2025-09-24,2026-03-31,124,189,0.656084656084656
700232779,2025-06-28,2025-09-14,52,79,0.6582278481012658
700232595,2025-01-01,2026-03-27,297,451,0.6585365853658537
700416818,2025-01-01,2026-03-27,297,451,0.6585365853658537
700465458,2025-01-01,2026-03-27,297,451,0.6585365853658537
77140621,2025-01-17,2026-03-31,290,439,0.6605922551252847
700443361,2025-01-01,2026-03-27,298,451,0.6607538802660754
700468329,2025-01-01,2026-03-27,298,451,0.6607538802660754
73130328,2025-01-01,2026-03-31,301,455,0.6615384615384615
78340439,2025-06-27,2026-03-31,184,278,0.6618705035971223
700426118,2025-01-01,2026-03-01,282,425,0.6635294117647059
77240212,2025-01-13,2026-03-31,294,443,0.6636568848758465
72240007,2025-01-01,2026-03-31,302,455,0.6637362637362637
77142100,2025-07-28,2026-03-31,164,247,0.6639676113360324
700330204,2025-01-01,2026-03-27,300,451,0.6651884700665188
70721238,2025-10-20,2026-03-27,106,159,0.6666666666666666
78340628,2025-12-25,2026-03-27,62,93,0.6666666666666666
72340023,2025-01-01,2026-03-27,301,451,0.6674057649667405
78640112,2025-01-01,2026-03-31,304,455,0.6681318681318681
71640071,2025-01-02,2026-03-27,301,450,0.6688888888888889
72030135,2025-09-12,2026-03-31,135,201,0.6716417910447762
72030014,2025-09-12,2026-03-31,135,201,0.6716417910447762
72030008,2025-09-12,2026-03-31,135,201,0.6716417910447762
72030037,2025-09-12,2026-03-31,135,201,0.6716417910447762
72030133,2025-09-12,2026-03-31,135,201,0.6716417910447762
70124344,2025-01-01,2026-03-31,306,455,0.6725274725274726
77840276,2025-01-01,2026-03-27,304,451,0.6740576496674058
78040078,2025-11-25,2026-03-27,83,123,0.6747967479674797
70124854,2025-01-01,2026-03-27,305,451,0.6762749445676275
71930296,2025-11-25,2026-03-31,86,127,0.6771653543307087
72930187,2025-09-26,2026-03-31,127,187,0.679144385026738
78340631,2025-12-25,2026-03-31,66,97,0.6804123711340206
77830424,2025-01-01,2026-03-27,307,451,0.6807095343680709
700096065,2025-01-01,2026-03-27,307,451,0.6807095343680709
70320823,2025-01-01,2026-03-31,310,455,0.6813186813186813
71530770,2025-11-13,2026-03-27,92,135,0.6814814814814815
700680410,2025-01-29,2026-03-31,291,427,0.6814988290398126
700437662,2025-12-15,2026-03-31,73,107,0.6822429906542056
77141981,2025-07-23,2026-03-31,172,252,0.6825396825396826
72930330,2025-11-25,2026-03-05,69,101,0.6831683168316832
71630035,2025-01-01,2026-03-31,311,455,0.6835164835164835
70324768,2025-06-23,2026-03-31,193,282,0.6843971631205674
71430055,2025-11-18,2026-03-27,89,130,0.6846153846153846
700443408,2025-01-01,2026-03-27,309,451,0.6851441241685144
700642149,2025-01-01,2026-03-27,310,451,0.6873614190687362
700232627,2025-01-01,2026-03-31,313,455,0.6879120879120879
71930040,2025-11-14,2026-03-31,95,138,0.6884057971014492
70141254,2025-01-01,2026-02-15,283,411,0.6885644768856448
72641191,2025-01-01,2025-07-22,140,203,0.6896551724137931
70221976,2025-05-08,2025-09-10,87,126,0.6904761904761905
77830034,2025-12-12,2026-03-31,76,110,0.6909090909090909
77142101,2025-07-28,2026-03-31,171,247,0.6923076923076923
71630120,2025-01-01,2026-03-31,315,455,0.6923076923076923
71930101,2025-11-18,2026-03-31,93,134,0.6940298507462687
71640060,2025-11-21,2026-03-31,91,131,0.6946564885496184
71530473,2025-04-14,2026-03-27,242,348,0.6954022988505747
78140189,2025-01-16,2025-09-12,167,240,0.6958333333333333
70423346,2025-01-01,2026-03-31,317,455,0.6967032967032967
77830097,2025-09-10,2025-10-22,30,43,0.6976744186046512
77840277,2025-01-07,2026-03-27,311,445,0.698876404494382
78640301,2025-01-01,2026-03-27,316,451,0.7006651884700665
72840130,2025-05-25,2026-03-31,218,311,0.7009646302250804
71430134,2025-10-15,2026-03-27,115,164,0.7012195121951219
72340259,2025-01-02,2026-03-27,316,450,0.7022222222222222
77230967,2025-01-01,2026-03-31,320,455,0.7032967032967034
700686334,2025-02-10,2026-03-31,292,415,0.7036144578313253
700096008,2025-01-01,2026-03-27,318,451,0.70509977827051
71830116,2025-01-01,2025-09-12,180,255,0.7058823529411765
78430025,2025-01-01,2026-03-27,320,451,0.7095343680709535
71930240,2025-12-01,2026-03-31,86,121,0.7107438016528925
78140135,2025-01-13,2026-03-31,315,443,0.7110609480812641
71330505,2025-01-01,2026-03-31,324,455,0.7120879120879121
70324547,2025-11-16,2026-03-27,94,132,0.7121212121212122
700622505,2025-02-19,2026-03-31,290,406,0.7142857142857143
700153039,2025-01-01,2026-03-27,323,451,0.7161862527716186
700330228,2025-01-01,2026-03-27,324,451,0.7184035476718403
77440261,2025-01-07,2026-03-31,323,449,0.7193763919821826
72930145,2025-08-19,2026-03-27,159,221,0.7194570135746606
77540310,2025-01-01,2025-05-31,109,151,0.7218543046357616
70224194,2025-11-28,2026-03-27,87,120,0.725
72030058,2025-01-01,2026-03-27,328,451,0.7272727272727273
700417005,2025-10-16,2026-03-31,122,167,0.7305389221556886
70240041,2026-01-09,2026-03-27,57,78,0.7307692307692307
700096058,2025-01-01,2026-03-27,330,451,0.7317073170731707
72030169,2025-11-25,2026-03-27,90,123,0.7317073170731707
700468408,2025-01-01,2026-03-27,330,451,0.7317073170731707
700602524,2025-01-01,2026-03-31,333,455,0.7318681318681318
70321641,2025-01-01,2026-03-31,333,455,0.7318681318681318
700096026,2025-01-01,2026-03-27,331,451,0.7339246119733924
700417017,2025-01-01,2026-03-31,334,455,0.734065934065934
73130258,2025-12-09,2026-03-31,83,113,0.7345132743362832
70142385,2025-01-01,2026-03-27,332,451,0.7361419068736141
77840075,2025-09-04,2026-03-31,154,209,0.7368421052631579
71540029,2025-11-19,2026-03-31,98,133,0.7368421052631579
71530344,2026-01-14,2026-03-31,57,77,0.7402597402597403
700499457,2025-01-02,2026-02-17,305,412,0.7402912621359223
72340170,2025-01-02,2025-10-13,211,285,0.7403508771929824
77142067,2025-01-01,2026-03-27,335,451,0.7427937915742794
70121516,2025-01-01,2026-03-31,338,455,0.7428571428571429
77540075,2025-05-21,2026-03-31,234,315,0.7428571428571429
72930194,2025-09-26,2026-03-31,139,187,0.7433155080213903
73130468,2025-01-01,2026-03-31,339,455,0.7450549450549451
700622508,2026-02-09,2026-03-31,38,51,0.7450980392156863
77840935,2025-10-06,2026-03-27,129,173,0.7456647398843931
78430017,2025-01-01,2026-03-31,340,455,0.7472527472527473
71531008,2025-01-01,2026-03-31,340,455,0.7472527472527473
700587296,2025-09-10,2026-03-31,152,203,0.7487684729064039
700096049,2025-01-01,2026-03-27,338,451,0.7494456762749445
700464086,2025-05-16,2025-09-12,90,120,0.75
71830278,2025-04-16,2026-03-31,263,350,0.7514285714285714
70323437,2025-10-09,2026-03-31,131,174,0.7528735632183908
71530345,2026-01-14,2026-03-31,58,77,0.7532467532467533
77230043,2025-01-01,2026-03-31,343,455,0.7538461538461538
70240421,2025-01-01,2026-03-31,344,455,0.756043956043956
71531020,2025-11-20,2026-03-31,100,132,0.7575757575757576
72030064,2025-06-24,2026-03-31,213,281,0.7580071174377224
700329858,2025-05-16,2025-09-12,91,120,0.7583333333333333
73130481,2025-06-17,2026-03-31,219,288,0.7604166666666666
70241024,2025-01-01,2026-03-31,346,455,0.7604395604395604
71530698,2026-02-14,2026-03-31,35,46,0.7608695652173914
70424767,2025-05-23,2025-09-12,86,113,0.7610619469026548
700602648,2025-03-19,2026-03-31,289,378,0.7645502645502645
71630125,2025-01-01,2026-03-27,345,451,0.7649667405764967
70122754,2025-06-27,2026-03-27,210,274,0.7664233576642335
78330071,2025-01-01,2026-03-31,349,455,0.7670329670329671
72640480,2025-09-30,2026-03-27,138,179,0.770949720670391
70221698,2025-01-01,2026-03-31,351,455,0.7714285714285715
71930125,2025-12-11,2026-03-08,68,88,0.7727272727272727
700232781,2025-06-17,2026-03-27,220,284,0.7746478873239436
71740583,2025-10-09,2026-03-31,135,174,0.7758620689655172
77830056,2025-09-24,2026-03-31,147,189,0.7777777777777778
72640839,2025-01-01,2026-03-31,354,455,0.778021978021978
70421316,2025-01-01,2026-03-27,351,451,0.7782705099778271
700747653,2025-09-10,2026-03-29,157,201,0.7810945273631841
700682535,2026-01-23,2026-02-23,25,32,0.78125
72940133,2025-09-25,2026-03-08,129,165,0.7818181818181819
78330003,2025-05-21,2025-09-12,90,115,0.782608695652174
77340095,2025-06-11,2025-09-10,72,92,0.782608695652174
77841202,2025-12-25,2026-03-31,76,97,0.7835051546391752
70322311,2025-01-01,2026-03-27,354,451,0.7849223946784922
700587649,2025-01-01,2026-03-27,356,451,0.7893569844789357
78340126,2025-05-21,2025-09-12,91,115,0.7913043478260869
700539961,2025-06-24,2026-03-31,223,281,0.7935943060498221
700330264,2025-01-01,2026-03-27,358,451,0.7937915742793792
78140090,2025-11-07,2026-03-27,112,141,0.7943262411347518
77240091,2025-05-20,2025-09-23,101,127,0.7952755905511811
700750770,2025-07-11,2026-03-31,210,264,0.7954545454545454
70322711,2025-01-01,2026-03-31,362,455,0.7956043956043956
70321658,2025-01-01,2026-03-31,362,455,0.7956043956043956
70123628,2025-02-03,2026-02-26,310,389,0.7969151670951157
700330148,2025-02-06,2026-03-31,334,419,0.7971360381861575
77341119,2025-06-11,2025-09-07,71,89,0.797752808988764
700330266,2025-01-01,2026-03-27,360,451,0.7982261640798226
72440265,2025-01-01,2026-03-31,364,455,0.8
70120914,2025-01-01,2026-03-27,361,451,0.8004434589800443
71940110,2025-12-11,2026-03-31,89,111,0.8018018018018018
700387736,2025-12-16,2026-03-31,85,106,0.8018867924528302
70123394,2025-01-01,2026-03-31,365,455,0.8021978021978022
77840291,2025-06-11,2025-09-10,74,92,0.8043478260869565
700387735,2025-04-17,2026-03-31,281,349,0.8051575931232091
71930145,2025-11-13,2026-03-31,112,139,0.8057553956834532
700387741,2025-12-24,2026-03-31,79,98,0.8061224489795918
700416944,2025-01-01,2026-03-31,367,455,0.8065934065934066
72630319,2025-01-01,2026-03-31,367,455,0.8065934065934066
700605055,2025-04-07,2026-03-31,290,359,0.807799442896936
77540131,2025-05-15,2025-07-26,59,73,0.8082191780821918
70141506,2025-01-01,2026-03-27,366,451,0.811529933481153
71540051,2025-11-19,2026-03-31,108,133,0.8120300751879699
700746533,2025-07-10,2026-03-28,213,262,0.8129770992366412
73130435,2025-06-26,2026-03-31,227,279,0.8136200716845878
700291518,2025-01-01,2026-03-31,371,455,0.8153846153846154
700623340,2025-05-28,2026-03-27,248,304,0.8157894736842105
73130474,2025-01-01,2026-03-27,368,451,0.8159645232815964
77840880,2025-07-02,2026-03-31,223,273,0.8168498168498168
72930341,2025-12-18,2026-03-31,85,104,0.8173076923076923
75040215,2025-01-01,2026-03-31,372,455,0.8175824175824176
70723015,2025-06-19,2026-03-31,234,286,0.8181818181818182
70240036,2025-01-01,2026-03-31,373,455,0.8197802197802198
70120270,2025-01-01,2026-03-31,373,455,0.8197802197802198
73130049,2025-12-11,2026-03-31,91,111,0.8198198198198198
78040031,2025-05-28,2025-09-10,87,106,0.8207547169811321
78340254,2025-05-21,2025-11-09,142,173,0.8208092485549133
700153076,2025-04-18,2026-03-31,286,348,0.8218390804597702
70120527,2025-01-01,2026-03-27,371,451,0.8226164079822617
71540408,2025-04-09,2026-03-31,294,357,0.8235294117647058
77230520,2025-05-20,2026-03-27,257,312,0.8237179487179487
77340491,2025-05-26,2025-09-10,89,108,0.8240740740740741
70421249,2025-01-01,2026-03-31,375,455,0.8241758241758241
700467961,2025-01-01,2026-03-31,375,455,0.8241758241758241
700465806,2025-01-01,2026-03-31,375,455,0.8241758241758241
700499285,2025-01-01,2026-03-31,375,455,0.8241758241758241
72930293,2025-12-25,2026-03-31,80,97,0.8247422680412371
73130255,2025-01-01,2026-03-27,372,451,0.8248337028824834
71830201,2025-04-16,2026-03-31,289,350,0.8257142857142857
700622506,2025-04-16,2026-03-31,289,350,0.8257142857142857
700600096,2025-04-16,2026-03-31,289,350,0.8257142857142857
700622504,2025-04-16,2026-03-31,289,350,0.8257142857142857
71830393,2025-04-16,2026-03-31,289,350,0.8257142857142857
71530965,2025-11-19,2026-03-31,110,133,0.8270676691729323
700603256,2025-04-16,2026-03-31,290,350,0.8285714285714286
700622509,2025-04-16,2026-03-31,290,350,0.8285714285714286
72930480,2025-05-29,2025-09-10,87,105,0.8285714285714286
700746313,2025-07-17,2026-03-31,214,258,0.8294573643410853
70242774,2025-01-01,2026-03-31,378,455,0.8307692307692308
70242761,2025-01-01,2026-03-31,378,455,0.8307692307692308
700464649,2025-01-01,2025-09-12,212,255,0.8313725490196079
73130141,2025-01-01,2026-03-27,375,451,0.8314855875831486
71531081,2025-01-01,2026-03-27,375,451,0.8314855875831486
77340561,2025-05-27,2025-09-10,89,107,0.8317757009345794
72030334,2025-09-30,2026-03-27,149,179,0.8324022346368715
71530276,2025-05-26,2025-09-10,90,108,0.8333333333333334
71930003,2025-11-14,2026-03-31,115,138,0.8333333333333334
700587269,2025-04-18,2025-07-18,77,92,0.8369565217391305
72930328,2025-08-15,2026-03-31,192,229,0.8384279475982532
75030301,2025-02-09,2026-03-31,349,416,0.8389423076923077
78140263,2025-08-20,2026-03-31,188,224,0.8392857142857143
75030302,2025-02-08,2026-03-31,350,417,0.8393285371702638
71540139,2026-02-10,2026-03-31,42,50,0.84
77730201,2025-01-01,2026-03-31,383,455,0.8417582417582418
72340361,2025-01-01,2026-03-27,380,451,0.8425720620842572
77840679,2025-09-24,2026-03-27,156,185,0.8432432432432433
700586655,2025-01-01,2026-03-31,384,455,0.843956043956044
78330276,2025-05-21,2025-10-22,131,155,0.8451612903225807
77830098,2025-05-30,2025-09-10,88,104,0.8461538461538461
73030010,2025-01-01,2026-03-27,382,451,0.8470066518847007
77540306,2025-05-20,2026-03-31,268,316,0.8481012658227848
700539238,2025-01-01,2026-03-31,386,455,0.8483516483516483
70823453,2025-04-25,2026-03-31,290,341,0.8504398826979472
70123608,2025-12-15,2026-03-31,91,107,0.8504672897196262
700587487,2025-01-01,2026-03-27,384,451,0.8514412416851441
70142928,2025-01-01,2026-03-31,388,455,0.8527472527472527
700523731,2025-01-01,2026-03-31,388,455,0.8527472527472527
78042888,2025-01-01,2026-03-31,388,455,0.8527472527472527
77630014,2025-01-01,2026-03-31,389,455,0.8549450549450549
71640157,2025-05-15,2025-10-27,142,166,0.8554216867469879
700652230,2025-01-01,2026-03-27,386,451,0.8558758314855875
700629041,2025-01-01,2025-06-10,138,161,0.8571428571428571
70323195,2025-03-03,2026-03-31,338,394,0.8578680203045685
73130369,2025-01-01,2026-03-27,387,451,0.8580931263858093
70342759,2025-01-01,2026-03-27,387,451,0.8580931263858093
71530360,2025-01-23,2026-03-31,372,433,0.859122401847575
72640046,2025-01-01,2026-03-31,391,455,0.8593406593406593
71530313,2025-11-24,2026-03-31,110,128,0.859375
71740207,2025-11-24,2026-01-27,56,65,0.8615384615384616
700232605,2025-01-01,2026-03-31,392,455,0.8615384615384616
700591448,2025-01-01,2026-03-31,392,455,0.8615384615384616
700096007,2025-01-01,2026-03-31,392,455,0.8615384615384616
70324370,2025-10-09,2026-03-31,150,174,0.8620689655172413
700682539,2025-05-02,2025-12-12,194,225,0.8622222222222222
75153103,2025-01-01,2026-03-27,389,451,0.8625277161862528
77540255,2025-05-27,2026-03-30,266,308,0.8636363636363636
700416878,2025-01-01,2026-03-31,393,455,0.8637362637362638
70120004,2025-01-01,2026-03-31,393,455,0.8637362637362638
700292138,2025-01-01,2026-03-31,393,455,0.8637362637362638
78530171,2025-04-27,2025-07-09,64,74,0.8648648648648649
700232668,2025-01-01,2026-03-31,394,455,0.865934065934066
70123873,2025-01-01,2026-03-27,391,451,0.8669623059866962
700658506,2025-01-01,2026-03-27,391,451,0.8669623059866962
73130440,2025-01-01,2026-03-27,391,451,0.8669623059866962
700472561,2025-01-01,2026-03-31,395,455,0.8681318681318682
77140148,2025-10-16,2026-03-31,145,167,0.8682634730538922
77740183,2025-05-20,2026-03-31,275,316,0.870253164556962
700602688,2025-01-01,2026-03-31,396,455,0.8703296703296703
71930010,2025-01-01,2026-03-31,396,455,0.8703296703296703
700153062,2025-01-01,2026-03-27,393,451,0.8713968957871396
72740932,2025-01-01,2026-03-31,397,455,0.8725274725274725
71740458,2025-01-01,2026-03-31,397,455,0.8725274725274725
71531036,2026-01-12,2026-03-31,69,79,0.8734177215189873
70324592,2025-10-09,2026-03-31,152,174,0.8735632183908046
71640719,2025-11-28,2026-03-27,105,120,0.875
73130416,2025-10-16,2026-01-20,85,97,0.8762886597938144
700096064,2025-04-24,2026-03-31,300,342,0.8771929824561403
71930059,2025-11-28,2026-03-31,109,124,0.8790322580645161
71530046,2025-12-31,2026-03-31,80,91,0.8791208791208791
700416513,2025-01-01,2026-03-31,400,455,0.8791208791208791
700746441,2025-07-10,2026-03-31,233,265,0.879245283018868
700813077,2025-11-19,2026-03-31,117,133,0.8796992481203008
78240335,2025-01-01,2026-03-27,397,451,0.8802660753880266
700587611,2025-08-08,2026-03-31,208,236,0.8813559322033898
78040167,2026-01-06,2026-03-31,75,85,0.8823529411764706
700153105,2025-01-01,2026-03-27,398,451,0.8824833702882483
700330042,2025-01-01,2026-03-31,402,455,0.8835164835164835
71330015,2025-01-01,2026-03-31,402,455,0.8835164835164835
78640202,2025-05-08,2026-03-31,290,328,0.8841463414634146
700565724,2025-01-01,2025-09-10,224,253,0.8853754940711462
73230129,2025-01-01,2026-03-31,403,455,0.8857142857142857
700464774,2025-01-01,2025-06-17,149,168,0.8869047619047619
70141484,2025-03-31,2026-03-31,325,366,0.8879781420765027
77840892,2025-10-30,2026-03-31,136,153,0.8888888888888888
77940141,2025-09-23,2026-03-31,169,190,0.8894736842105263
77840170,2025-10-28,2026-03-31,138,155,0.8903225806451613
700499866,2025-04-15,2026-03-31,313,351,0.8917378917378918
77840753,2025-01-01,2026-03-31,406,455,0.8923076923076924
700329966,2025-01-28,2026-03-31,382,428,0.8925233644859814
71930083,2025-12-10,2026-03-31,100,112,0.8928571428571429
77830031,2025-10-30,2026-02-19,101,113,0.8938053097345132
70124411,2025-01-01,2026-03-31,407,455,0.8945054945054945
700444742,2025-01-01,2026-03-27,404,451,0.8957871396895787
700602938,2025-05-14,2026-03-31,289,322,0.8975155279503105
70121428,2025-05-14,2026-03-31,289,322,0.8975155279503105
72930262,2025-12-04,2026-03-31,106,118,0.8983050847457628
700330259,2025-01-01,2026-03-31,409,455,0.8989010989010989
72930491,2025-12-12,2026-03-31,99,110,0.9
77440323,2025-05-14,2026-03-31,290,322,0.9006211180124224
77940217,2025-05-13,2026-03-31,291,323,0.9009287925696594
77740155,2025-01-01,2026-03-31,410,455,0.9010989010989011
700543366,2025-04-30,2026-03-19,292,324,0.9012345679012346
700466615,2025-01-01,2026-03-27,407,451,0.9024390243902439
71440086,2025-10-08,2026-03-31,158,175,0.9028571428571428
77841083,2025-10-28,2026-03-31,140,155,0.9032258064516129
77841079,2025-10-28,2026-03-31,140,155,0.9032258064516129
71530067,2026-01-08,2026-03-31,75,83,0.9036144578313253
71930039,2025-11-13,2026-03-27,122,135,0.9037037037037037
71530918,2025-11-27,2026-03-31,113,125,0.904
78240038,2025-01-01,2026-03-31,412,455,0.9054945054945055
700443367,2025-01-01,2026-03-31,412,455,0.9054945054945055
700416974,2025-01-01,2026-03-31,412,455,0.9054945054945055
71430067,2025-10-03,2026-03-31,163,180,0.9055555555555556
77841082,2025-10-24,2026-03-31,144,159,0.9056603773584906
700417020,2025-01-01,2026-03-31,413,455,0.9076923076923077
73130479,2025-01-01,2026-03-31,413,455,0.9076923076923077
70241365,2025-01-01,2026-03-31,413,455,0.9076923076923077
77230260,2025-05-20,2026-03-31,287,316,0.9082278481012658
71531067,2025-01-01,2026-03-31,414,455,0.9098901098901099
77230938,2025-01-01,2026-03-31,414,455,0.9098901098901099
700329995,2025-09-10,2026-02-24,153,168,0.9107142857142857
72830075,2025-01-01,2025-10-09,257,282,0.9113475177304965
78440031,2025-01-01,2025-06-30,165,181,0.9116022099447514
71930348,2025-01-01,2026-03-31,415,455,0.9120879120879121
71830603,2025-01-01,2026-03-31,415,455,0.9120879120879121
78330095,2026-01-07,2026-03-27,73,80,0.9125
72930074,2025-11-25,2026-03-31,116,127,0.9133858267716536
71440330,2025-01-01,2026-03-27,412,451,0.9135254988913526
71740202,2025-12-04,2026-03-18,96,105,0.9142857142857143
72930754,2025-01-01,2026-03-31,416,455,0.9142857142857143
700611876,2025-01-01,2026-03-31,416,455,0.9142857142857143
72830093,2025-01-01,2026-03-31,416,455,0.9142857142857143
700603108,2025-05-20,2026-03-31,289,316,0.9145569620253164
700721480,2025-05-20,2026-03-31,289,316,0.9145569620253164
77230175,2025-05-20,2026-03-31,289,316,0.9145569620253164
77830012,2025-10-30,2026-03-31,140,153,0.9150326797385621
700463457,2025-11-17,2026-03-02,97,106,0.9150943396226415
72640166,2025-12-16,2026-03-31,97,106,0.9150943396226415
72930335,2025-10-06,2026-03-31,162,177,0.9152542372881356
72930216,2025-10-06,2026-03-31,162,177,0.9152542372881356
700699286,2025-03-07,2026-03-31,357,390,0.9153846153846154
78430003,2025-05-16,2026-03-31,293,320,0.915625
71531013,2026-01-19,2026-03-31,66,72,0.9166666666666666
73130066,2025-11-20,2026-03-31,121,132,0.9166666666666666
72930458,2025-07-22,2026-03-31,232,253,0.9169960474308301
77230357,2025-05-20,2026-03-31,290,316,0.9177215189873418
77230439,2025-05-20,2026-03-31,290,316,0.9177215189873418
77230314,2025-05-20,2026-03-31,290,316,0.9177215189873418
77240315,2025-05-20,2026-03-31,290,316,0.9177215189873418
77240312,2025-05-20,2026-03-31,290,316,0.9177215189873418
700710157,2025-05-20,2026-03-31,290,316,0.9177215189873418
70224522,2025-10-31,2026-01-11,67,73,0.9178082191780822
700538252,2025-01-01,2026-03-31,418,455,0.9186813186813186
700443745,2025-01-01,2026-03-31,418,455,0.9186813186813186
77940161,2025-05-16,2026-03-31,294,320,0.91875
72930571,2025-09-22,2026-03-27,172,187,0.9197860962566845
72440007,2025-11-14,2026-03-31,127,138,0.9202898550724637
700724558,2025-05-09,2026-03-31,301,327,0.9204892966360856
71940046,2025-11-25,2026-03-31,117,127,0.9212598425196851
78330006,2025-03-03,2026-03-31,363,394,0.9213197969543148
78240028,2025-01-01,2025-09-12,235,255,0.9215686274509803
78340691,2025-01-01,2026-03-01,392,425,0.9223529411764706
700416559,2025-04-16,2026-03-31,323,350,0.9228571428571428
72030440,2025-11-18,2026-03-27,120,130,0.9230769230769231
72930767,2025-07-25,2026-03-31,231,250,0.924
78530029,2025-05-20,2026-03-31,292,316,0.9240506329113924
71540105,2025-06-30,2025-09-03,61,66,0.9242424242424242
72440078,2025-11-19,2026-03-31,123,133,0.924812030075188
71540053,2025-11-19,2026-03-31,123,133,0.924812030075188
71530099,2025-06-23,2025-09-10,74,80,0.925
77340599,2025-01-01,2026-03-31,421,455,0.9252747252747253
700292122,2025-01-01,2026-03-31,421,455,0.9252747252747253
77340899,2025-01-01,2026-03-31,421,455,0.9252747252747253
700465160,2025-01-01,2026-03-31,421,455,0.9252747252747253
700330137,2025-01-01,2026-03-31,421,455,0.9252747252747253
700634754,2025-01-01,2026-03-31,421,455,0.9252747252747253
71530483,2025-11-12,2026-03-25,124,134,0.9253731343283582
71530644,2025-10-20,2026-03-31,151,163,0.9263803680981595
77540145,2025-05-20,2026-03-31,293,316,0.9272151898734177
700330044,2025-06-30,2026-03-31,255,275,0.9272727272727272
70121284,2025-01-01,2026-03-31,422,455,0.9274725274725275
71830524,2025-01-01,2026-03-31,422,455,0.9274725274725275
700466350,2025-01-01,2025-07-26,192,207,0.927536231884058
72930574,2025-08-19,2026-03-27,205,221,0.9276018099547512
77340025,2025-09-19,2026-03-31,180,194,0.9278350515463918
70722981,2025-01-01,2026-03-31,423,455,0.9296703296703297
71740535,2025-01-01,2026-03-31,423,455,0.9296703296703297
77341224,2025-01-01,2026-03-31,423,455,0.9296703296703297
71740204,2025-11-24,2026-03-31,119,128,0.9296875
700466987,2025-01-01,2025-10-27,279,300,0.93
72730263,2026-01-19,2026-03-31,67,72,0.9305555555555556
77830057,2025-10-10,2026-03-31,161,173,0.930635838150289
700750655,2025-09-10,2026-03-31,189,203,0.9310344827586207
700663774,2025-01-01,2026-03-31,424,455,0.9318681318681319
72130199,2025-01-01,2026-03-31,424,455,0.9318681318681319
71740577,2025-01-01,2026-03-31,424,455,0.9318681318681319
71430301,2025-01-01,2026-03-31,424,455,0.9318681318681319
70470037,2025-01-01,2026-03-27,421,451,0.9334811529933481
72740006,2025-01-01,2026-03-31,425,455,0.9340659340659341
71430302,2025-01-01,2026-03-31,425,455,0.9340659340659341
72030140,2025-01-01,2026-03-31,425,455,0.9340659340659341
73130439,2025-01-01,2026-03-31,425,455,0.9340659340659341
700330201,2025-01-01,2026-03-31,425,455,0.9340659340659341
700464580,2025-01-01,2026-03-31,425,455,0.9340659340659341
71740578,2025-01-01,2026-03-31,425,455,0.9340659340659341
71440328,2025-01-01,2026-03-31,425,455,0.9340659340659341
72740933,2025-01-01,2026-03-31,425,455,0.9340659340659341
71440331,2025-01-01,2026-03-31,425,455,0.9340659340659341
72730349,2025-01-01,2026-03-31,425,455,0.9340659340659341
71740612,2025-01-01,2026-03-31,425,455,0.9340659340659341
72930576,2025-11-27,2026-02-25,85,91,0.9340659340659341
71940466,2025-01-01,2026-03-31,425,455,0.9340659340659341
700464090,2025-02-14,2026-03-31,384,411,0.9343065693430657
70220941,2025-05-27,2026-03-31,289,309,0.9352750809061489
70940213,2025-05-27,2026-03-31,289,309,0.9352750809061489
700534093,2025-01-01,2026-03-31,426,455,0.9362637362637363
70342325,2025-01-01,2026-03-31,426,455,0.9362637362637363
70123181,2025-01-01,2026-03-31,426,455,0.9362637362637363
78240106,2025-01-01,2026-03-02,399,426,0.9366197183098591
71530081,2026-01-12,2026-03-31,74,79,0.9367088607594937
71530677,2025-06-24,2025-09-10,74,79,0.9367088607594937
78340083,2025-06-10,2025-09-12,89,95,0.9368421052631579
78040006,2025-11-24,2026-03-31,120,128,0.9375
72930316,2025-08-19,2026-03-31,211,225,0.9377777777777778
70941608,2025-05-28,2026-03-31,289,308,0.9383116883116883
71740065,2025-05-26,2026-03-31,291,310,0.9387096774193548
70321465,2025-06-23,2025-09-12,77,82,0.9390243902439024
78340111,2025-01-01,2026-03-20,417,444,0.9391891891891891
72640817,2025-11-20,2026-03-31,124,132,0.9393939393939394
71430121,2025-10-15,2026-03-31,158,168,0.9404761904761905
700466569,2025-01-01,2026-03-31,428,455,0.9406593406593406
72740033,2025-07-02,2026-03-31,257,273,0.9413919413919414
700524620,2025-01-01,2026-03-31,429,455,0.9428571428571428
73130007,2025-01-01,2026-03-31,429,455,0.9428571428571428
700153102,2025-01-01,2026-03-31,429,455,0.9428571428571428
70174032,2025-01-01,2026-03-31,429,455,0.9428571428571428
71530490,2025-01-01,2026-03-31,429,455,0.9428571428571428
72240844,2025-01-01,2026-03-31,429,455,0.9428571428571428
71740450,2025-11-25,2026-01-16,50,53,0.9433962264150944
700330172,2025-01-13,2026-03-31,418,443,0.9435665914221218
73130358,2025-10-22,2026-02-23,118,125,0.944
73130080,2025-06-17,2026-03-31,272,288,0.9444444444444444
700549511,2025-01-01,2026-03-27,426,451,0.9445676274944568
78340668,2025-01-01,2025-09-12,241,255,0.9450980392156862
77340486,2025-09-10,2026-03-31,192,203,0.9458128078817734
700096037,2025-01-01,2026-03-03,404,427,0.9461358313817331
71940208,2025-12-10,2026-03-31,106,112,0.9464285714285714
700565956,2025-01-01,2026-03-31,431,455,0.9472527472527472
71740052,2025-01-01,2026-03-31,431,455,0.9472527472527472
77840750,2026-01-15,2026-03-31,72,76,0.9473684210526315
71440087,2025-10-08,2026-03-31,166,175,0.9485714285714286
700465923,2025-01-01,2026-03-27,428,451,0.9490022172949002
700465672,2025-01-01,2025-09-12,242,255,0.9490196078431372
71530318,2025-01-01,2025-09-12,242,255,0.9490196078431372
71530751,2025-12-04,2026-03-31,112,118,0.9491525423728814
700465665,2025-01-01,2026-03-31,432,455,0.9494505494505494
72730350,2025-01-01,2026-03-31,432,455,0.9494505494505494
700330003,2025-01-01,2026-03-31,432,455,0.9494505494505494
700626726,2025-07-17,2026-03-31,245,258,0.9496124031007752
71540018,2025-12-22,2026-03-31,95,100,0.95
77340481,2025-09-10,2026-03-31,193,203,0.9507389162561576
71930183,2025-12-10,2026-03-01,78,82,0.9512195121951219
700587266,2025-01-01,2026-03-31,433,455,0.9516483516483516
70241281,2025-01-01,2026-03-31,433,455,0.9516483516483516
70340448,2025-01-01,2026-03-31,433,455,0.9516483516483516
700416874,2025-01-01,2026-03-31,433,455,0.9516483516483516
71430100,2025-05-28,2025-06-17,20,21,0.9523809523809523
700535749,2026-03-11,2026-03-31,20,21,0.9523809523809523
71740466,2025-11-25,2026-03-31,121,127,0.952755905511811
70122807,2025-07-17,2026-03-31,246,258,0.9534883720930233
700291732,2025-01-01,2026-03-31,434,455,0.9538461538461539
700291967,2025-01-01,2026-03-31,434,455,0.9538461538461539
77540142,2025-01-01,2026-03-31,434,455,0.9538461538461539
71540146,2025-11-21,2026-03-31,125,131,0.9541984732824428
71740318,2025-12-10,2026-03-31,107,112,0.9553571428571429
71430053,2025-10-03,2026-03-31,172,180,0.9555555555555556
77230256,2025-01-01,2026-03-31,435,455,0.9560439560439561
70820824,2025-01-01,2026-03-31,435,455,0.9560439560439561
72030436,2025-01-01,2026-03-31,435,455,0.9560439560439561
700416871,2025-01-01,2026-03-31,435,455,0.9560439560439561
700444446,2025-01-01,2026-03-31,435,455,0.9560439560439561
72940094,2025-09-29,2026-03-31,176,184,0.9565217391304348
700440972,2025-01-01,2026-03-31,436,455,0.9582417582417583
72240231,2025-01-01,2026-03-31,436,455,0.9582417582417583
700096039,2025-01-01,2026-03-31,436,455,0.9582417582417583
77540078,2025-01-01,2026-03-31,436,455,0.9582417582417583
700591456,2025-01-01,2026-03-31,436,455,0.9582417582417583
71330090,2025-01-01,2026-03-31,436,455,0.9582417582417583
700540361,2025-01-01,2026-03-31,436,455,0.9582417582417583
700330149,2025-07-28,2025-08-20,23,24,0.9583333333333334
71530272,2026-01-19,2026-03-31,69,72,0.9583333333333334
700330075,2025-07-28,2025-08-20,23,24,0.9583333333333334
700292024,2025-07-28,2025-08-20,23,24,0.9583333333333334
71540111,2025-11-05,2026-03-31,141,147,0.9591836734693877
75010710,2025-01-01,2026-03-27,433,451,0.9600886917960089
73130457,2025-06-04,2026-03-31,289,301,0.9601328903654485
73130476,2025-01-01,2026-03-31,437,455,0.9604395604395605
700153080,2025-01-01,2026-03-31,437,455,0.9604395604395605
72030437,2025-01-01,2026-03-31,437,455,0.9604395604395605
71530122,2025-09-10,2026-03-31,195,203,0.9605911330049262
71740371,2025-09-10,2026-03-31,195,203,0.9605911330049262
72930223,2025-11-25,2026-03-31,122,127,0.9606299212598425
71930128,2025-11-25,2026-03-31,122,127,0.9606299212598425
71530381,2025-06-26,2025-09-10,74,77,0.961038961038961
71530382,2025-06-26,2025-09-10,74,77,0.961038961038961
73130027,2025-11-21,2026-03-31,126,131,0.9618320610687023
71630110,2025-11-21,2026-03-31,126,131,0.9618320610687023
700329879,2025-01-10,2026-03-31,429,446,0.9618834080717489
700748559,2025-07-11,2026-03-31,254,264,0.9621212121212122
73130461,2025-01-01,2026-03-27,434,451,0.9623059866962306
71930136,2025-12-04,2026-02-21,77,80,0.9625
72840231,2025-07-08,2026-03-31,257,267,0.9625468164794008
m-1206 tr-2,2025-01-01,2026-03-31,438,455,0.9626373626373627
71540030,2025-01-01,2026-03-31,438,455,0.9626373626373627
71540020,2025-01-01,2026-03-31,438,455,0.9626373626373627
77940495,2025-01-01,2026-03-31,438,455,0.9626373626373627
78040096,2025-01-01,2026-03-31,438,455,0.9626373626373627
72830054,2025-01-01,2026-03-31,438,455,0.9626373626373627
77540370,2025-01-01,2026-03-31,438,455,0.9626373626373627
700465828,2025-01-01,2026-03-31,438,455,0.9626373626373627
72240794,2025-01-01,2026-03-31,438,455,0.9626373626373627
78240094,2025-01-01,2026-03-31,438,455,0.9626373626373627
700416852,2025-01-01,2026-03-31,438,455,0.9626373626373627
77640173,2025-08-29,2026-03-31,207,215,0.9627906976744186
700291582,2025-01-01,2025-10-26,288,299,0.9632107023411371
72930164,2025-06-20,2025-09-10,80,83,0.963855421686747
700330304,2025-01-01,2026-03-31,439,455,0.9648351648351648
78240163,2025-01-01,2026-03-31,439,455,0.9648351648351648
71540217,2025-12-08,2026-03-31,110,114,0.9649122807017544
73130179,2025-12-08,2026-03-31,110,114,0.9649122807017544
77340994,2025-04-24,2026-03-31,330,342,0.9649122807017544
71930077,2025-12-01,2026-03-31,117,121,0.9669421487603306
700573449,2025-01-01,2026-03-31,440,455,0.967032967032967
700570113,2025-01-01,2026-03-31,440,455,0.967032967032967
700437661,2025-01-01,2026-03-31,440,455,0.967032967032967
71540094,2025-01-01,2026-03-31,440,455,0.967032967032967
700292125,2025-01-01,2026-03-31,440,455,0.967032967032967
78340694,2025-01-01,2026-03-31,440,455,0.967032967032967
71930143,2025-10-31,2026-03-31,147,152,0.9671052631578947
72130012,2025-11-25,2026-03-31,123,127,0.968503937007874
77640219,2025-01-01,2025-09-12,247,255,0.9686274509803922
77830054,2025-01-01,2026-03-27,437,451,0.9689578713968958
77830115,2025-12-25,2026-03-31,94,97,0.9690721649484536
700586905,2025-01-03,2026-03-31,439,453,0.9690949227373068
71530476,2025-10-21,2026-03-31,157,162,0.9691358024691358
72830084,2025-01-01,2026-03-31,441,455,0.9692307692307692
70724238,2025-01-01,2026-03-31,441,455,0.9692307692307692
72240006,2025-01-01,2026-03-31,441,455,0.9692307692307692
700416598,2026-02-27,2026-03-31,32,33,0.9696969696969697
71540017,2025-12-22,2026-03-31,97,100,0.97
71540014,2025-11-18,2026-03-31,130,134,0.9701492537313433
72030359,2025-11-18,2026-03-31,130,134,0.9701492537313433
71540135,2025-09-11,2026-03-31,196,202,0.9702970297029703
700444674,2025-01-01,2026-01-08,362,373,0.9705093833780161
72240116,2026-02-26,2026-03-31,33,34,0.9705882352941176
71930099,2025-12-18,2026-03-31,101,104,0.9711538461538461
700443407,2025-12-18,2026-03-31,101,104,0.9711538461538461
71940043,2025-11-13,2026-03-31,135,139,0.9712230215827338
700598768,2025-01-01,2026-03-31,442,455,0.9714285714285714
72830087,2025-01-01,2026-03-31,442,455,0.9714285714285714
77840575,2025-01-01,2026-03-31,442,455,0.9714285714285714
700291711,2025-01-01,2026-03-31,442,455,0.9714285714285714
700330101,2025-06-19,2026-03-31,278,286,0.972027972027972
73130232,2025-12-12,2026-03-31,107,110,0.9727272727272728
70720121,2025-11-05,2026-03-31,143,147,0.9727891156462585
78140017,2025-01-01,2026-03-31,443,455,0.9736263736263736
72740261,2025-01-01,2026-03-31,443,455,0.9736263736263736
71630126,2025-01-01,2026-03-31,443,455,0.9736263736263736
71630259,2025-01-01,2026-03-31,443,455,0.9736263736263736
73130456,2025-01-01,2026-03-31,443,455,0.9736263736263736
73130429,2025-01-01,2026-03-31,443,455,0.9736263736263736
700292119,2025-01-01,2026-03-31,443,455,0.9736263736263736
700416538,2025-01-01,2026-03-31,443,455,0.9736263736263736
700232581,2025-01-01,2026-03-31,443,455,0.9736263736263736
77640087,2025-01-01,2026-03-31,443,455,0.9736263736263736
700566692,2025-01-01,2026-03-31,443,455,0.9736263736263736
71530326,2026-01-14,2026-03-31,75,77,0.974025974025974
71640016,2026-01-14,2026-03-31,75,77,0.974025974025974
71640017,2026-01-14,2026-03-31,75,77,0.974025974025974
78340630,2026-01-13,2026-03-31,76,78,0.9743589743589743
78340629,2026-01-13,2026-03-31,76,78,0.9743589743589743
71530247,2025-06-24,2025-09-10,77,79,0.9746835443037974
71540253,2025-06-24,2025-09-10,77,79,0.9746835443037974
77840177,2025-09-12,2026-03-31,196,201,0.9751243781094527
71530484,2025-10-22,2026-03-31,157,161,0.9751552795031055
70340973,2025-06-23,2026-03-31,275,282,0.975177304964539
71930305,2025-12-01,2026-03-31,118,121,0.9752066115702479
72930213,2025-12-01,2026-03-31,118,121,0.9752066115702479
700725388,2025-05-12,2026-03-31,316,324,0.9753086419753086
71530319,2026-01-09,2026-03-31,80,82,0.975609756097561
71840183,2025-01-01,2026-03-31,444,455,0.9758241758241758
70742530,2025-01-01,2026-03-31,444,455,0.9758241758241758
72840368,2025-01-01,2026-03-31,444,455,0.9758241758241758
77640244,2025-01-01,2026-03-31,444,455,0.9758241758241758
72440267,2025-01-01,2026-03-31,444,455,0.9758241758241758
77440253,2025-01-01,2026-03-31,444,455,0.9758241758241758
77240070,2025-01-01,2026-03-31,444,455,0.9758241758241758
72030131,2025-11-25,2026-03-31,124,127,0.9763779527559056
72930510,2025-11-25,2026-03-31,124,127,0.9763779527559056
71530309,2025-11-24,2026-03-31,125,128,0.9765625
72030357,2025-11-18,2026-03-25,125,128,0.9765625
700291886,2025-08-27,2026-03-31,212,217,0.9769585253456221
72930731,2025-08-21,2026-03-31,218,223,0.9775784753363229
700416875,2025-01-01,2026-03-31,445,455,0.978021978021978
700444714,2025-01-01,2026-03-31,445,455,0.978021978021978
70221784,2025-01-01,2026-03-31,445,455,0.978021978021978
71840184,2025-01-01,2026-03-31,445,455,0.978021978021978
72930024,2025-09-25,2026-03-31,184,188,0.9787234042553191
700597359,2025-06-17,2026-02-14,238,243,0.9794238683127572
70940214,2025-06-10,2026-03-31,289,295,0.9796610169491525
71530107,2025-12-22,2026-03-31,98,100,0.98
71530266,2025-12-17,2026-03-27,99,101,0.9801980198019802
700096057,2025-01-01,2026-03-31,446,455,0.9802197802197802
700416941,2025-01-01,2026-03-31,446,455,0.9802197802197802
72640792,2025-01-01,2026-03-31,446,455,0.9802197802197802
700153065,2025-01-01,2026-03-31,446,455,0.9802197802197802
700416911,2025-01-01,2026-03-31,446,455,0.9802197802197802
700573511,2025-01-01,2026-03-31,446,455,0.9802197802197802
72430020,2025-01-01,2026-03-31,446,455,0.9802197802197802
73130467,2025-01-01,2026-03-31,446,455,0.9802197802197802
700529180,2025-01-01,2026-03-31,446,455,0.9802197802197802
71940259,2025-10-31,2026-03-31,149,152,0.9802631578947368
77830605,2025-10-30,2026-03-31,150,153,0.9803921568627451
72840335,2025-01-01,2026-02-15,403,411,0.9805352798053528
71530398,2025-12-19,2026-03-31,101,103,0.9805825242718447
71930008,2025-12-18,2026-03-31,102,104,0.9807692307692307
73130009,2025-12-18,2026-03-31,102,104,0.9807692307692307
71530267,2025-12-15,2026-03-31,105,107,0.9813084112149533
77830740,2025-01-01,2025-04-19,107,109,0.981651376146789
70224479,2025-12-12,2026-03-31,108,110,0.9818181818181818
78640304,2025-06-26,2026-03-31,274,279,0.982078853046595
70120060,2025-12-10,2026-03-31,110,112,0.9821428571428571
77540234,2025-01-01,2026-03-31,447,455,0.9824175824175824
77230030,2025-01-01,2026-03-31,447,455,0.9824175824175824
75020109,2025-01-01,2026-03-31,447,455,0.9824175824175824
71830335,2025-01-01,2026-03-31,447,455,0.9824175824175824
700330022,2025-01-01,2026-03-31,447,455,0.9824175824175824
73130459,2025-01-01,2026-03-31,447,455,0.9824175824175824
72840776,2025-01-01,2026-03-31,447,455,0.9824175824175824
77830722,2025-01-01,2026-03-31,447,455,0.9824175824175824
700441010,2025-01-01,2026-03-31,447,455,0.9824175824175824
72740730,2025-01-01,2026-03-31,447,455,0.9824175824175824
700587565,2025-01-01,2026-03-31,447,455,0.9824175824175824
71530366,2025-01-01,2026-03-31,447,455,0.9824175824175824
700701668,2025-06-17,2026-03-31,283,288,0.9826388888888888
70721425,2025-11-04,2026-02-27,114,116,0.9827586206896551
71530335,2025-12-03,2026-03-31,117,119,0.9831932773109243
78330145,2025-09-25,2026-03-31,185,188,0.9840425531914894
72930336,2025-11-26,2026-03-31,124,126,0.9841269841269841
700329993,2025-01-13,2026-03-31,436,443,0.9841986455981941
71930299,2025-11-25,2026-03-31,125,127,0.984251968503937
78040067,2025-11-25,2026-03-31,125,127,0.984251968503937
72030172,2025-11-25,2026-03-31,125,127,0.984251968503937
77340450,2025-09-19,2026-03-31,191,194,0.9845360824742269
700602691,2025-01-01,2026-03-31,448,455,0.9846153846153847
77740098,2025-01-01,2026-03-31,448,455,0.9846153846153847
78330114,2025-01-01,2026-03-31,448,455,0.9846153846153847
700416541,2025-01-01,2026-03-31,448,455,0.9846153846153847
73130224,2025-01-01,2026-03-31,448,455,0.9846153846153847
700096036,2025-01-01,2026-03-31,448,455,0.9846153846153847
70424918,2025-01-01,2026-03-31,448,455,0.9846153846153847
700526296,2025-01-01,2026-03-31,448,455,0.9846153846153847
700524496,2025-01-01,2026-03-31,448,455,0.9846153846153847
78340084,2025-01-01,2026-03-31,448,455,0.9846153846153847
73230051,2025-11-21,2026-03-31,129,131,0.9847328244274809
72030031,2025-11-18,2026-03-31,132,134,0.9850746268656716
71530250,2025-09-10,2026-03-31,200,203,0.9852216748768473
71530923,2025-09-10,2026-03-31,200,203,0.9852216748768473
78340134,2025-11-15,2026-03-31,135,137,0.9854014598540146
70342813,2025-01-01,2025-10-06,275,279,0.985663082437276
700586097,2025-06-26,2026-03-31,275,279,0.985663082437276
77210004,2025-01-27,2026-03-31,423,429,0.986013986013986
70720462,2025-01-01,2025-03-14,72,73,0.9863013698630136
78640130,2025-06-12,2026-03-31,289,293,0.9863481228668942
77730203,2025-06-11,2026-03-31,290,294,0.9863945578231292
700292108,2025-01-13,2026-03-31,437,443,0.9864559819413092
77730092,2025-08-19,2026-03-31,222,225,0.9866666666666667
700669709,2025-01-06,2026-03-31,444,450,0.9866666666666667
72930225,2025-08-19,2026-03-31,222,225,0.9866666666666667
70141351,2025-01-01,2026-03-31,449,455,0.9868131868131869
73230147,2025-01-01,2026-03-31,449,455,0.9868131868131869
77540220,2025-01-01,2026-03-31,449,455,0.9868131868131869
700527917,2025-01-01,2026-03-31,449,455,0.9868131868131869
77830723,2025-01-01,2026-03-31,449,455,0.9868131868131869
72840200,2025-01-01,2026-03-31,449,455,0.9868131868131869
73230116,2025-01-01,2026-03-31,449,455,0.9868131868131869
71530162,2025-01-01,2026-03-31,449,455,0.9868131868131869
70123974,2025-01-01,2026-03-31,449,455,0.9868131868131869
77730044,2025-01-01,2026-03-31,449,455,0.9868131868131869
700153028,2025-01-01,2026-03-31,449,455,0.9868131868131869
700291815,2025-01-01,2026-03-31,449,455,0.9868131868131869
77940424,2025-09-17,2025-12-02,76,77,0.987012987012987
77540092,2025-10-23,2026-03-27,154,156,0.9871794871794872
71530442,2026-01-12,2026-03-31,78,79,0.9873417721518988
71530651,2025-06-24,2025-09-10,78,79,0.9873417721518988
71530670,2025-06-24,2025-09-10,78,79,0.9873417721518988
72130201,2025-01-01,2025-11-13,313,317,0.9873817034700315
700425476,2025-10-24,2026-03-31,157,159,0.9874213836477987
700597792,2025-02-21,2026-03-31,399,404,0.9876237623762376
70120911,2025-05-07,2026-03-31,325,329,0.9878419452887538
71430108,2025-10-16,2026-03-31,165,167,0.9880239520958084
700291742,2025-01-01,2025-06-17,166,168,0.9880952380952381
78240197,2025-01-01,2025-06-17,166,168,0.9880952380952381
700153038,2025-01-01,2026-02-27,418,423,0.9881796690307328
78330129,2025-01-01,2025-12-05,335,339,0.9882005899705014
72730245,2025-01-01,2026-03-03,422,427,0.9882903981264637
72930303,2025-10-09,2026-03-31,172,174,0.9885057471264368
700416855,2025-01-01,2026-03-29,448,453,0.9889624724061811
700096021,2025-01-01,2026-03-31,450,455,0.989010989010989
77340162,2025-01-01,2026-03-31,450,455,0.989010989010989
72640831,2025-01-01,2026-03-31,450,455,0.989010989010989
77830724,2025-01-01,2026-03-31,450,455,0.989010989010989
78040164,2025-01-01,2026-03-31,450,455,0.989010989010989
72440096,2025-01-01,2026-03-31,450,455,0.989010989010989
78340726,2025-01-01,2026-03-31,450,455,0.989010989010989
700661845,2025-01-01,2026-03-31,450,455,0.989010989010989
70121436,2025-01-01,2026-03-31,450,455,0.989010989010989
77640239,2025-01-01,2026-03-31,450,455,0.989010989010989
700330140,2025-01-01,2026-03-31,450,455,0.989010989010989
700416539,2025-01-01,2026-03-31,450,455,0.989010989010989
73130464,2025-01-01,2026-03-31,450,455,0.989010989010989
77140378,2025-01-01,2026-03-31,450,455,0.989010989010989
700468620,2025-01-01,2026-03-31,450,455,0.989010989010989
700466518,2025-01-01,2026-03-31,450,455,0.989010989010989
700153029,2025-01-01,2026-03-31,450,455,0.989010989010989
700611463,2025-01-01,2026-03-31,450,455,0.989010989010989
71540152,2025-12-30,2026-03-31,91,92,0.9891304347826086
71540093,2025-12-30,2026-03-31,91,92,0.9891304347826086
71540055,2025-12-30,2026-03-31,91,92,0.9891304347826086
78340428,2025-12-29,2026-03-31,92,93,0.989247311827957
72930448,2025-09-23,2026-03-31,188,190,0.9894736842105263
70421291,2025-06-19,2026-03-31,283,286,0.9895104895104895
72930128,2025-06-17,2026-03-31,285,288,0.9895833333333334
71530161,2025-02-27,2026-03-31,394,398,0.9899497487437185
71530384,2025-12-19,2026-03-31,102,103,0.9902912621359223
71530274,2025-12-17,2026-03-31,104,105,0.9904761904761905
71530275,2025-12-17,2026-03-31,104,105,0.9904761904761905
71540157,2025-12-16,2026-03-31,105,106,0.9905660377358491
700570893,2025-01-27,2026-03-31,425,429,0.9906759906759907
71740053,2025-12-10,2026-03-31,111,112,0.9910714285714286
71630058,2025-12-10,2026-03-31,111,112,0.9910714285714286
78330058,2025-01-01,2026-03-31,451,455,0.9912087912087912
700153081,2025-01-01,2026-03-31,451,455,0.9912087912087912
700291557,2025-01-01,2026-03-31,451,455,0.9912087912087912
77841255,2025-01-01,2026-03-31,451,455,0.9912087912087912
700500786,2025-01-01,2026-03-31,451,455,0.9912087912087912
71540089,2025-01-01,2026-03-31,451,455,0.9912087912087912
700500230,2025-01-01,2026-03-31,451,455,0.9912087912087912
700416973,2025-01-01,2026-03-31,451,455,0.9912087912087912
700426239,2025-01-01,2026-03-31,451,455,0.9912087912087912
72440264,2025-01-01,2026-03-31,451,455,0.9912087912087912
700416548,2025-01-01,2026-03-31,451,455,0.9912087912087912
70340907,2025-01-01,2026-03-31,451,455,0.9912087912087912
73130254,2025-01-01,2026-03-31,451,455,0.9912087912087912
77140221,2025-01-01,2026-03-31,451,455,0.9912087912087912
71440088,2025-01-01,2026-03-31,451,455,0.9912087912087912
700444722,2025-01-01,2026-03-31,451,455,0.9912087912087912
700468377,2025-01-01,2026-03-31,451,455,0.9912087912087912
71630258,2025-01-01,2026-03-31,451,455,0.9912087912087912
700096048,2025-01-01,2026-03-31,451,455,0.9912087912087912
71630113,2025-01-01,2026-03-31,451,455,0.9912087912087912
78430155,2025-01-01,2026-03-31,451,455,0.9912087912087912
73130002,2025-12-08,2026-03-31,113,114,0.9912280701754386
72940003,2025-12-04,2026-03-31,117,118,0.9915254237288136
71930131,2025-12-01,2026-03-31,120,121,0.9917355371900827
72940091,2025-12-01,2026-03-31,120,121,0.9917355371900827
78040013,2025-11-25,2026-03-27,122,123,0.991869918699187
72030268,2025-11-25,2026-03-31,126,127,0.9921259842519685
72430019,2025-11-25,2026-03-31,126,127,0.9921259842519685
72440095,2025-11-25,2026-03-31,126,127,0.9921259842519685
72030264,2025-11-25,2026-03-31,126,127,0.9921259842519685
72030167,2025-11-25,2026-03-31,126,127,0.9921259842519685
70721625,2025-11-25,2026-03-31,126,127,0.9921259842519685
71930068,2025-11-25,2026-03-31,126,127,0.9921259842519685
71630251,2025-11-25,2026-03-31,126,127,0.9921259842519685
72030263,2025-11-25,2026-03-31,126,127,0.9921259842519685
72030272,2025-11-25,2026-03-31,126,127,0.9921259842519685
71540042,2025-11-21,2026-03-31,130,131,0.9923664122137404
700444521,2025-07-08,2026-03-27,261,263,0.9923954372623575
71531052,2025-11-20,2026-03-31,131,132,0.9924242424242424
73130280,2025-11-20,2026-03-31,131,132,0.9924242424242424
72030111,2025-11-18,2026-03-31,133,134,0.9925373134328358
71430283,2025-11-18,2026-03-31,133,134,0.9925373134328358
72030109,2025-11-18,2026-03-31,133,134,0.9925373134328358
71440235,2025-11-17,2026-03-31,134,135,0.9925925925925926
700232632,2025-07-02,2026-03-31,271,273,0.9926739926739927
700500766,2025-06-29,2026-03-31,274,276,0.9927536231884058
71530703,2025-11-14,2026-03-31,137,138,0.9927536231884058
700292015,2025-01-21,2026-03-31,432,435,0.993103448275862
72430024,2025-11-07,2026-03-31,144,145,0.993103448275862
72030269,2025-11-06,2026-03-31,145,146,0.9931506849315068
700330041,2025-01-17,2026-03-31,436,439,0.9931662870159453
72440085,2025-01-01,2026-03-23,444,447,0.9932885906040269
72840379,2025-01-01,2026-03-31,452,455,0.9934065934065934
72240826,2025-01-01,2026-03-31,452,455,0.9934065934065934
71440327,2025-01-01,2026-03-31,452,455,0.9934065934065934
700621859,2025-01-01,2026-03-31,452,455,0.9934065934065934
700617003,2025-01-01,2026-03-31,452,455,0.9934065934065934
71540412,2025-01-01,2026-03-31,452,455,0.9934065934065934
73040158,2025-01-01,2026-03-31,452,455,0.9934065934065934
72240277,2025-01-01,2026-03-31,452,455,0.9934065934065934
71440229,2025-01-01,2026-03-31,452,455,0.9934065934065934
700437967,2025-01-01,2026-03-31,452,455,0.9934065934065934
700416939,2025-01-01,2026-03-31,452,455,0.9934065934065934
700586712,2025-01-01,2026-03-31,452,455,0.9934065934065934
700466619,2025-01-01,2026-03-31,452,455,0.9934065934065934
71530102,2025-01-01,2026-03-31,452,455,0.9934065934065934
700444725,2025-01-01,2026-03-31,452,455,0.9934065934065934
73130174,2025-01-01,2026-03-31,452,455,0.9934065934065934
700329849,2025-01-01,2026-03-31,452,455,0.9934065934065934
77230423,2025-01-01,2026-03-31,452,455,0.9934065934065934
700292080,2025-01-01,2026-03-31,452,455,0.9934065934065934
71840011,2025-01-01,2026-03-31,452,455,0.9934065934065934
75090407,2025-01-01,2026-03-31,452,455,0.9934065934065934
700096055,2025-01-01,2026-03-31,452,455,0.9934065934065934
700464612,2025-01-01,2026-03-31,452,455,0.9934065934065934
70124028,2025-01-01,2026-03-31,452,455,0.9934065934065934
700330220,2025-01-01,2026-03-31,452,455,0.9934065934065934
700567160,2025-01-01,2026-03-31,452,455,0.9934065934065934
700416850,2025-01-01,2026-03-31,452,455,0.9934065934065934
71940468,2025-10-31,2026-03-31,151,152,0.993421052631579
71530383,2025-10-30,2026-03-31,152,153,0.9934640522875817
70223730,2025-10-28,2026-03-31,154,155,0.9935483870967742
77840692,2025-10-24,2026-03-31,158,159,0.9937106918238994
72030233,2025-10-20,2026-03-31,162,163,0.9938650306748467
73130234,2025-01-01,2025-06-17,167,168,0.9940476190476191
70220097,2025-01-01,2025-06-17,167,168,0.9940476190476191
70220945,2025-01-01,2025-06-17,167,168,0.9940476190476191
700330062,2025-04-16,2026-03-31,348,350,0.9942857142857143
72930161,2025-10-06,2026-03-31,176,177,0.9943502824858758
71430031,2025-10-06,2026-03-31,176,177,0.9943502824858758
72030427,2025-10-01,2026-03-31,181,182,0.9945054945054945
77940037,2025-09-12,2026-03-31,200,201,0.9950248756218906
77830381,2025-09-11,2026-03-31,201,202,0.995049504950495
71540012,2025-09-11,2026-03-31,201,202,0.995049504950495
71540141,2025-09-10,2026-03-31,202,203,0.9950738916256158
700466943,2025-09-10,2026-03-31,202,203,0.9950738916256158
71540054,2025-09-10,2026-03-31,202,203,0.9950738916256158
77830113,2025-09-10,2026-03-31,202,203,0.9950738916256158
77540176,2025-09-08,2026-03-31,204,205,0.9951219512195122
78330096,2025-01-01,2025-08-09,220,221,0.995475113122172
700416592,2025-01-09,2026-03-31,445,447,0.9955257270693513
77140228,2025-01-07,2026-03-31,447,449,0.9955456570155902
72130179,2025-01-01,2026-03-27,449,451,0.9955654101995566
77540117,2025-01-02,2026-03-31,452,454,0.9955947136563876
700330188,2025-01-01,2026-03-31,453,455,0.9956043956043956
73130488,2025-01-01,2026-03-31,453,455,0.9956043956043956
70241139,2025-01-01,2026-03-31,453,455,0.9956043956043956
73130473,2025-01-01,2026-03-31,453,455,0.9956043956043956
700574638,2025-01-01,2026-03-31,453,455,0.9956043956043956
71330087,2025-01-01,2026-03-31,453,455,0.9956043956043956
700330060,2025-01-01,2026-03-31,453,455,0.9956043956043956
72940021,2025-01-01,2026-03-31,453,455,0.9956043956043956
77830500,2025-01-01,2026-03-31,453,455,0.9956043956043956
700416872,2025-01-01,2026-03-31,453,455,0.9956043956043956
72440259,2025-01-01,2026-03-31,453,455,0.9956043956043956
700416612,2025-01-01,2026-03-31,453,455,0.9956043956043956
700153058,2025-01-01,2026-03-31,453,455,0.9956043956043956
77940372,2025-01-01,2026-03-31,453,455,0.9956043956043956
70124832,2025-01-01,2026-03-31,453,455,0.9956043956043956
77440142,2025-01-01,2026-03-31,453,455,0.9956043956043956
700443470,2025-01-01,2026-03-31,453,455,0.9956043956043956
72340021,2025-01-01,2026-03-31,453,455,0.9956043956043956
72940127,2025-01-01,2026-03-31,453,455,0.9956043956043956
700330240,2025-01-01,2026-03-31,453,455,0.9956043956043956
72641466,2025-01-01,2026-03-31,453,455,0.9956043956043956
700441206,2025-01-01,2026-03-31,453,455,0.9956043956043956
700500222,2025-01-01,2026-03-31,453,455,0.9956043956043956
70342241,2025-01-01,2026-03-31,453,455,0.9956043956043956
71630092,2025-01-01,2026-03-31,453,455,0.9956043956043956
700565689,2025-01-01,2026-03-31,453,455,0.9956043956043956
77240574,2025-01-01,2026-03-31,453,455,0.9956043956043956
700652229,2025-01-01,2026-03-31,453,455,0.9956043956043956
70121369,2025-01-01,2026-03-31,453,455,0.9956043956043956
75101912,2025-01-01,2026-03-31,453,455,0.9956043956043956
700464091,2025-01-01,2026-03-31,453,455,0.9956043956043956
700329908,2025-06-30,2026-03-31,274,275,0.9963636363636363
70320866,2025-06-23,2026-03-31,281,282,0.9964539007092199
72640832,2025-06-19,2026-03-31,285,286,0.9965034965034965
700622510,2025-06-17,2026-03-31,287,288,0.9965277777777778
700330223,2025-06-17,2026-03-31,287,288,0.9965277777777778
73130095,2025-04-26,2026-02-13,293,294,0.9965986394557823
71440228,2025-05-29,2026-03-31,306,307,0.996742671009772
700673037,2025-05-27,2026-03-31,308,309,0.9967637540453075
72830077,2025-01-01,2025-11-22,325,326,0.9969325153374233
77230008,2025-01-01,2026-01-08,372,373,0.9973190348525469
78340626,2025-01-01,2026-01-21,385,386,0.9974093264248705
700616239,2025-02-26,2026-03-31,398,399,0.9974937343358395
700232597,2025-01-01,2026-02-06,401,402,0.9975124378109452
73130323,2025-01-18,2026-03-31,437,438,0.997716894977169
72830056,2025-01-01,2026-03-27,450,451,0.9977827050997783
700417014,2025-01-01,2026-03-31,454,455,0.9978021978021978
700617430,2025-01-01,2026-03-31,454,455,0.9978021978021978
72640095,2025-01-01,2026-03-31,454,455,0.9978021978021978
72730382,2025-01-01,2026-03-31,454,455,0.9978021978021978
72741096,2025-01-01,2026-03-31,454,455,0.9978021978021978
72641361,2025-01-01,2026-03-31,454,455,0.9978021978021978
700441345,2025-01-01,2026-03-31,454,455,0.9978021978021978
72640049,2025-01-01,2026-03-31,454,455,0.9978021978021978
700416836,2025-01-01,2026-03-31,454,455,0.9978021978021978
700416858,2025-01-01,2026-03-31,454,455,0.9978021978021978
700330180,2025-01-01,2026-03-31,454,455,0.9978021978021978
73130482,2025-01-01,2026-03-31,454,455,0.9978021978021978
70221774,2025-01-01,2026-03-31,454,455,0.9978021978021978
73130353,2025-01-01,2026-03-31,454,455,0.9978021978021978
700416554,2025-01-01,2026-03-31,454,455,0.9978021978021978
700330247,2025-01-01,2026-03-31,454,455,0.9978021978021978
70240870,2025-01-01,2026-03-31,454,455,0.9978021978021978
70240530,2025-01-01,2026-03-31,454,455,0.9978021978021978
72930800,2025-01-01,2026-03-31,454,455,0.9978021978021978
700330225,2025-01-01,2026-03-31,454,455,0.9978021978021978
72130170,2025-01-01,2026-03-31,454,455,0.9978021978021978
700330272,2025-01-01,2026-03-31,454,455,0.9978021978021978
700330252,2025-01-01,2026-03-31,454,455,0.9978021978021978
70324267,2025-01-01,2026-03-31,454,455,0.9978021978021978
700330231,2025-01-01,2026-03-31,454,455,0.9978021978021978
72640108,2025-01-01,2026-03-31,454,455,0.9978021978021978
72730394,2025-01-01,2026-03-31,454,455,0.9978021978021978
71531157,2025-01-01,2026-03-31,454,455,0.9978021978021978
700291677,2025-01-01,2026-03-31,454,455,0.9978021978021978
71530783,2025-01-01,2026-03-31,454,455,0.9978021978021978
77141538,2025-01-01,2026-03-31,454,455,0.9978021978021978
700329972,2025-01-01,2026-03-31,454,455,0.9978021978021978
71930367,2025-01-01,2026-03-31,454,455,0.9978021978021978
700330007,2025-01-01,2026-03-31,454,455,0.9978021978021978
72040060,2025-01-01,2026-03-31,454,455,0.9978021978021978
700444520,2025-01-01,2026-03-31,454,455,0.9978021978021978
73130117,2025-01-01,2026-03-31,454,455,0.9978021978021978
700566891,2025-01-01,2026-03-31,454,455,0.9978021978021978
700553062,2025-01-01,2026-03-31,454,455,0.9978021978021978
71440089,2025-01-01,2026-03-31,454,455,0.9978021978021978
700566958,2025-01-01,2026-03-31,454,455,0.9978021978021978
700565609,2025-01-01,2026-03-31,454,455,0.9978021978021978
77540332,2025-01-01,2026-03-31,454,455,0.9978021978021978
75010201,2025-01-01,2026-03-31,454,455,0.9978021978021978
77640229,2025-01-01,2026-03-31,454,455,0.9978021978021978
70120926,2025-01-01,2026-03-31,454,455,0.9978021978021978
70120341,2025-01-01,2026-03-31,454,455,0.9978021978021978
75020110,2025-01-01,2026-03-31,454,455,0.9978021978021978
70220405,2025-01-01,2026-03-31,454,455,0.9978021978021978
700597360,2025-01-01,2026-03-31,454,455,0.9978021978021978
75010707,2025-01-01,2026-03-31,454,455,0.9978021978021978
75020108,2025-01-01,2026-03-31,454,455,0.9978021978021978
700600097,2025-01-01,2026-03-31,454,455,0.9978021978021978
700600039,2025-01-01,2026-03-31,454,455,0.9978021978021978
700601101,2025-01-01,2026-03-31,454,455,0.9978021978021978
77140220,2025-01-01,2026-03-31,454,455,0.9978021978021978
75071001,2025-01-01,2026-03-31,454,455,0.9978021978021978
71830113,2025-01-01,2026-03-31,454,455,0.9978021978021978
700469075,2025-01-01,2026-03-31,454,455,0.9978021978021978
71630072,2025-01-01,2026-03-31,454,455,0.9978021978021978
71630071,2025-01-01,2026-03-31,454,455,0.9978021978021978
700548726,2025-01-01,2026-03-31,454,455,0.9978021978021978
700466682,2025-01-01,2026-03-31,454,455,0.9978021978021978
71830163,2025-01-01,2026-03-31,454,455,0.9978021978021978
700465262,2025-01-01,2026-03-31,454,455,0.9978021978021978
71530423,2025-01-01,2026-03-31,454,455,0.9978021978021978
700096046,2025-01-01,2026-03-31,454,455,0.9978021978021978
700623337,2025-01-01,2026-03-31,454,455,0.9978021978021978
KISIK DM-1/TR-32,2025-01-01,2026-03-31,455,455,1.0
Sarıgöl TR-67,2025-01-01,2026-03-31,455,455,1.0
İskele DM,2025-01-01,2026-03-31,455,455,1.0
78540031,2026-01-12,2026-03-31,79,79,1.0
78640023,2025-01-01,2026-03-31,455,455,1.0
78640027,2026-01-20,2026-03-31,71,71,1.0
78640031,2026-03-26,2026-03-27,2,2,1.0
78640099,2025-06-13,2025-06-13,1,1,1.0
78640128,2025-09-06,2026-03-31,207,207,1.0
78530014,2025-12-01,2025-12-01,1,1,1.0
78530083,2025-05-15,2025-05-16,2,2,1.0
78530256,2025-01-01,2026-03-31,455,455,1.0
78530257,2025-01-01,2026-03-31,455,455,1.0
78530258,2025-01-01,2025-07-25,206,206,1.0
78530262,2025-01-01,2026-03-31,455,455,1.0
78430145,2025-12-04,2026-03-31,118,118,1.0
78430157,2025-01-01,2026-03-31,455,455,1.0
78440004,2025-12-08,2026-03-31,114,114,1.0
78440020,2025-12-15,2026-03-31,107,107,1.0
78530007,2026-03-26,2026-03-27,2,2,1.0
700096020,2025-01-01,2026-03-31,455,455,1.0
700096027,2025-01-01,2026-03-31,455,455,1.0
700096028,2025-01-01,2026-03-31,455,455,1.0
700096029,2025-01-01,2026-03-31,455,455,1.0
700096030,2025-01-01,2025-09-12,255,255,1.0
700096034,2025-01-01,2026-03-31,455,455,1.0
700096011,2025-12-04,2026-03-31,118,118,1.0
700096013,2025-01-01,2026-03-31,455,455,1.0
700096016,2025-07-28,2025-08-20,24,24,1.0
700096017,2025-12-05,2026-03-31,117,117,1.0
700096018,2025-01-01,2026-03-31,455,455,1.0
700096019,2025-01-01,2026-03-31,455,455,1.0
700095990,2025-01-01,2026-03-31,455,455,1.0
700095992,2025-01-01,2026-03-31,455,455,1.0
700095997,2025-01-01,2025-09-12,255,255,1.0
700096000,2025-01-01,2026-03-31,455,455,1.0
700096002,2025-01-01,2026-03-31,455,455,1.0
700096003,2025-01-01,2026-03-31,455,455,1.0
700096004,2025-01-01,2026-03-31,455,455,1.0
700096005,2025-01-01,2026-03-31,455,455,1.0
10002650 tr-2,2025-01-01,2026-03-31,455,455,1.0
15001890-L-216,2026-03-26,2026-03-27,2,2,1.0
184302287,2025-01-01,2026-03-31,455,455,1.0
202917T,2025-01-01,2026-03-31,455,455,1.0
202918T,2025-01-01,2026-03-31,455,455,1.0
61740209,2025-01-01,2025-10-24,297,297,1.0
700074584,2025-01-01,2026-03-31,455,455,1.0
700095988,2025-01-01,2026-03-31,455,455,1.0
700631201,2025-01-01,2026-03-28,452,452,1.0
700631202,2025-01-01,2026-03-31,455,455,1.0
700631204,2025-01-01,2026-03-31,455,455,1.0
700631960,2025-01-01,2026-03-31,455,455,1.0
700631962,2025-01-03,2025-01-03,1,1,1.0
700631966,2025-07-28,2025-08-20,24,24,1.0
700631968,2025-01-01,2026-03-31,455,455,1.0
700633774,2025-02-24,2025-02-25,2,2,1.0
700626719,2025-03-25,2025-09-09,169,169,1.0
700626722,2025-05-29,2025-11-24,180,180,1.0
700626724,2025-01-01,2026-03-31,455,455,1.0
700629042,2025-01-01,2026-03-31,455,455,1.0
700623338,2025-07-28,2025-08-20,24,24,1.0
700623339,2025-06-17,2026-03-31,288,288,1.0
700623344,2025-01-01,2026-03-31,455,455,1.0
700624750,2026-03-26,2026-03-27,2,2,1.0
700624752,2025-01-01,2026-03-31,455,455,1.0
700622507,2026-03-25,2026-03-31,7,7,1.0
700623333,2025-01-01,2026-03-31,455,455,1.0
700623334,2025-07-28,2025-08-20,24,24,1.0
700652523,2025-01-01,2026-03-31,455,455,1.0
700658507,2025-01-01,2026-03-31,455,455,1.0
700663633,2026-03-26,2026-03-27,2,2,1.0
700663635,2026-03-26,2026-03-27,2,2,1.0
700665471,2025-07-28,2025-08-20,24,24,1.0
700642142,2026-03-26,2026-03-27,2,2,1.0
700642145,2025-01-01,2026-03-31,455,455,1.0
700642398,2025-01-01,2026-03-31,455,455,1.0
700647320,2025-01-01,2026-03-31,455,455,1.0
700635525,2026-03-26,2026-03-27,2,2,1.0
700635527,2025-01-01,2026-03-31,455,455,1.0
700635528,2025-01-01,2026-03-31,455,455,1.0
700635529,2025-01-01,2026-03-31,455,455,1.0
700635530,2025-01-01,2026-03-31,455,455,1.0
700639841,2026-03-26,2026-03-27,2,2,1.0
700639843,2025-01-01,2026-03-31,455,455,1.0
700639845,2025-01-01,2026-03-31,455,455,1.0
700633775,2026-03-26,2026-03-27,2,2,1.0
700633777,2025-01-01,2025-01-10,10,10,1.0
700633778,2025-01-01,2026-03-31,455,455,1.0
700633782,2025-07-28,2025-08-20,24,24,1.0
700633785,2026-03-26,2026-03-27,2,2,1.0
700633786,2025-01-01,2026-03-31,455,455,1.0
700634756,2025-07-28,2025-08-20,24,24,1.0
700620794,2025-06-25,2026-03-31,280,280,1.0
700621057,2025-06-17,2026-01-11,209,209,1.0
700621059,2026-03-26,2026-03-27,2,2,1.0
700621463,2025-07-28,2025-08-20,24,24,1.0
700621464,2025-06-17,2026-03-31,288,288,1.0
700614383,2025-01-01,2026-03-31,455,455,1.0
700616705,2025-07-28,2025-08-20,24,24,1.0
700616710,2025-03-20,2026-03-31,377,377,1.0
700619734,2026-03-26,2026-03-27,2,2,1.0
700620595,2025-07-21,2026-03-31,254,254,1.0
700604541,2026-03-26,2026-03-27,2,2,1.0
700606245,2026-03-26,2026-03-27,2,2,1.0
700610627,2025-01-01,2026-02-23,419,419,1.0
700610711,2025-01-01,2026-03-31,455,455,1.0
700603257,2026-03-26,2026-03-27,2,2,1.0
700603258,2025-01-01,2025-06-17,168,168,1.0
700603330,2025-01-01,2026-03-31,455,455,1.0
700603332,2026-03-26,2026-03-27,2,2,1.0
700603334,2025-03-06,2026-03-31,391,391,1.0
700604318,2025-01-01,2026-03-31,455,455,1.0
700604538,2025-01-01,2026-03-31,455,455,1.0
700604539,2026-03-26,2026-03-27,2,2,1.0
700695181,2026-03-26,2026-03-27,2,2,1.0
700695953,2025-02-28,2026-03-31,397,397,1.0
700696905,2025-03-05,2025-05-02,59,59,1.0
700696907,2025-03-05,2026-03-31,392,392,1.0
700696908,2025-07-28,2025-08-20,24,24,1.0
700696909,2026-03-26,2026-03-27,2,2,1.0
700696911,2025-03-05,2025-03-06,2,2,1.0
700682538,2025-02-03,2026-03-31,422,422,1.0
700688836,2025-02-13,2026-03-31,412,412,1.0
700688841,2026-03-26,2026-03-27,2,2,1.0
700693752,2026-03-26,2026-03-27,2,2,1.0
700694631,2026-01-22,2026-03-31,69,69,1.0
700677323,2025-05-15,2026-03-31,321,321,1.0
700680413,2025-10-19,2026-03-31,164,164,1.0
700680416,2025-01-29,2025-08-15,199,199,1.0
700682042,2025-01-31,2026-03-31,425,425,1.0
700682537,2026-03-26,2026-03-27,2,2,1.0
700669706,2025-01-06,2026-03-23,442,442,1.0
700669707,2025-05-08,2026-03-31,328,328,1.0
700669710,2026-03-26,2026-03-27,2,2,1.0
700673036,2025-07-22,2026-03-31,253,253,1.0
700711057,2025-05-09,2026-03-31,327,327,1.0
700713035,2026-03-26,2026-03-27,2,2,1.0
700715085,2025-05-26,2026-03-31,310,310,1.0
700715128,2025-04-15,2026-02-12,304,304,1.0
700715817,2025-04-16,2026-03-31,350,350,1.0
700716398,2025-05-09,2026-03-31,327,327,1.0
700716781,2025-06-17,2025-09-10,86,86,1.0
700718743,2025-04-24,2026-03-31,342,342,1.0
700706965,2026-03-26,2026-03-27,2,2,1.0
700707707,2025-03-24,2026-03-31,373,373,1.0
700708999,2025-03-25,2026-03-31,372,372,1.0
700709679,2025-03-26,2026-03-31,371,371,1.0
700709687,2026-03-26,2026-03-27,2,2,1.0
700710146,2026-03-26,2026-03-27,2,2,1.0
700696939,2025-03-03,2025-06-16,106,106,1.0
700698669,2025-03-06,2026-03-31,391,391,1.0
700705249,2026-03-26,2026-03-27,2,2,1.0
700705387,2025-03-19,2026-03-31,378,378,1.0
700706152,2025-09-10,2025-09-12,3,3,1.0
700706581,2025-03-21,2026-03-31,376,376,1.0
700696915,2025-03-05,2025-06-17,105,105,1.0
700696918,2025-03-05,2026-03-31,392,392,1.0
700696921,2025-03-05,2025-05-26,83,83,1.0
700696922,2025-03-05,2025-06-17,105,105,1.0
700696923,2025-03-05,2025-06-15,103,103,1.0
700696925,2026-03-26,2026-03-27,2,2,1.0
700696926,2025-03-05,2026-03-31,392,392,1.0
700696927,2026-03-26,2026-03-27,2,2,1.0
700746637,2026-03-26,2026-03-27,2,2,1.0
700747194,2026-03-26,2026-03-27,2,2,1.0
700749103,2025-07-16,2026-03-31,259,259,1.0
700750275,2025-10-02,2026-03-31,181,181,1.0
700741773,2026-03-26,2026-03-27,2,2,1.0
700743621,2025-06-23,2026-03-31,282,282,1.0
700746293,2025-07-10,2026-03-31,265,265,1.0
700746474,2025-07-16,2025-09-12,59,59,1.0
700725507,2025-05-12,2026-03-31,324,324,1.0
700727495,2025-07-28,2025-08-20,24,24,1.0
700729189,2026-03-26,2026-03-27,2,2,1.0
700729272,2025-09-06,2026-03-31,207,207,1.0
700730526,2025-06-11,2026-03-31,294,294,1.0
700730537,2025-05-23,2026-03-31,313,313,1.0
700741208,2025-06-30,2026-03-31,275,275,1.0
700741679,2025-06-18,2026-03-31,287,287,1.0
700719102,2026-01-20,2026-03-31,71,71,1.0
700724588,2025-05-16,2026-03-31,320,320,1.0
700725348,2025-05-12,2026-03-31,324,324,1.0
700796453,2026-03-26,2026-03-27,2,2,1.0
700796497,2026-03-26,2026-03-27,2,2,1.0
700796612,2026-03-26,2026-03-27,2,2,1.0
700798564,2026-03-26,2026-03-27,2,2,1.0
700799896,2025-10-22,2025-12-01,41,41,1.0
700799941,2026-03-26,2026-03-27,2,2,1.0
700801659,2025-10-30,2026-03-31,153,153,1.0
700802652,2025-10-31,2026-03-31,152,152,1.0
700776348,2026-03-26,2026-03-27,2,2,1.0
700777482,2025-09-09,2026-03-31,204,204,1.0
700777572,2025-09-09,2026-03-31,204,204,1.0
700777593,2025-09-09,2026-03-31,204,204,1.0
700778224,2026-03-26,2026-03-27,2,2,1.0
700778451,2025-09-10,2026-03-31,203,203,1.0
700786463,2025-09-24,2025-09-24,1,1,1.0
700761090,2026-03-26,2026-03-27,2,2,1.0
700761422,2026-03-26,2026-03-27,2,2,1.0
700763447,2025-08-06,2026-03-31,238,238,1.0
700772956,2026-03-26,2026-03-27,2,2,1.0
700772964,2026-03-26,2026-03-27,2,2,1.0
700773172,2026-03-26,2026-03-27,2,2,1.0
700773772,2025-09-10,2026-03-31,203,203,1.0
700775165,2025-09-03,2026-03-31,210,210,1.0
700750643,2025-07-09,2026-03-31,266,266,1.0
700750700,2025-09-08,2026-03-31,205,205,1.0
700751446,2025-07-11,2026-03-31,264,264,1.0
700760041,2026-03-26,2026-03-27,2,2,1.0
700760768,2026-03-26,2026-03-27,2,2,1.0
700603102,2025-02-26,2025-12-05,283,283,1.0
700603104,2025-06-20,2025-09-10,83,83,1.0
700603124,2025-01-01,2025-02-24,55,55,1.0
700603139,2025-01-03,2025-01-03,1,1,1.0
700603243,2025-06-17,2026-03-31,288,288,1.0
700603244,2025-01-01,2026-03-31,455,455,1.0
700602812,2025-01-01,2026-03-31,455,455,1.0
700602814,2025-07-28,2025-08-20,24,24,1.0
700602815,2025-07-29,2025-08-20,23,23,1.0
700602939,2025-05-16,2026-03-31,320,320,1.0
700603003,2025-07-28,2025-08-20,24,24,1.0
700602164,2025-01-01,2026-03-31,455,455,1.0
700602520,2025-06-17,2026-03-31,288,288,1.0
700602521,2025-06-17,2026-03-31,288,288,1.0
700602647,2025-06-19,2025-09-09,83,83,1.0
700602686,2025-01-01,2025-02-24,55,55,1.0
700601344,2025-06-17,2026-03-31,288,288,1.0
700601469,2025-01-01,2026-03-31,455,455,1.0
700601553,2025-01-03,2025-01-03,1,1,1.0
700601568,2025-02-11,2026-03-31,414,414,1.0
700601650,2025-06-17,2025-09-12,88,88,1.0
700601664,2025-01-01,2026-03-31,455,455,1.0
700602037,2025-01-01,2026-03-31,455,455,1.0
700602071,2025-01-01,2026-03-31,455,455,1.0
70120008,2025-01-01,2025-06-17,168,168,1.0
70120014,2025-09-10,2026-03-31,203,203,1.0
70120024,2025-12-04,2026-03-31,118,118,1.0
70120091,2025-12-15,2026-03-31,107,107,1.0
70120112,2025-09-10,2025-11-19,71,71,1.0
70120122,2025-01-01,2026-03-31,455,455,1.0
70120135,2025-12-10,2026-03-31,112,112,1.0
700850780,2026-02-09,2026-03-31,51,51,1.0
700853284,2026-03-26,2026-03-27,2,2,1.0
700860286,2026-03-26,2026-03-27,2,2,1.0
700865731,2026-03-26,2026-03-27,2,2,1.0
700866518,2026-03-06,2026-03-31,26,26,1.0
700874583,2026-03-26,2026-03-27,2,2,1.0
700813793,2026-03-31,2026-03-31,1,1,1.0
700815254,2026-03-26,2026-03-27,2,2,1.0
700817209,2025-11-27,2026-03-31,125,125,1.0
700821681,2026-03-26,2026-03-27,2,2,1.0
700823323,2025-12-10,2026-03-31,112,112,1.0
700830053,2026-03-26,2026-03-27,2,2,1.0
700836095,2026-01-08,2026-03-31,83,83,1.0
700836278,2026-03-26,2026-03-27,2,2,1.0
700802826,2025-10-31,2026-03-31,152,152,1.0
700802999,2025-10-31,2026-03-31,152,152,1.0
700810692,2025-11-14,2025-11-14,1,1,1.0
700810872,2026-03-26,2026-03-27,2,2,1.0
700813016,2026-03-26,2026-03-27,2,2,1.0
700813627,2025-11-19,2026-03-31,133,133,1.0
700813787,2025-11-19,2026-03-31,133,133,1.0
70120549,2025-01-01,2026-03-31,455,455,1.0
70120554,2026-03-26,2026-03-27,2,2,1.0
70120558,2025-01-01,2026-03-31,455,455,1.0
70120570,2025-01-01,2025-04-28,118,118,1.0
70120571,2025-01-01,2026-03-31,455,455,1.0
70120581,2025-11-22,2026-03-31,130,130,1.0
70120585,2025-01-01,2026-03-31,455,455,1.0
70120449,2025-01-01,2026-03-31,455,455,1.0
70120459,2025-06-23,2025-08-05,44,44,1.0
70120463,2025-06-17,2025-06-20,4,4,1.0
70120473,2025-01-01,2026-03-31,455,455,1.0
70120494,2025-09-10,2026-03-31,203,203,1.0
70120505,2025-06-17,2025-09-10,86,86,1.0
70120511,2025-06-19,2025-09-10,84,84,1.0
70120258,2025-11-05,2025-11-05,1,1,1.0
70120271,2025-01-02,2026-03-31,454,454,1.0
70120290,2025-01-01,2026-03-31,455,455,1.0
70120316,2025-10-16,2026-03-31,167,167,1.0
70120370,2025-06-13,2025-06-17,5,5,1.0
70120414,2025-01-01,2025-06-17,168,168,1.0
70120161,2026-03-26,2026-03-27,2,2,1.0
70120196,2025-11-26,2026-03-31,126,126,1.0
70120220,2025-01-01,2026-03-31,455,455,1.0
70120223,2025-01-01,2026-03-31,455,455,1.0
70120232,2025-01-01,2026-03-31,455,455,1.0
70120234,2025-01-01,2026-03-31,455,455,1.0
70120237,2025-01-01,2026-03-31,455,455,1.0
70120238,2025-12-04,2026-03-31,118,118,1.0
70121240,2025-12-04,2026-03-31,118,118,1.0
70121281,2025-01-01,2026-03-31,455,455,1.0
70121402,2025-01-01,2026-03-31,455,455,1.0
70121438,2026-03-26,2026-03-27,2,2,1.0
70121031,2025-03-13,2026-03-31,384,384,1.0
70121037,2025-01-01,2026-03-31,455,455,1.0
70121038,2025-01-01,2025-06-17,168,168,1.0
70121086,2025-01-07,2025-06-17,162,162,1.0
70121108,2025-01-01,2026-03-31,455,455,1.0
70121126,2025-12-10,2026-03-31,112,112,1.0
70121162,2026-03-26,2026-03-27,2,2,1.0
70121174,2025-01-01,2026-03-31,455,455,1.0
70120783,2025-01-02,2025-06-17,167,167,1.0
70120827,2025-05-26,2026-03-31,310,310,1.0
70120828,2025-05-31,2025-06-27,28,28,1.0
70120855,2025-12-18,2026-03-31,104,104,1.0
70120917,2025-01-01,2026-03-31,455,455,1.0
70120621,2025-12-10,2026-03-31,112,112,1.0
70120622,2025-01-01,2025-10-18,291,291,1.0
70120631,2025-01-01,2026-03-31,455,455,1.0
70120639,2025-01-01,2025-09-18,261,261,1.0
70120649,2025-06-13,2025-06-17,5,5,1.0
70120653,2025-01-01,2026-03-31,455,455,1.0
70120724,2026-03-12,2026-03-31,20,20,1.0
70120736,2025-12-10,2026-03-31,112,112,1.0
70122910,2026-03-26,2026-03-27,2,2,1.0
70123060,2025-07-28,2025-08-20,24,24,1.0
70123160,2025-01-01,2026-03-31,455,455,1.0
70123189,2025-07-24,2026-03-31,251,251,1.0
70123270,2025-01-01,2026-03-31,455,455,1.0
70121793,2025-09-10,2026-03-31,203,203,1.0
70121820,2025-01-01,2025-02-14,45,45,1.0
70122322,2025-01-01,2026-03-31,455,455,1.0
70122340,2025-01-01,2025-07-01,182,182,1.0
70122352,2025-07-31,2026-03-31,244,244,1.0
70122414,2025-06-20,2025-09-10,83,83,1.0
70122438,2025-01-01,2025-06-17,168,168,1.0
70121605,2025-11-22,2026-03-31,130,130,1.0
70121627,2025-11-25,2026-03-31,127,127,1.0
70121665,2025-01-01,2026-03-31,455,455,1.0
70121683,2025-01-01,2026-03-31,455,455,1.0
70121691,2025-01-01,2026-03-31,455,455,1.0
70121702,2025-01-01,2026-03-31,455,455,1.0
70121764,2025-01-01,2026-03-31,455,455,1.0
70121766,2025-01-01,2026-03-31,455,455,1.0
70121447,2025-09-10,2026-03-31,203,203,1.0
70121453,2025-01-01,2025-01-20,20,20,1.0
70121463,2025-01-01,2026-03-31,455,455,1.0
70121499,2025-01-01,2025-09-12,255,255,1.0
70121559,2025-01-01,2026-03-31,455,455,1.0
70121567,2025-11-26,2026-03-31,126,126,1.0
70121570,2025-12-08,2026-03-31,114,114,1.0
700600196,2025-03-11,2025-06-14,96,96,1.0
700600200,2026-01-22,2026-03-31,69,69,1.0
700600431,2025-07-28,2025-08-20,24,24,1.0
700600432,2025-01-01,2026-03-31,455,455,1.0
700601121,2025-01-01,2026-03-31,455,455,1.0
700601262,2026-01-22,2026-03-31,69,69,1.0
700599206,2025-01-01,2026-03-31,455,455,1.0
700599997,2025-01-01,2026-03-31,455,455,1.0
700600098,2025-01-01,2026-03-31,455,455,1.0
700600100,2025-01-01,2026-03-31,455,455,1.0
700597492,2026-03-26,2026-03-27,2,2,1.0
700598731,2025-01-01,2026-03-31,455,455,1.0
700598737,2025-01-01,2026-03-31,455,455,1.0
700598762,2025-01-03,2025-01-03,1,1,1.0
700598769,2025-01-01,2026-03-31,455,455,1.0
700599204,2025-01-01,2026-03-31,455,455,1.0
700594717,2025-01-01,2026-03-31,455,455,1.0
700594722,2025-07-28,2025-08-20,24,24,1.0
700595423,2025-01-01,2026-03-31,455,455,1.0
700596040,2025-01-01,2026-03-31,455,455,1.0
700596084,2026-03-26,2026-03-27,2,2,1.0
700596712,2025-01-01,2026-03-31,455,455,1.0
70124589,2025-01-01,2026-03-04,428,428,1.0
70124673,2025-06-17,2025-09-10,86,86,1.0
70124693,2025-01-01,2026-03-31,455,455,1.0
70124703,2025-01-01,2026-03-31,455,455,1.0
70124784,2025-01-01,2026-01-29,394,394,1.0
70124845,2025-01-01,2025-09-12,255,255,1.0
70124034,2025-06-17,2026-03-31,288,288,1.0
70124138,2025-06-17,2025-09-10,86,86,1.0
70124141,2025-01-01,2025-06-17,168,168,1.0
70124142,2025-01-01,2026-03-31,455,455,1.0
70124311,2025-06-13,2025-06-17,5,5,1.0
70124409,2025-10-13,2026-01-12,92,92,1.0
70123874,2025-06-13,2025-06-17,5,5,1.0
70123881,2026-03-26,2026-03-27,2,2,1.0
70124001,2025-01-01,2026-03-31,455,455,1.0
70124025,2025-07-28,2025-08-20,24,24,1.0
70124031,2025-06-17,2025-09-10,86,86,1.0
70123556,2026-01-15,2026-03-31,76,76,1.0
70123589,2025-01-01,2026-03-31,455,455,1.0
70123597,2026-03-26,2026-03-27,2,2,1.0
70123625,2025-09-06,2026-03-31,207,207,1.0
70123646,2025-01-01,2026-03-31,455,455,1.0
70123714,2025-01-01,2026-03-31,455,455,1.0
70142184,2025-01-01,2026-03-31,455,455,1.0
70142330,2025-01-01,2026-03-31,455,455,1.0
70142363,2025-01-01,2026-03-31,455,455,1.0
70142364,2025-01-01,2026-03-31,455,455,1.0
70142522,2025-07-02,2025-07-02,1,1,1.0
70142749,2025-01-01,2026-03-31,455,455,1.0
70141407,2025-01-01,2026-03-31,455,455,1.0
70141537,2025-01-01,2026-03-31,455,455,1.0
70141544,2025-01-01,2026-03-31,455,455,1.0
70141575,2025-01-01,2026-03-31,455,455,1.0
70142010,2025-08-04,2025-08-04,1,1,1.0
70142011,2025-07-07,2025-07-07,1,1,1.0
70141222,2025-01-01,2026-03-31,455,455,1.0
70141224,2025-01-01,2025-06-17,168,168,1.0
70141230,2025-09-10,2025-09-12,3,3,1.0
70141234,2025-06-13,2025-06-15,3,3,1.0
70141252,2025-01-01,2026-03-31,455,455,1.0
70141404,2025-08-06,2026-03-31,238,238,1.0
70124871,2025-01-01,2026-03-31,455,455,1.0
70124901,2025-01-01,2026-03-31,455,455,1.0
70124906,2025-01-01,2026-03-31,455,455,1.0
70124949,2025-01-01,2026-03-31,455,455,1.0
70141092,2025-12-12,2026-03-31,110,110,1.0
70141128,2025-01-01,2026-03-31,455,455,1.0
70220407,2025-03-04,2025-06-27,116,116,1.0
70220435,2025-01-01,2025-06-16,167,167,1.0
70220436,2025-10-30,2026-03-31,153,153,1.0
70220444,2026-01-08,2026-03-31,83,83,1.0
70220460,2025-11-29,2026-03-31,123,123,1.0
70220469,2025-01-01,2026-03-31,455,455,1.0
70220503,2026-02-24,2026-03-31,36,36,1.0
70220128,2025-01-01,2025-06-17,168,168,1.0
70220152,2025-06-17,2026-03-31,288,288,1.0
70220207,2025-06-20,2026-03-31,285,285,1.0
70220208,2026-03-27,2026-03-31,5,5,1.0
70220221,2025-01-01,2026-03-31,455,455,1.0
70220342,2026-03-26,2026-03-27,2,2,1.0
70220388,2026-02-23,2026-03-31,37,37,1.0
70171794,2025-09-10,2025-09-12,3,3,1.0
70174507,2025-01-01,2026-03-31,455,455,1.0
70192379,2025-07-25,2026-01-01,161,161,1.0
70192701,2025-01-01,2026-03-31,455,455,1.0
70220015,2026-01-30,2026-03-31,61,61,1.0
70220095,2025-06-17,2026-03-31,288,288,1.0
70220096,2026-01-07,2026-03-31,84,84,1.0
70142750,2025-01-01,2026-03-31,455,455,1.0
70142779,2025-01-01,2026-03-31,455,455,1.0
70142793,2025-01-01,2026-03-31,455,455,1.0
70142794,2025-01-01,2026-03-31,455,455,1.0
70170002,2025-01-01,2026-03-31,455,455,1.0
70170003,2025-01-01,2026-03-31,455,455,1.0
70170429,2025-01-01,2026-03-31,455,455,1.0
70221577,2025-01-01,2026-03-31,455,455,1.0
70221586,2025-01-01,2026-03-31,455,455,1.0
70221592,2026-02-23,2026-03-31,37,37,1.0
70221655,2026-01-15,2026-03-31,76,76,1.0
70221675,2025-01-01,2026-03-31,455,455,1.0
70221684,2025-01-01,2026-03-31,455,455,1.0
70221700,2025-01-01,2026-03-31,455,455,1.0
70221026,2025-07-28,2025-08-20,24,24,1.0
70221081,2025-01-01,2026-03-31,455,455,1.0
70221286,2026-01-07,2026-03-31,84,84,1.0
70221315,2025-01-01,2026-03-31,455,455,1.0
70221322,2026-01-23,2026-03-31,68,68,1.0
70221339,2025-01-01,2026-03-31,455,455,1.0
70221341,2025-01-01,2026-03-31,455,455,1.0
70221561,2026-03-26,2026-03-27,2,2,1.0
70220771,2025-06-20,2025-09-10,83,83,1.0
70220814,2026-01-14,2026-03-31,77,77,1.0
70220892,2025-05-27,2026-03-31,309,309,1.0
70220904,2025-12-27,2026-03-31,95,95,1.0
70220940,2025-06-20,2025-09-10,83,83,1.0
70220952,2026-01-16,2026-03-31,75,75,1.0
70220526,2026-01-14,2026-03-31,77,77,1.0
70220538,2025-10-22,2026-03-31,161,161,1.0
70220567,2025-01-01,2026-03-31,455,455,1.0
70220569,2025-01-01,2026-03-31,455,455,1.0
70220612,2025-11-26,2026-03-31,126,126,1.0
70220633,2026-01-23,2026-03-31,68,68,1.0
70220673,2025-07-10,2026-03-31,265,265,1.0
70220705,2025-01-01,2025-06-17,168,168,1.0
70222779,2026-01-23,2026-03-31,68,68,1.0
70222833,2025-01-01,2026-03-31,455,455,1.0
70222870,2025-11-29,2026-03-31,123,123,1.0
70222929,2026-03-26,2026-03-27,2,2,1.0
70222953,2026-03-26,2026-03-27,2,2,1.0
70222974,2025-12-30,2026-03-31,92,92,1.0
70223031,2025-05-27,2026-03-31,309,309,1.0
70223040,2025-01-01,2026-03-31,455,455,1.0
70222520,2026-03-26,2026-03-27,2,2,1.0
70222534,2025-10-27,2026-03-31,156,156,1.0
70222552,2025-03-04,2026-03-31,393,393,1.0
70222628,2025-11-19,2026-03-31,133,133,1.0
70222629,2025-01-01,2026-03-31,455,455,1.0
70222641,2026-01-16,2026-03-31,75,75,1.0
70222645,2025-12-04,2026-03-31,118,118,1.0
70222725,2025-09-10,2025-09-12,3,3,1.0
70221992,2025-01-01,2026-03-31,455,455,1.0
70221995,2025-11-29,2026-03-31,123,123,1.0
70222353,2026-03-26,2026-03-27,2,2,1.0
70222398,2026-03-26,2026-03-27,2,2,1.0
70222407,2025-07-28,2025-08-20,24,24,1.0
70222488,2025-12-18,2026-03-31,104,104,1.0
70222502,2026-01-15,2026-03-31,76,76,1.0
70222519,2026-03-26,2026-03-27,2,2,1.0
70221728,2025-01-01,2026-03-31,455,455,1.0
70221757,2025-11-27,2026-03-31,125,125,1.0
70221969,2025-01-01,2026-03-31,455,455,1.0
70221982,2025-12-04,2026-03-31,118,118,1.0
70221984,2025-12-04,2026-03-31,118,118,1.0
70223768,2026-01-27,2026-03-31,64,64,1.0
70223869,2025-12-18,2026-03-31,104,104,1.0
70223887,2025-12-18,2026-03-31,104,104,1.0
70223891,2025-01-01,2026-03-31,455,455,1.0
70223947,2025-01-01,2025-06-17,168,168,1.0
70223949,2026-01-04,2026-03-31,87,87,1.0
70223979,2025-06-20,2025-09-10,83,83,1.0
70224014,2025-01-01,2026-03-31,455,455,1.0
70223563,2025-07-09,2026-03-31,266,266,1.0
70223569,2025-01-01,2026-03-31,455,455,1.0
70223707,2025-09-10,2025-09-12,3,3,1.0
70223720,2026-01-15,2026-03-31,76,76,1.0
70223757,2025-12-27,2026-03-31,95,95,1.0
70223761,2025-12-04,2026-03-31,118,118,1.0
70223183,2026-01-23,2026-03-30,67,67,1.0
70223332,2026-03-26,2026-03-27,2,2,1.0
70223338,2026-03-26,2026-03-27,2,2,1.0
70223339,2025-01-01,2026-03-31,455,455,1.0
70223341,2026-01-15,2026-03-31,76,76,1.0
70223515,2026-01-29,2026-03-31,62,62,1.0
70223559,2026-03-17,2026-03-17,1,1,1.0
70223562,2025-11-20,2026-03-31,132,132,1.0
70223042,2025-11-28,2026-03-31,124,124,1.0
70223045,2025-11-28,2026-03-31,124,124,1.0
70223048,2025-01-01,2026-03-31,455,455,1.0
70223092,2025-12-11,2025-12-26,16,16,1.0
70223093,2025-11-28,2026-03-31,124,124,1.0
70223094,2025-01-01,2026-03-31,455,455,1.0
70223124,2025-01-01,2026-03-31,455,455,1.0
70223173,2025-12-10,2026-03-31,112,112,1.0
700591535,2025-01-01,2026-03-31,455,455,1.0
700592756,2025-01-01,2026-03-31,455,455,1.0
700592759,2025-01-01,2026-03-31,455,455,1.0
700592765,2025-01-01,2026-03-31,455,455,1.0
700592769,2025-01-01,2026-03-31,455,455,1.0
700592809,2025-07-28,2025-08-20,24,24,1.0
700594714,2025-01-01,2026-03-31,455,455,1.0
700590568,2025-07-28,2025-08-20,24,24,1.0
700590569,2025-12-18,2026-03-31,104,104,1.0
700590572,2025-07-28,2025-08-20,24,24,1.0
700590575,2025-07-28,2025-08-20,24,24,1.0
700590580,2025-01-01,2026-03-31,455,455,1.0
700590582,2025-01-01,2026-03-31,455,455,1.0
700591383,2026-03-26,2026-03-27,2,2,1.0
700588835,2026-03-26,2026-03-27,2,2,1.0
700588944,2025-01-01,2026-03-31,455,455,1.0
700589494,2025-01-01,2026-03-31,455,455,1.0
700589787,2026-03-26,2026-03-27,2,2,1.0
700589828,2025-01-01,2026-03-31,455,455,1.0
700589830,2025-01-01,2025-06-17,168,168,1.0
700590025,2025-01-01,2025-06-17,168,168,1.0
700590147,2025-09-01,2026-03-31,212,212,1.0
700587627,2025-01-01,2026-03-31,455,455,1.0
700587633,2025-01-01,2026-03-31,455,455,1.0
700587640,2025-01-01,2026-03-31,455,455,1.0
700588746,2025-01-01,2025-06-17,168,168,1.0
700588790,2026-03-26,2026-03-27,2,2,1.0
700588795,2026-03-26,2026-03-27,2,2,1.0
700588827,2026-01-22,2026-03-31,69,69,1.0
70240030,2025-01-01,2025-06-17,168,168,1.0
70240032,2025-12-15,2026-03-31,107,107,1.0
70240133,2025-11-29,2026-03-31,123,123,1.0
70240249,2026-03-26,2026-03-27,2,2,1.0
70240287,2026-03-26,2026-03-27,2,2,1.0
70224546,2025-11-27,2026-03-31,125,125,1.0
70224566,2025-11-29,2026-03-31,123,123,1.0
70224792,2025-01-01,2026-03-31,455,455,1.0
70224795,2025-01-01,2026-03-31,455,455,1.0
70224917,2025-01-01,2026-03-31,455,455,1.0
70240010,2026-02-23,2026-03-31,37,37,1.0
70224319,2025-01-01,2025-06-17,168,168,1.0
70224335,2025-06-20,2025-09-05,78,78,1.0
70224356,2026-03-26,2026-03-27,2,2,1.0
70224360,2025-11-27,2026-03-31,125,125,1.0
70224365,2026-02-24,2026-03-31,36,36,1.0
70224401,2025-11-25,2026-03-31,127,127,1.0
70224428,2025-01-01,2026-03-31,455,455,1.0
70224440,2025-11-25,2026-03-31,127,127,1.0
70224015,2025-01-01,2025-09-12,255,255,1.0
70224037,2026-01-15,2026-03-31,76,76,1.0
70224098,2025-09-10,2025-09-12,3,3,1.0
70224180,2026-02-07,2026-02-07,1,1,1.0
70224240,2025-01-01,2026-03-31,455,455,1.0
70224266,2025-01-01,2025-06-17,168,168,1.0
70224279,2025-10-28,2026-03-31,155,155,1.0
70241193,2026-01-15,2026-03-31,76,76,1.0
70241211,2025-10-22,2026-03-31,161,161,1.0
70241212,2025-01-01,2026-03-31,455,455,1.0
70241270,2025-12-09,2026-03-31,113,113,1.0
70241271,2025-11-28,2026-03-31,124,124,1.0
70241282,2025-01-01,2025-06-17,168,168,1.0
70241045,2026-03-26,2026-03-27,2,2,1.0
70241057,2026-01-15,2026-03-31,76,76,1.0
70241060,2026-03-26,2026-03-31,6,6,1.0
70241068,2025-01-01,2026-03-31,455,455,1.0
70241076,2025-06-30,2025-09-10,73,73,1.0
70241094,2026-01-23,2026-03-31,68,68,1.0
70241122,2025-01-01,2026-03-31,455,455,1.0
70241123,2026-01-23,2026-03-31,68,68,1.0
70240837,2025-11-28,2026-03-31,124,124,1.0
70240865,2025-12-06,2026-03-31,116,116,1.0
70240871,2025-12-29,2026-03-31,93,93,1.0
70240941,2025-12-10,2026-03-31,112,112,1.0
70241044,2025-01-01,2025-06-17,168,168,1.0
70240320,2026-03-26,2026-03-27,2,2,1.0
70240332,2025-01-01,2026-03-31,455,455,1.0
70240337,2025-12-10,2026-03-31,112,112,1.0
70240382,2026-01-07,2026-03-31,84,84,1.0
70240465,2025-11-25,2026-03-31,127,127,1.0
70240488,2025-11-29,2026-03-31,123,123,1.0
70242388,2025-01-01,2026-03-31,455,455,1.0
70242396,2025-01-01,2026-03-31,455,455,1.0
70242511,2025-01-01,2026-03-31,455,455,1.0
70242546,2025-01-01,2026-03-31,455,455,1.0
70242595,2025-01-01,2026-03-31,455,455,1.0
70242735,2025-01-01,2026-03-31,455,455,1.0
70242737,2025-01-01,2026-03-31,455,455,1.0
70242739,2025-01-01,2026-03-31,455,455,1.0
70241850,2025-11-29,2026-03-31,123,123,1.0
70241852,2025-11-26,2026-03-31,126,126,1.0
70241854,2025-11-02,2026-03-31,150,150,1.0
70241867,2026-01-28,2026-03-31,63,63,1.0
70242314,2025-05-22,2026-03-31,314,314,1.0
70242358,2025-01-01,2025-09-12,255,255,1.0
70242373,2025-01-01,2026-03-31,455,455,1.0
70241384,2025-12-04,2026-03-31,118,118,1.0
70241390,2025-11-25,2026-03-31,127,127,1.0
70241431,2025-06-20,2025-09-10,83,83,1.0
70241437,2025-01-01,2025-06-17,168,168,1.0
70241454,2025-10-24,2026-03-31,159,159,1.0
70241630,2025-11-28,2026-03-31,124,124,1.0
70241646,2025-11-25,2026-03-31,127,127,1.0
70241767,2025-01-01,2026-03-31,455,455,1.0
70241283,2025-11-02,2026-03-31,150,150,1.0
70241284,2026-02-02,2026-03-31,58,58,1.0
70241289,2025-06-25,2025-09-05,73,73,1.0
70241297,2025-05-29,2025-09-12,107,107,1.0
70241299,2025-11-25,2026-03-31,127,127,1.0
70241322,2026-03-26,2026-03-27,2,2,1.0
70241350,2025-01-01,2026-03-31,455,455,1.0
70321394,2025-01-01,2026-03-31,455,455,1.0
70321466,2025-01-01,2025-06-17,168,168,1.0
70321478,2025-12-08,2026-03-31,114,114,1.0
70321487,2025-01-01,2026-03-31,455,455,1.0
70321501,2025-01-01,2026-03-31,455,455,1.0
70321503,2025-01-01,2026-03-31,455,455,1.0
70320843,2026-03-26,2026-03-27,2,2,1.0
70321001,2025-11-12,2026-03-31,140,140,1.0
70321004,2025-01-01,2026-03-31,455,455,1.0
70321104,2025-01-01,2026-03-31,455,455,1.0
70321128,2026-03-09,2026-03-31,23,23,1.0
70321152,2025-01-01,2026-03-31,455,455,1.0
70292373,2025-01-01,2026-03-31,455,455,1.0
70292518,2025-07-28,2025-08-20,24,24,1.0
70320025,2025-12-16,2026-03-31,106,106,1.0
70320195,2025-10-09,2026-03-31,174,174,1.0
70320451,2025-01-01,2026-03-31,455,455,1.0
70320480,2025-01-01,2026-03-31,455,455,1.0
70320684,2026-03-26,2026-03-27,2,2,1.0
70242770,2025-01-01,2026-03-31,455,455,1.0
70242772,2025-01-01,2026-03-31,455,455,1.0
70270015,2025-09-07,2026-03-31,206,206,1.0
70270940,2026-03-26,2026-03-27,2,2,1.0
70273569,2025-01-01,2026-03-31,455,455,1.0
70291632,2025-11-28,2026-03-31,124,124,1.0
70322950,2025-01-01,2026-03-31,455,455,1.0
70322998,2026-03-26,2026-03-27,2,2,1.0
70323050,2026-03-26,2026-03-27,2,2,1.0
70323053,2025-11-11,2026-03-31,141,141,1.0
70323076,2026-03-26,2026-03-27,2,2,1.0
70323164,2025-01-01,2025-06-17,168,168,1.0
70323193,2026-03-26,2026-03-27,2,2,1.0
70322701,2025-11-20,2026-03-31,132,132,1.0
70322709,2025-06-23,2025-09-10,80,80,1.0
70322710,2026-03-26,2026-03-27,2,2,1.0
70322745,2026-03-26,2026-03-27,2,2,1.0
70322861,2025-06-23,2025-09-10,80,80,1.0
70322865,2025-06-23,2025-09-10,80,80,1.0
70322880,2026-03-26,2026-03-27,2,2,1.0
70322312,2025-09-06,2026-03-31,207,207,1.0
70322314,2026-03-26,2026-03-27,2,2,1.0
70322337,2026-03-26,2026-03-27,2,2,1.0
70322523,2026-03-26,2026-03-27,2,2,1.0
70322545,2026-03-26,2026-03-27,2,2,1.0
70322546,2025-11-18,2026-03-31,134,134,1.0
70322670,2026-03-26,2026-03-27,2,2,1.0
70321508,2025-01-01,2026-03-31,455,455,1.0
70321717,2025-11-12,2026-03-31,140,140,1.0
70321844,2025-11-17,2026-03-31,135,135,1.0
70321845,2025-11-17,2026-03-31,135,135,1.0
70321846,2025-11-18,2026-03-31,134,134,1.0
70321847,2025-01-01,2026-03-31,455,455,1.0
700587567,2025-03-10,2026-03-31,387,387,1.0
700587573,2025-01-01,2026-03-31,455,455,1.0
700587583,2025-01-01,2026-03-31,455,455,1.0
700587589,2025-01-01,2026-03-31,455,455,1.0
700587591,2025-07-28,2025-08-20,24,24,1.0
700587604,2025-07-28,2025-08-20,24,24,1.0
700587489,2025-01-01,2026-03-31,455,455,1.0
700587490,2025-01-01,2026-03-31,455,455,1.0
700587491,2025-01-01,2026-03-31,455,455,1.0
700587496,2025-07-28,2025-08-20,24,24,1.0
700587499,2025-01-01,2026-03-31,455,455,1.0
700587500,2025-07-28,2025-08-20,24,24,1.0
700587562,2025-01-01,2026-03-31,455,455,1.0
700587292,2025-07-28,2025-08-20,24,24,1.0
700587294,2025-07-28,2025-08-20,24,24,1.0
700587295,2025-01-01,2026-03-31,455,455,1.0
700587298,2025-01-01,2026-03-31,455,455,1.0
700587300,2025-07-28,2025-08-20,24,24,1.0
700587488,2025-07-28,2025-08-20,24,24,1.0
700587279,2025-07-28,2025-08-20,24,24,1.0
700587283,2025-07-28,2025-08-20,24,24,1.0
700587285,2025-07-28,2025-08-20,24,24,1.0
700587286,2025-07-28,2025-08-20,24,24,1.0
700587287,2025-01-01,2026-03-31,455,455,1.0
700587288,2025-07-28,2025-08-20,24,24,1.0
70324625,2026-01-12,2026-03-31,79,79,1.0
70324735,2025-01-01,2026-03-31,455,455,1.0
70324740,2025-11-19,2026-03-31,133,133,1.0
70324771,2025-01-01,2026-03-31,455,455,1.0
70340325,2025-01-01,2026-03-31,455,455,1.0
70324305,2025-01-01,2025-09-12,255,255,1.0
70324378,2025-01-01,2026-03-31,455,455,1.0
70324404,2025-10-09,2026-03-31,174,174,1.0
70324427,2026-03-26,2026-03-27,2,2,1.0
70324443,2026-01-13,2026-03-31,78,78,1.0
70324461,2025-11-25,2026-03-31,127,127,1.0
70324494,2026-01-13,2026-03-31,78,78,1.0
70323813,2025-11-25,2026-03-31,127,127,1.0
70323830,2025-11-25,2026-03-31,127,127,1.0
70323846,2025-01-01,2026-03-31,455,455,1.0
70324002,2026-03-26,2026-03-27,2,2,1.0
70324203,2025-06-23,2025-09-10,80,80,1.0
70324234,2025-11-14,2026-03-31,138,138,1.0
70324236,2026-01-13,2026-03-31,78,78,1.0
70323196,2025-06-23,2026-03-31,282,282,1.0
70323209,2025-01-01,2025-09-12,255,255,1.0
70323351,2026-03-26,2026-03-27,2,2,1.0
70323550,2026-03-26,2026-03-27,2,2,1.0
70323673,2025-01-01,2026-03-31,455,455,1.0
70323702,2026-03-26,2026-03-27,2,2,1.0
70323735,2025-01-01,2026-03-31,455,455,1.0
70341023,2025-06-23,2026-03-31,282,282,1.0
70341100,2025-12-10,2026-03-31,112,112,1.0
70341101,2025-06-23,2025-09-10,80,80,1.0
70341154,2025-06-23,2026-03-31,282,282,1.0
70341156,2025-11-19,2026-03-31,133,133,1.0
70341189,2025-06-23,2025-09-10,80,80,1.0
70341214,2025-06-23,2025-09-10,80,80,1.0
70341215,2025-11-18,2026-03-31,134,134,1.0
70340993,2025-06-23,2026-03-31,282,282,1.0
70340995,2025-11-18,2026-03-31,134,134,1.0
70340997,2025-11-17,2026-03-31,135,135,1.0
70340998,2025-11-17,2026-03-31,135,135,1.0
70341003,2025-11-18,2026-03-31,134,134,1.0
70341011,2025-01-01,2025-09-12,255,255,1.0
70341017,2025-11-04,2026-03-31,148,148,1.0
70341022,2025-11-10,2026-03-31,142,142,1.0
70340977,2025-11-28,2026-03-31,124,124,1.0
70340979,2025-01-01,2026-03-31,455,455,1.0
70340980,2025-01-01,2025-09-12,255,255,1.0
70340989,2026-01-13,2026-03-31,78,78,1.0
70340991,2025-01-01,2025-06-17,168,168,1.0
70340462,2025-01-01,2026-03-31,455,455,1.0
70340741,2025-01-01,2025-09-12,255,255,1.0
70340758,2025-11-19,2026-03-31,133,133,1.0
70340834,2025-11-19,2026-03-31,133,133,1.0
70340906,2025-01-01,2026-03-31,455,455,1.0
70340971,2025-01-01,2025-06-17,168,168,1.0
70342346,2025-01-01,2026-03-31,455,455,1.0
70342347,2025-01-01,2026-03-31,455,455,1.0
70342359,2025-01-01,2026-03-31,455,455,1.0
70342377,2025-01-01,2026-03-31,455,455,1.0
70342380,2025-01-01,2025-09-12,255,255,1.0
70342447,2025-07-31,2025-09-10,42,42,1.0
70342607,2025-01-01,2025-09-12,255,255,1.0
70342196,2025-05-14,2026-03-31,322,322,1.0
70342204,2025-11-18,2026-03-31,134,134,1.0
70342205,2025-11-18,2026-03-31,134,134,1.0
70342224,2025-01-01,2026-03-31,455,455,1.0
70342316,2025-06-23,2026-03-31,282,282,1.0
70342318,2025-01-01,2026-03-31,455,455,1.0
70341501,2025-11-14,2025-11-14,1,1,1.0
70341520,2026-01-28,2026-03-31,63,63,1.0
70341524,2025-11-19,2026-03-31,133,133,1.0
70341549,2025-07-31,2025-09-10,42,42,1.0
70341730,2025-11-19,2026-03-31,133,133,1.0
70341822,2025-01-01,2026-03-31,455,455,1.0
70342072,2025-01-01,2026-03-31,455,455,1.0
70342115,2025-12-16,2026-03-31,106,106,1.0
70341216,2025-01-01,2025-09-12,255,255,1.0
70341258,2026-01-12,2026-03-31,79,79,1.0
70341261,2025-11-11,2026-03-31,141,141,1.0
70341264,2026-01-13,2026-03-31,78,78,1.0
70341298,2025-01-01,2026-03-31,455,455,1.0
70341319,2025-11-18,2026-03-31,134,134,1.0
70341455,2026-01-13,2026-03-31,78,78,1.0
70341463,2026-03-09,2026-03-31,23,23,1.0
70420594,2026-03-26,2026-03-27,2,2,1.0
70420700,2025-01-01,2025-09-12,255,255,1.0
70420707,2025-01-01,2026-03-31,455,455,1.0
70420714,2025-01-01,2026-03-31,455,455,1.0
70420817,2025-01-01,2026-03-31,455,455,1.0
70420885,2025-01-01,2026-03-31,455,455,1.0
70420018,2025-01-01,2025-06-17,168,168,1.0
70420115,2025-01-01,2025-06-17,168,168,1.0
70420288,2025-01-01,2025-04-15,105,105,1.0
70420364,2025-06-17,2025-09-10,86,86,1.0
70420390,2025-01-01,2026-03-31,455,455,1.0
70420489,2025-01-01,2026-03-31,455,455,1.0
70420587,2025-01-01,2025-06-17,168,168,1.0
70370195,2025-06-23,2026-03-31,282,282,1.0
70372312,2026-02-24,2026-03-31,36,36,1.0
70372701,2025-11-20,2026-03-31,132,132,1.0
70372714,2026-03-26,2026-03-27,2,2,1.0
70374234,2025-09-17,2026-03-31,196,196,1.0
70391023,2025-06-23,2026-03-31,282,282,1.0
70391215,2025-11-18,2026-03-31,134,134,1.0
70420017,2025-07-08,2025-09-10,65,65,1.0
70342608,2025-01-01,2026-03-31,455,455,1.0
70342614,2025-01-01,2026-01-25,390,390,1.0
70342632,2025-01-01,2026-03-31,455,455,1.0
70342758,2025-01-01,2026-03-31,455,455,1.0
70342812,2025-01-01,2026-03-31,455,455,1.0
70342824,2025-01-01,2026-03-31,455,455,1.0
70423465,2025-01-02,2025-06-17,167,167,1.0
70423685,2025-05-27,2026-03-31,309,309,1.0
70423687,2025-05-27,2026-03-31,309,309,1.0
70423851,2025-01-01,2026-03-31,455,455,1.0
70423975,2025-01-01,2026-03-31,455,455,1.0
70423976,2025-09-10,2025-11-03,55,55,1.0
70424000,2025-01-01,2026-03-31,455,455,1.0
70424121,2025-09-07,2026-03-31,206,206,1.0
70422596,2025-01-01,2026-01-09,374,374,1.0
70422597,2025-01-01,2026-03-31,455,455,1.0
70422755,2025-01-01,2026-03-31,455,455,1.0
70423058,2025-01-01,2025-06-17,168,168,1.0
70423082,2025-01-01,2025-02-13,44,44,1.0
70423388,2025-02-17,2025-02-17,1,1,1.0
70423439,2025-01-01,2026-03-31,455,455,1.0
70421670,2026-03-26,2026-03-27,2,2,1.0
70421692,2025-01-01,2025-06-17,168,168,1.0
70421773,2025-01-01,2026-03-31,455,455,1.0
70421989,2025-01-01,2026-03-31,455,455,1.0
70422302,2025-06-19,2026-03-31,286,286,1.0
70422511,2025-05-22,2026-03-31,314,314,1.0
70422539,2025-01-01,2026-03-31,455,455,1.0
70422587,2025-01-25,2026-03-31,431,431,1.0
70421293,2025-09-10,2026-03-31,203,203,1.0
70421294,2025-01-01,2026-03-31,455,455,1.0
70421372,2025-06-19,2026-03-31,286,286,1.0
70421444,2025-05-23,2026-03-31,313,313,1.0
70421449,2025-09-10,2025-09-12,3,3,1.0
70421541,2025-07-07,2025-09-12,68,68,1.0
70421608,2025-01-09,2025-06-12,155,155,1.0
70442394,2025-01-01,2025-09-12,255,255,1.0
70442404,2025-01-01,2026-03-31,455,455,1.0
70442417,2025-01-01,2026-03-31,455,455,1.0
70442428,2025-01-01,2026-03-31,455,455,1.0
70442555,2025-01-01,2026-03-31,455,455,1.0
70442560,2025-01-01,2025-09-12,255,255,1.0
70442647,2025-01-01,2026-03-31,455,455,1.0
70442728,2025-01-01,2026-03-31,455,455,1.0
70441027,2025-09-10,2025-10-17,38,38,1.0
70441033,2025-01-01,2026-01-12,377,377,1.0
70441037,2026-02-23,2026-03-31,37,37,1.0
70441038,2025-01-01,2026-03-31,455,455,1.0
70441265,2025-01-01,2025-06-17,168,168,1.0
70441343,2025-09-10,2025-10-17,38,38,1.0
70441643,2025-01-01,2026-03-31,455,455,1.0
70424780,2025-01-01,2026-03-31,455,455,1.0
70424781,2025-01-01,2026-03-31,455,455,1.0
70424782,2025-01-01,2026-03-31,455,455,1.0
70424786,2025-01-01,2025-07-26,207,207,1.0
70424826,2025-01-01,2025-09-12,255,255,1.0
70440934,2025-09-10,2026-03-31,203,203,1.0
70440950,2025-06-13,2025-06-17,5,5,1.0
70424166,2025-06-19,2025-09-10,84,84,1.0
70424326,2025-05-23,2026-03-31,313,313,1.0
70424622,2025-01-01,2025-06-17,168,168,1.0
70424711,2026-01-11,2026-03-31,80,80,1.0
70424772,2025-01-01,2026-03-31,455,455,1.0
70424773,2025-01-01,2026-03-31,455,455,1.0
70424778,2025-01-01,2025-09-16,259,259,1.0
700587055,2025-05-25,2026-03-31,311,311,1.0
700587056,2025-07-28,2025-08-20,24,24,1.0
700587057,2025-05-25,2026-03-31,311,311,1.0
700587274,2025-07-28,2025-08-20,24,24,1.0
700587276,2025-07-28,2025-08-20,24,24,1.0
700587278,2025-07-28,2025-08-20,24,24,1.0
700586728,2025-01-01,2025-01-10,10,10,1.0
700586873,2025-07-28,2025-08-20,24,24,1.0
700586898,2025-07-28,2025-08-20,24,24,1.0
700586899,2025-07-28,2025-08-20,24,24,1.0
700586918,2025-01-01,2026-03-31,455,455,1.0
700587054,2025-07-28,2025-08-20,24,24,1.0
700585907,2025-01-01,2026-03-31,455,455,1.0
700585916,2025-07-28,2025-08-20,24,24,1.0
700585983,2026-03-26,2026-03-27,2,2,1.0
700586645,2025-01-01,2026-03-31,455,455,1.0
700586662,2026-03-26,2026-03-27,2,2,1.0
700586708,2025-02-27,2025-06-14,108,108,1.0
700583876,2026-02-19,2026-03-31,41,41,1.0
700584068,2025-07-28,2025-08-20,24,24,1.0
700585737,2025-01-01,2026-03-31,455,455,1.0
700585743,2026-03-26,2026-03-27,2,2,1.0
700585765,2025-01-01,2026-03-31,455,455,1.0
700585776,2025-01-01,2026-03-31,455,455,1.0
700585777,2026-03-26,2026-03-27,2,2,1.0
700585889,2025-01-01,2026-03-31,455,455,1.0
70722475,2025-10-23,2026-03-31,160,160,1.0
70722640,2025-09-10,2025-09-12,3,3,1.0
70722740,2025-01-01,2026-03-31,455,455,1.0
70723085,2025-06-13,2026-03-31,292,292,1.0
70723477,2025-10-22,2026-03-31,161,161,1.0
70723791,2026-03-26,2026-03-27,2,2,1.0
70721611,2026-03-26,2026-03-27,2,2,1.0
70721612,2026-03-26,2026-03-27,2,2,1.0
70721725,2025-06-19,2025-09-10,84,84,1.0
70721789,2025-01-01,2026-03-31,455,455,1.0
70721854,2026-03-26,2026-03-27,2,2,1.0
70722394,2026-03-26,2026-03-27,2,2,1.0
70720613,2025-01-01,2026-03-31,455,455,1.0
70720979,2025-11-10,2026-03-31,142,142,1.0
70720985,2025-10-23,2026-03-31,160,160,1.0
70720997,2025-11-06,2026-03-31,146,146,1.0
70721266,2025-12-01,2026-03-31,121,121,1.0
70721317,2025-10-20,2026-03-31,163,163,1.0
70492777,2025-03-06,2025-06-30,117,117,1.0
70720045,2025-10-21,2026-03-31,162,162,1.0
70720157,2025-11-24,2026-03-31,128,128,1.0
70720185,2026-03-26,2026-03-27,2,2,1.0
70720228,2025-10-22,2026-03-31,161,161,1.0
70823413,2025-06-13,2025-09-05,85,85,1.0
70823414,2025-12-30,2026-03-31,92,92,1.0
70823638,2025-01-31,2026-03-31,425,425,1.0
70823643,2025-01-01,2026-03-31,455,455,1.0
70823681,2025-06-19,2025-09-10,84,84,1.0
70823741,2025-01-01,2025-09-12,255,255,1.0
70823771,2026-03-26,2026-03-27,2,2,1.0
70822432,2025-09-10,2025-09-12,3,3,1.0
70822679,2025-09-10,2025-09-12,3,3,1.0
70822796,2025-09-10,2025-09-24,15,15,1.0
70823286,2025-05-06,2026-03-31,330,330,1.0
70823403,2026-03-26,2026-03-27,2,2,1.0
70823407,2025-10-24,2026-03-31,159,159,1.0
70823409,2025-01-01,2025-10-05,278,278,1.0
70820810,2025-06-19,2025-09-10,84,84,1.0
70821300,2025-01-01,2026-03-31,455,455,1.0
70821368,2026-03-26,2026-03-27,2,2,1.0
70821800,2026-03-26,2026-03-27,2,2,1.0
70821948,2026-03-26,2026-03-27,2,2,1.0
70821949,2026-03-26,2026-03-27,2,2,1.0
70822377,2025-05-06,2026-03-31,330,330,1.0
70724384,2025-09-07,2026-03-31,206,206,1.0
70724876,2025-01-01,2026-03-31,455,455,1.0
70742141,2025-01-01,2026-03-31,455,455,1.0
70742146,2025-10-21,2026-03-31,162,162,1.0
70742147,2025-11-24,2026-03-31,128,128,1.0
70820383,2025-09-10,2026-03-31,203,203,1.0
70940347,2025-01-01,2026-03-31,455,455,1.0
70940447,2025-06-19,2026-03-31,286,286,1.0
70941945,2025-01-01,2026-03-31,455,455,1.0
70941984,2025-06-19,2026-03-31,286,286,1.0
70941990,2025-01-01,2025-05-07,127,127,1.0
70922761,2025-07-28,2025-08-20,24,24,1.0
70922764,2025-01-01,2026-03-31,455,455,1.0
70923319,2025-06-20,2026-03-31,285,285,1.0
70923705,2025-01-01,2026-03-31,455,455,1.0
70924046,2025-12-04,2026-03-31,118,118,1.0
70924438,2025-01-22,2025-09-12,234,234,1.0
70924497,2025-06-20,2026-03-31,285,285,1.0
70921855,2025-01-01,2026-03-31,455,455,1.0
70921856,2025-01-01,2026-03-31,455,455,1.0
70921859,2025-07-28,2025-08-20,24,24,1.0
70921866,2026-03-26,2026-03-27,2,2,1.0
70921875,2025-06-20,2026-03-31,285,285,1.0
70921884,2026-03-26,2026-03-27,2,2,1.0
70921932,2026-03-26,2026-03-27,2,2,1.0
70921936,2026-03-26,2026-03-27,2,2,1.0
70823914,2026-03-09,2026-03-31,23,23,1.0
70823920,2026-03-26,2026-03-27,2,2,1.0
70841751,2025-11-07,2026-03-31,145,145,1.0
70842392,2025-01-01,2026-03-31,455,455,1.0
70873403,2025-01-01,2026-03-31,455,455,1.0
70873574,2025-01-01,2026-03-31,455,455,1.0
70921320,2025-01-01,2025-06-17,168,168,1.0
71042760,2025-01-01,2026-03-31,455,455,1.0
71330010,2025-01-01,2026-03-31,455,455,1.0
71330011,2025-01-01,2025-09-12,255,255,1.0
71330017,2025-01-01,2026-03-31,455,455,1.0
71330020,2026-03-17,2026-03-31,15,15,1.0
71330041,2025-01-01,2026-03-31,455,455,1.0
71330060,2025-01-01,2026-03-31,455,455,1.0
71024441,2025-11-26,2026-03-31,126,126,1.0
71024817,2025-01-01,2026-03-31,455,455,1.0
71030016,2025-06-17,2025-09-10,86,86,1.0
71030018,2025-01-01,2026-03-31,455,455,1.0
71030056,2025-01-01,2026-03-31,455,455,1.0
71041199,2025-09-06,2026-03-31,207,207,1.0
71042340,2025-09-10,2026-03-31,203,203,1.0
71021903,2025-12-24,2026-03-31,98,98,1.0
71021924,2026-03-26,2026-03-27,2,2,1.0
71021927,2026-03-26,2026-03-27,2,2,1.0
71022356,2025-01-01,2026-03-31,455,455,1.0
71022689,2025-01-01,2026-03-31,455,455,1.0
71023294,2025-01-01,2026-03-31,455,455,1.0
71023397,2026-03-26,2026-03-27,2,2,1.0
70942023,2025-01-01,2025-06-17,168,168,1.0
70942098,2025-01-01,2026-03-31,455,455,1.0
70942104,2025-01-01,2026-03-31,455,455,1.0
70942163,2025-01-01,2026-03-31,455,455,1.0
70942164,2025-01-01,2026-03-31,455,455,1.0
70942348,2025-01-01,2026-03-31,455,455,1.0
70942465,2025-01-16,2026-03-31,440,440,1.0
70942549,2025-01-01,2026-03-31,455,455,1.0
71430022,2025-09-10,2026-03-31,203,203,1.0
71430025,2025-11-18,2026-03-31,134,134,1.0
71430026,2025-10-14,2026-03-31,169,169,1.0
71430027,2025-11-18,2026-03-31,134,134,1.0
71430029,2025-11-18,2026-03-31,134,134,1.0
71430030,2025-10-09,2026-03-31,174,174,1.0
71430010,2025-10-20,2026-03-31,163,163,1.0
71430011,2025-11-18,2026-03-31,134,134,1.0
71430012,2025-09-22,2026-03-31,191,191,1.0
71430013,2025-09-22,2026-03-31,191,191,1.0
71430015,2026-03-27,2026-03-27,1,1,1.0
71430016,2025-11-19,2026-03-31,133,133,1.0
71430017,2025-01-01,2026-03-31,455,455,1.0
71430021,2025-09-22,2026-03-31,191,191,1.0
71330399,2025-01-01,2026-03-31,455,455,1.0
71330462,2025-01-01,2025-09-12,255,255,1.0
71330490,2025-11-12,2025-11-12,1,1,1.0
71330494,2025-01-01,2026-03-31,455,455,1.0
71330512,2025-01-01,2026-03-31,455,455,1.0
71410002,2025-01-01,2026-03-31,455,455,1.0
71430006,2025-11-18,2026-03-31,134,134,1.0
71330061,2025-01-01,2026-03-31,455,455,1.0
71330062,2025-01-01,2026-03-31,455,455,1.0
71330069,2026-02-24,2026-03-31,36,36,1.0
71330070,2025-01-01,2026-03-31,455,455,1.0
71330107,2025-01-01,2026-03-31,455,455,1.0
700579329,2025-01-01,2026-03-31,455,455,1.0
700580308,2025-07-28,2025-08-20,24,24,1.0
700583417,2025-01-01,2026-03-31,455,455,1.0
700583454,2026-03-26,2026-03-27,2,2,1.0
700583488,2025-07-23,2026-03-31,252,252,1.0
700583513,2025-07-28,2025-08-20,24,24,1.0
700583797,2026-03-26,2026-03-27,2,2,1.0
700583833,2025-01-01,2026-03-31,455,455,1.0
700573903,2025-09-12,2026-03-31,201,201,1.0
700574082,2025-01-01,2026-03-31,455,455,1.0
700574203,2025-01-01,2026-03-31,455,455,1.0
700574463,2025-01-01,2026-03-31,455,455,1.0
700574657,2025-01-01,2026-03-31,455,455,1.0
700574813,2026-03-26,2026-03-27,2,2,1.0
700579248,2025-01-01,2026-03-31,455,455,1.0
700567261,2025-01-01,2026-03-31,455,455,1.0
700570917,2025-01-01,2026-03-31,455,455,1.0
700571233,2025-07-28,2025-08-20,24,24,1.0
700573488,2025-01-01,2026-03-31,455,455,1.0
700566960,2025-01-01,2026-03-31,455,455,1.0
700566986,2025-01-01,2026-03-31,455,455,1.0
700567046,2025-01-01,2026-03-31,455,455,1.0
700567050,2025-01-01,2026-03-31,455,455,1.0
700567139,2025-01-01,2026-03-31,455,455,1.0
700567147,2025-06-24,2026-03-31,281,281,1.0
700567204,2025-01-01,2026-03-31,455,455,1.0
71430060,2025-11-18,2026-03-31,134,134,1.0
71430061,2025-11-18,2026-03-31,134,134,1.0
71430062,2025-11-18,2026-03-31,134,134,1.0
71430065,2025-11-18,2026-03-31,134,134,1.0
71430068,2025-11-18,2026-03-31,134,134,1.0
71430069,2025-11-18,2026-03-31,134,134,1.0
71430049,2025-10-03,2026-03-31,180,180,1.0
71430054,2025-11-19,2026-03-31,133,133,1.0
71430056,2025-11-18,2026-03-31,134,134,1.0
71430057,2025-09-10,2026-01-10,123,123,1.0
71430058,2025-01-01,2026-03-31,455,455,1.0
71430059,2025-11-18,2026-03-31,134,134,1.0
71430040,2025-11-18,2026-03-31,134,134,1.0
71430041,2025-10-09,2026-03-31,174,174,1.0
71430042,2025-11-18,2026-03-31,134,134,1.0
71430043,2025-11-18,2026-03-31,134,134,1.0
71430044,2025-11-18,2026-03-31,134,134,1.0
71430045,2025-11-18,2026-03-31,134,134,1.0
71430046,2025-10-15,2026-03-31,168,168,1.0
71430048,2025-05-30,2026-02-12,259,259,1.0
71430032,2025-11-18,2026-03-31,134,134,1.0
71430033,2025-01-01,2026-03-31,455,455,1.0
71430034,2025-10-09,2026-03-31,174,174,1.0
71430035,2025-10-06,2026-03-31,177,177,1.0
71430036,2025-09-10,2026-03-31,203,203,1.0
71430037,2025-11-18,2026-03-31,134,134,1.0
71430038,2025-11-18,2026-03-31,134,134,1.0
71430039,2025-11-18,2026-03-31,134,134,1.0
71430182,2025-11-20,2026-03-31,132,132,1.0
71430223,2025-01-01,2026-03-31,455,455,1.0
71430232,2025-11-18,2026-03-31,134,134,1.0
71430237,2025-11-18,2026-03-31,134,134,1.0
71430247,2025-11-18,2026-03-31,134,134,1.0
71430110,2025-10-03,2026-03-31,180,180,1.0
71430111,2025-10-23,2026-03-31,160,160,1.0
71430119,2025-01-01,2026-03-31,455,455,1.0
71430143,2025-11-18,2026-03-31,134,134,1.0
71430157,2025-10-14,2026-03-31,169,169,1.0
71430090,2025-11-18,2026-03-31,134,134,1.0
71430092,2025-11-18,2026-03-31,134,134,1.0
71430093,2025-11-18,2026-03-31,134,134,1.0
71430096,2025-08-15,2026-03-31,229,229,1.0
71430101,2025-10-07,2026-03-31,176,176,1.0
71430106,2025-11-18,2026-03-31,134,134,1.0
71430107,2025-10-16,2026-03-31,167,167,1.0
71430070,2025-10-08,2026-03-31,175,175,1.0
71430072,2025-11-18,2026-03-31,134,134,1.0
71430076,2025-10-09,2026-03-31,174,174,1.0
71430077,2025-11-18,2026-03-31,134,134,1.0
71430080,2025-11-19,2026-03-31,133,133,1.0
71430081,2025-10-06,2026-03-31,177,177,1.0
71430082,2025-11-18,2026-03-31,134,134,1.0
71530003,2025-11-21,2026-03-31,131,131,1.0
71530004,2025-09-10,2026-03-31,203,203,1.0
71530005,2026-01-19,2026-03-31,72,72,1.0
71530008,2025-11-21,2026-03-31,131,131,1.0
71530013,2025-12-12,2026-03-31,110,110,1.0
71530024,2026-01-19,2026-03-31,72,72,1.0
71530026,2025-11-24,2026-03-31,128,128,1.0
71530027,2025-11-28,2026-03-31,124,124,1.0
71440284,2025-10-08,2026-03-31,175,175,1.0
71440312,2025-10-08,2026-03-31,175,175,1.0
71440329,2025-01-01,2026-03-31,455,455,1.0
71440090,2025-11-17,2026-03-31,135,135,1.0
71440112,2025-11-17,2026-03-31,135,135,1.0
71440113,2025-11-17,2026-03-31,135,135,1.0
71440114,2025-09-10,2026-03-31,203,203,1.0
71440115,2025-11-17,2026-03-31,135,135,1.0
71440050,2025-11-17,2026-03-31,135,135,1.0
71440051,2025-10-20,2026-03-31,163,163,1.0
71440052,2025-10-09,2026-03-31,174,174,1.0
71440085,2025-10-08,2026-03-31,175,175,1.0
700566885,2025-01-01,2026-03-31,455,455,1.0
700566888,2025-01-01,2026-03-31,455,455,1.0
700566890,2025-01-01,2026-03-31,455,455,1.0
700566892,2025-01-01,2026-03-31,455,455,1.0
700566952,2025-01-01,2026-03-31,455,455,1.0
700566955,2025-01-01,2026-03-31,455,455,1.0
700565817,2025-01-01,2026-03-31,455,455,1.0
700566013,2025-01-01,2026-03-31,455,455,1.0
700566105,2025-01-01,2026-03-31,455,455,1.0
700566152,2025-01-01,2026-03-31,455,455,1.0
700566326,2025-01-01,2026-03-31,455,455,1.0
700557338,2025-01-01,2026-03-31,455,455,1.0
700557643,2025-01-01,2026-03-31,455,455,1.0
700565336,2025-06-17,2026-03-31,288,288,1.0
700565349,2025-01-01,2026-03-31,455,455,1.0
700552547,2025-01-01,2026-03-31,455,455,1.0
700552957,2025-07-28,2025-08-20,24,24,1.0
700552965,2026-03-26,2026-03-27,2,2,1.0
700553277,2026-03-26,2026-03-27,2,2,1.0
700553380,2025-01-01,2026-03-31,455,455,1.0
700553460,2025-01-01,2026-03-31,455,455,1.0
700556145,2025-01-01,2026-03-31,455,455,1.0
71530124,2025-11-21,2026-03-31,131,131,1.0
71530125,2025-11-24,2026-03-31,128,128,1.0
71530130,2025-01-01,2026-03-31,455,455,1.0
71530131,2025-11-03,2026-03-31,149,149,1.0
71530132,2025-11-25,2026-03-31,127,127,1.0
71530133,2025-11-25,2026-03-31,127,127,1.0
71530134,2025-12-19,2026-03-31,103,103,1.0
71530138,2025-01-01,2026-03-31,455,455,1.0
71530104,2025-11-21,2026-03-31,131,131,1.0
71530119,2025-12-22,2026-03-31,100,100,1.0
71530120,2026-02-11,2026-03-31,49,49,1.0
71530121,2025-01-01,2026-03-31,455,455,1.0
71530123,2025-11-24,2026-03-31,128,128,1.0
71530085,2026-03-13,2026-03-31,19,19,1.0
71530092,2025-12-16,2026-03-31,106,106,1.0
71530094,2026-01-12,2026-03-31,79,79,1.0
71530096,2025-01-01,2026-03-31,455,455,1.0
71530101,2026-01-12,2026-03-31,79,79,1.0
71530103,2025-12-22,2026-03-31,100,100,1.0
71530058,2026-03-27,2026-03-31,5,5,1.0
71530059,2025-09-10,2025-11-01,53,53,1.0
71530065,2025-11-03,2026-03-31,149,149,1.0
71530066,2026-01-08,2026-03-31,83,83,1.0
71530080,2026-01-12,2026-03-31,79,79,1.0
71530211,2025-11-20,2026-03-31,132,132,1.0
71530212,2025-09-10,2026-03-31,203,203,1.0
71530213,2025-11-20,2025-11-20,1,1,1.0
71530235,2025-01-01,2026-03-31,455,455,1.0
71530248,2025-01-01,2025-09-12,255,255,1.0
71530253,2026-03-26,2026-03-27,2,2,1.0
71530191,2025-11-06,2026-03-31,146,146,1.0
71530193,2025-11-17,2026-03-31,135,135,1.0
71530194,2025-11-20,2026-03-31,132,132,1.0
71530195,2025-09-10,2025-09-12,3,3,1.0
71530196,2025-01-01,2026-03-31,455,455,1.0
71530199,2026-02-12,2026-03-31,48,48,1.0
71530202,2025-01-01,2026-03-31,455,455,1.0
71530180,2025-11-20,2026-03-31,132,132,1.0
71530181,2025-10-20,2026-03-31,163,163,1.0
71530187,2025-10-02,2026-03-31,181,181,1.0
71530188,2025-10-24,2026-03-31,159,159,1.0
71530189,2025-12-30,2026-03-31,92,92,1.0
71530190,2025-12-30,2026-03-31,92,92,1.0
71530139,2025-12-15,2026-03-31,107,107,1.0
71530140,2025-01-01,2025-12-21,355,355,1.0
71530143,2025-09-10,2026-03-31,203,203,1.0
71530144,2026-01-09,2026-03-31,82,82,1.0
71530152,2026-01-09,2026-03-31,82,82,1.0
71530155,2025-01-01,2026-03-31,455,455,1.0
71530156,2025-09-02,2026-03-31,211,211,1.0
71530160,2025-07-28,2025-08-20,24,24,1.0
71530320,2025-11-18,2026-03-31,134,134,1.0
71530321,2026-01-14,2026-03-31,77,77,1.0
71530322,2025-11-18,2026-03-31,134,134,1.0
71530331,2025-01-01,2026-03-31,455,455,1.0
71530342,2025-04-09,2026-03-31,357,357,1.0
71530310,2025-11-24,2026-03-31,128,128,1.0
71530311,2025-10-23,2026-03-31,160,160,1.0
71530312,2025-11-24,2026-03-31,128,128,1.0
71530314,2025-11-24,2026-03-31,128,128,1.0
71530269,2025-10-21,2026-03-31,162,162,1.0
71530271,2025-12-17,2026-03-31,105,105,1.0
71530285,2025-11-24,2026-03-31,128,128,1.0
71530286,2025-11-24,2026-03-31,128,128,1.0
71530254,2025-01-01,2026-03-31,455,455,1.0
71530255,2025-10-20,2026-03-31,163,163,1.0
71530257,2025-09-10,2026-03-31,203,203,1.0
71530259,2026-03-05,2026-03-31,27,27,1.0
71530265,2025-12-17,2026-03-31,105,105,1.0
71530268,2025-12-17,2026-01-17,32,32,1.0
700548811,2025-01-01,2026-03-31,455,455,1.0
700551015,2025-01-01,2026-03-31,455,455,1.0
700552297,2026-03-26,2026-03-27,2,2,1.0
700552405,2025-01-01,2026-03-31,455,455,1.0
700552490,2025-05-12,2026-03-31,324,324,1.0
700552497,2025-01-01,2025-09-12,255,255,1.0
700546751,2025-02-19,2026-03-31,406,406,1.0
700546753,2026-03-26,2026-03-27,2,2,1.0
700546793,2025-01-01,2026-03-31,455,455,1.0
700546825,2025-01-01,2026-03-31,455,455,1.0
700546826,2025-01-01,2026-03-31,455,455,1.0
700546827,2025-01-01,2026-03-31,455,455,1.0
700547992,2025-01-01,2026-03-31,455,455,1.0
700548004,2025-01-01,2026-03-31,455,455,1.0
700543832,2025-01-01,2026-03-31,455,455,1.0
700543852,2025-01-01,2026-03-31,455,455,1.0
700543887,2026-03-26,2026-03-27,2,2,1.0
700544797,2025-01-01,2026-03-31,455,455,1.0
700546745,2025-01-01,2026-03-31,455,455,1.0
700546748,2025-01-01,2026-03-31,455,455,1.0
700546749,2025-01-01,2026-03-31,455,455,1.0
700539987,2025-01-01,2026-03-31,455,455,1.0
700540417,2026-03-26,2026-03-27,2,2,1.0
700540419,2026-03-26,2026-03-27,2,2,1.0
700540428,2026-03-26,2026-03-27,2,2,1.0
700543377,2026-03-30,2026-03-31,2,2,1.0
71530469,2025-06-30,2025-09-10,73,73,1.0
71530471,2026-03-26,2026-03-27,2,2,1.0
71530474,2025-11-12,2026-03-31,140,140,1.0
71530475,2025-06-30,2025-09-10,73,73,1.0
71530477,2025-10-22,2026-03-31,161,161,1.0
71530428,2025-11-03,2026-03-31,149,149,1.0
71530429,2025-01-01,2026-03-31,455,455,1.0
71530440,2026-01-12,2026-03-31,79,79,1.0
71530447,2025-01-01,2026-03-31,455,455,1.0
71530448,2025-01-01,2026-03-31,455,455,1.0
71530387,2025-11-24,2026-03-31,128,128,1.0
71530390,2025-10-18,2025-10-19,2,2,1.0
71530391,2025-12-18,2026-03-31,104,104,1.0
71530397,2025-12-18,2026-03-31,104,104,1.0
71530346,2025-01-01,2026-03-31,455,455,1.0
71530347,2025-01-01,2026-03-31,455,455,1.0
71530351,2026-03-12,2026-03-31,20,20,1.0
71530630,2026-01-21,2026-03-31,70,70,1.0
71530633,2025-06-27,2025-09-10,76,76,1.0
71530652,2026-03-13,2026-03-31,19,19,1.0
71530669,2026-02-12,2026-03-31,48,48,1.0
71530536,2026-03-26,2026-03-27,2,2,1.0
71530546,2026-03-09,2026-03-31,23,23,1.0
71530550,2025-06-17,2025-09-10,86,86,1.0
71530551,2025-01-01,2026-03-31,455,455,1.0
71530554,2025-06-26,2025-09-10,77,77,1.0
71530583,2025-11-14,2026-03-31,138,138,1.0
71530586,2025-12-04,2026-03-31,118,118,1.0
71530589,2025-06-25,2025-09-10,78,78,1.0
71530508,2026-01-16,2026-03-31,75,75,1.0
71530512,2025-12-19,2026-03-31,103,103,1.0
71530515,2026-02-10,2026-03-31,50,50,1.0
71530516,2025-12-19,2026-03-31,103,103,1.0
71530521,2025-08-27,2025-08-28,2,2,1.0
71530523,2025-09-08,2026-03-31,205,205,1.0
71530526,2026-02-20,2026-03-31,40,40,1.0
71530533,2025-11-03,2026-03-31,149,149,1.0
71530486,2025-10-22,2026-03-31,161,161,1.0
71530489,2026-01-16,2026-03-31,75,75,1.0
71530494,2025-01-01,2026-03-31,455,455,1.0
71530506,2025-01-01,2026-03-31,455,455,1.0
700538576,2025-12-22,2025-12-22,1,1,1.0
700539080,2025-07-28,2025-08-20,24,24,1.0
700539099,2025-07-23,2025-07-23,1,1,1.0
700539286,2025-01-01,2026-03-31,455,455,1.0
700539894,2025-01-01,2025-05-07,127,127,1.0
700539944,2025-08-21,2026-03-31,223,223,1.0
700537331,2026-03-26,2026-03-27,2,2,1.0
700537376,2026-03-26,2026-03-27,2,2,1.0
700537968,2025-07-28,2025-08-20,24,24,1.0
700537980,2025-07-28,2025-08-20,24,24,1.0
700538313,2025-01-01,2026-03-31,455,455,1.0
700538370,2025-01-01,2026-03-31,455,455,1.0
700538506,2026-03-26,2026-03-27,2,2,1.0
700535671,2025-01-01,2026-03-31,455,455,1.0
700535690,2025-01-01,2025-09-12,255,255,1.0
700535796,2025-01-01,2026-03-31,455,455,1.0
700535818,2025-01-01,2026-03-31,455,455,1.0
700535837,2025-01-01,2026-03-31,455,455,1.0
700535856,2025-01-01,2026-03-31,455,455,1.0
700536532,2025-12-12,2026-03-31,110,110,1.0
700528486,2025-01-01,2026-03-31,455,455,1.0
700533389,2025-06-02,2025-12-09,191,191,1.0
700534022,2025-01-01,2026-03-31,455,455,1.0
700534136,2025-01-01,2026-03-31,455,455,1.0
700534320,2025-01-01,2026-03-31,455,455,1.0
700534633,2025-09-10,2025-11-21,73,73,1.0
71530838,2026-01-16,2026-03-31,75,75,1.0
71530881,2025-01-01,2026-03-31,455,455,1.0
71530895,2025-12-18,2026-03-31,104,104,1.0
71530898,2025-11-27,2026-03-31,125,125,1.0
71530899,2025-09-10,2026-03-31,203,203,1.0
71530900,2025-06-26,2025-09-10,77,77,1.0
71530901,2025-11-05,2026-03-31,147,147,1.0
71530902,2025-11-27,2026-03-31,125,125,1.0
71530775,2025-12-10,2026-03-31,112,112,1.0
71530780,2025-12-10,2026-03-31,112,112,1.0
71530792,2025-09-10,2026-03-31,203,203,1.0
71530794,2026-02-19,2026-03-31,41,41,1.0
71530836,2025-10-17,2026-03-31,166,166,1.0
71530837,2026-03-26,2026-03-27,2,2,1.0
71530715,2026-03-26,2026-03-27,2,2,1.0
71530743,2025-06-25,2025-09-10,78,78,1.0
71530746,2025-12-18,2026-03-31,104,104,1.0
71530749,2025-01-01,2026-03-31,455,455,1.0
71530750,2025-11-25,2026-03-31,127,127,1.0
71530753,2025-12-18,2026-03-31,104,104,1.0
71530769,2025-01-01,2025-09-12,255,255,1.0
71530675,2026-01-14,2026-03-31,77,77,1.0
71530676,2026-01-14,2026-03-31,77,77,1.0
71530699,2025-12-15,2026-03-31,107,107,1.0
71530700,2025-11-14,2026-03-31,138,138,1.0
71530701,2025-11-14,2026-03-31,138,138,1.0
71531032,2026-02-24,2026-03-31,36,36,1.0
71531033,2026-02-24,2026-03-31,36,36,1.0
71531034,2025-12-12,2026-03-31,110,110,1.0
71531037,2025-12-14,2026-03-31,108,108,1.0
71531039,2026-02-12,2026-03-31,48,48,1.0
71531043,2025-12-19,2026-03-31,103,103,1.0
71530999,2025-01-01,2026-03-31,455,455,1.0
71531012,2025-11-24,2026-03-31,128,128,1.0
71531021,2025-01-01,2026-03-16,440,440,1.0
71531022,2025-01-01,2026-03-31,455,455,1.0
71531025,2025-09-10,2026-03-31,203,203,1.0
71530953,2025-11-10,2026-03-31,142,142,1.0
71530955,2025-10-09,2026-03-31,174,174,1.0
71530964,2026-03-26,2026-03-27,2,2,1.0
71530968,2025-11-19,2026-03-31,133,133,1.0
71530969,2025-11-19,2026-03-31,133,133,1.0
71530981,2026-01-16,2026-03-31,75,75,1.0
71530903,2025-11-27,2026-03-31,125,125,1.0
71530906,2025-11-25,2026-03-31,127,127,1.0
71530915,2025-09-10,2026-03-31,203,203,1.0
71530916,2025-10-31,2026-03-31,152,152,1.0
71530917,2026-02-11,2026-03-31,49,49,1.0
71530919,2026-03-09,2026-03-31,23,23,1.0
71530920,2025-11-14,2026-03-31,138,138,1.0
71531182,2025-01-01,2026-03-31,455,455,1.0
71540001,2025-12-09,2026-03-31,113,113,1.0
71540006,2025-01-01,2026-01-14,379,379,1.0
71540007,2025-11-21,2026-03-31,131,131,1.0
71540009,2025-01-01,2026-03-31,455,455,1.0
71540011,2026-01-19,2026-03-31,72,72,1.0
71531144,2025-01-01,2026-03-31,455,455,1.0
71531145,2025-01-01,2026-03-31,455,455,1.0
71531148,2025-01-01,2026-03-31,455,455,1.0
71531158,2025-01-01,2026-03-31,455,455,1.0
71531159,2025-01-01,2026-03-31,455,455,1.0
71531161,2025-01-01,2026-03-31,455,455,1.0
71531162,2025-01-01,2026-03-31,455,455,1.0
71531073,2025-01-01,2026-03-31,455,455,1.0
71531074,2025-01-01,2025-09-12,255,255,1.0
71531080,2025-01-01,2026-03-31,455,455,1.0
71531125,2025-01-01,2026-03-31,455,455,1.0
71531127,2025-01-01,2026-03-31,455,455,1.0
71531136,2025-01-01,2026-03-31,455,455,1.0
71531143,2025-01-01,2025-09-12,255,255,1.0
71531044,2025-10-20,2026-03-31,163,163,1.0
71531045,2025-10-20,2026-03-31,163,163,1.0
71531053,2025-11-05,2026-03-31,147,147,1.0
71531054,2025-11-20,2026-03-31,132,132,1.0
71531056,2025-11-20,2026-03-31,132,132,1.0
71531057,2025-11-05,2026-03-31,147,147,1.0
700526329,2025-01-01,2026-03-31,455,455,1.0
700526975,2025-07-28,2025-08-20,24,24,1.0
700527097,2025-01-01,2026-03-31,455,455,1.0
700527264,2025-09-10,2026-03-31,203,203,1.0
700527720,2025-01-01,2026-03-31,455,455,1.0
700524542,2025-01-01,2025-09-12,255,255,1.0
700524562,2025-07-28,2025-08-20,24,24,1.0
700524659,2025-01-01,2026-03-31,455,455,1.0
700525101,2025-01-01,2026-03-31,455,455,1.0
700525153,2025-01-01,2026-03-31,455,455,1.0
700526117,2025-01-01,2026-03-31,455,455,1.0
700516194,2025-06-19,2026-03-31,286,286,1.0
700516256,2025-06-25,2026-03-31,280,280,1.0
700516257,2025-01-01,2026-03-31,455,455,1.0
700523718,2025-01-01,2026-03-31,455,455,1.0
700523729,2025-01-01,2026-03-31,455,455,1.0
700524469,2025-07-29,2025-09-09,43,43,1.0
700512615,2025-01-01,2026-03-31,455,455,1.0
700512621,2025-01-01,2026-03-31,455,455,1.0
700512849,2025-01-01,2026-03-31,455,455,1.0
700512987,2025-01-01,2026-03-31,455,455,1.0
700516017,2025-07-28,2025-08-20,24,24,1.0
700516180,2025-07-28,2025-08-20,24,24,1.0
71540052,2025-11-19,2026-03-31,133,133,1.0
71540056,2025-01-01,2026-03-31,455,455,1.0
71540083,2025-11-21,2026-03-31,131,131,1.0
71540088,2026-01-08,2026-03-31,83,83,1.0
71540041,2025-11-05,2026-03-31,147,147,1.0
71540043,2026-03-11,2026-03-31,21,21,1.0
71540044,2025-11-21,2026-03-31,131,131,1.0
71540045,2026-03-26,2026-03-27,2,2,1.0
71540047,2025-11-19,2026-03-31,133,133,1.0
71540048,2025-11-19,2026-03-31,133,133,1.0
71540049,2025-11-19,2026-03-31,133,133,1.0
71540028,2025-11-19,2026-03-31,133,133,1.0
71540031,2025-09-10,2026-01-15,128,128,1.0
71540033,2025-09-11,2026-03-31,202,202,1.0
71540036,2025-01-01,2026-03-31,455,455,1.0
71540037,2025-11-21,2026-03-31,131,131,1.0
71540039,2025-11-21,2026-03-31,131,131,1.0
71540016,2025-11-19,2026-03-31,133,133,1.0
71540019,2025-12-22,2026-03-31,100,100,1.0
71540021,2025-12-18,2025-12-18,1,1,1.0
71540022,2025-09-10,2026-03-31,203,203,1.0
71540145,2026-03-10,2026-03-31,22,22,1.0
71540147,2025-11-21,2026-03-31,131,131,1.0
71540149,2025-12-30,2026-03-26,87,87,1.0
71540127,2025-12-22,2026-03-31,100,100,1.0
71540131,2025-11-18,2026-03-31,134,134,1.0
71540132,2025-09-10,2026-03-31,203,203,1.0
71540133,2025-09-10,2026-03-31,203,203,1.0
71540134,2025-09-10,2026-03-31,203,203,1.0
71540136,2025-01-01,2026-03-31,455,455,1.0
71540138,2025-10-23,2026-03-31,160,160,1.0
71540109,2025-11-21,2026-03-31,131,131,1.0
71540110,2025-12-22,2026-03-31,100,100,1.0
71540112,2025-09-10,2026-03-31,203,203,1.0
71540114,2025-12-29,2026-03-31,93,93,1.0
71540115,2025-11-21,2026-03-31,131,131,1.0
71540118,2025-10-24,2026-03-31,159,159,1.0
71540123,2025-01-01,2026-03-31,455,455,1.0
71540090,2025-12-17,2026-03-31,105,105,1.0
71540095,2025-11-06,2026-03-31,146,146,1.0
71540100,2025-06-17,2025-09-10,86,86,1.0
71540108,2025-12-23,2026-03-31,99,99,1.0
71540409,2025-01-01,2026-03-31,455,455,1.0
71540410,2025-01-01,2026-03-31,455,455,1.0
71540411,2025-01-01,2026-03-31,455,455,1.0
71540416,2025-01-01,2026-03-31,455,455,1.0
71630011,2025-09-22,2025-09-23,2,2,1.0
71630014,2025-01-01,2026-03-31,455,455,1.0
71540268,2026-02-12,2026-03-31,48,48,1.0
71540271,2025-09-10,2026-03-31,203,203,1.0
71540301,2025-09-10,2026-03-31,203,203,1.0
71540307,2025-09-10,2026-03-31,203,203,1.0
71540404,2025-01-01,2026-03-31,455,455,1.0
71540405,2025-01-01,2026-03-31,455,455,1.0
71540406,2025-01-01,2026-03-31,455,455,1.0
71540407,2025-01-01,2026-03-31,455,455,1.0
71540244,2025-09-10,2026-03-31,203,203,1.0
71540245,2025-09-10,2026-03-31,203,203,1.0
71540248,2025-09-10,2026-03-31,203,203,1.0
71540249,2025-12-16,2026-03-31,106,106,1.0
71540251,2025-12-16,2026-03-31,106,106,1.0
71540254,2025-01-01,2026-01-22,387,387,1.0
71540267,2026-01-22,2026-03-31,69,69,1.0
71540153,2025-09-10,2026-03-31,203,203,1.0
71540158,2025-12-30,2026-03-31,92,92,1.0
71540159,2026-02-11,2026-03-31,49,49,1.0
71540164,2025-09-10,2026-03-31,203,203,1.0
71540167,2026-01-08,2026-03-31,83,83,1.0
71540243,2025-01-01,2026-03-31,455,455,1.0
700500216,2025-01-01,2026-03-31,455,455,1.0
700500236,2025-09-10,2026-03-31,203,203,1.0
700500250,2025-01-01,2026-03-31,455,455,1.0
700500256,2025-01-01,2026-03-31,455,455,1.0
700500436,2025-01-01,2026-03-31,455,455,1.0
700500758,2025-01-01,2025-06-08,159,159,1.0
700499476,2025-01-01,2026-03-31,455,455,1.0
700499485,2025-06-13,2026-03-31,292,292,1.0
700499838,2025-01-01,2026-03-31,455,455,1.0
700499895,2025-01-01,2026-03-31,455,455,1.0
700499898,2025-01-01,2026-03-31,455,455,1.0
700499952,2025-01-01,2026-03-31,455,455,1.0
700500026,2025-01-01,2026-03-31,455,455,1.0
700499287,2025-01-01,2026-03-31,455,455,1.0
700499345,2025-01-01,2026-03-31,455,455,1.0
700499346,2026-03-09,2026-03-31,23,23,1.0
700499365,2025-01-01,2026-03-31,455,455,1.0
700499454,2025-01-01,2026-03-31,455,455,1.0
700499466,2025-01-01,2026-03-31,455,455,1.0
700469078,2025-01-01,2026-03-31,455,455,1.0
700469088,2025-12-08,2026-03-31,114,114,1.0
700479018,2025-01-01,2026-03-31,455,455,1.0
700499208,2026-03-26,2026-03-27,2,2,1.0
700499221,2025-01-01,2026-03-31,455,455,1.0
71630069,2025-01-01,2026-03-31,455,455,1.0
71630076,2026-01-06,2026-03-31,85,85,1.0
71630078,2025-01-01,2026-03-31,455,455,1.0
71630080,2025-11-30,2026-03-31,122,122,1.0
71630082,2025-01-01,2026-03-31,455,455,1.0
71630083,2026-02-19,2026-03-31,41,41,1.0
71630057,2025-12-04,2026-03-31,118,118,1.0
71630061,2026-01-09,2026-03-31,82,82,1.0
71630062,2026-01-06,2026-03-31,85,85,1.0
71630066,2025-01-01,2026-03-31,455,455,1.0
71630067,2025-12-12,2026-03-31,110,110,1.0
71630068,2025-12-12,2026-03-31,110,110,1.0
71630036,2026-01-09,2026-03-31,82,82,1.0
71630040,2026-03-26,2026-03-27,2,2,1.0
71630041,2025-12-04,2026-03-31,118,118,1.0
71630044,2026-03-26,2026-03-27,2,2,1.0
71630045,2025-01-01,2026-03-31,455,455,1.0
71630050,2025-12-10,2026-03-31,112,112,1.0
71630051,2026-01-09,2026-03-31,82,82,1.0
71630055,2025-01-01,2026-03-31,455,455,1.0
71630015,2026-01-09,2026-03-31,82,82,1.0
71630018,2025-12-13,2026-03-31,109,109,1.0
71630019,2026-01-06,2026-03-31,85,85,1.0
71630020,2025-12-06,2026-03-31,116,116,1.0
71630021,2025-01-01,2025-09-12,255,255,1.0
71630026,2026-01-14,2026-03-31,77,77,1.0
71630027,2026-01-13,2026-03-31,78,78,1.0
71630128,2025-12-04,2026-03-31,118,118,1.0
71630130,2025-12-09,2026-03-31,113,113,1.0
71630131,2025-12-04,2026-03-31,118,118,1.0
71630136,2025-09-08,2026-03-31,205,205,1.0
71630138,2025-01-01,2026-03-31,455,455,1.0
71630139,2025-01-01,2026-03-31,455,455,1.0
71630140,2025-01-01,2026-03-31,455,455,1.0
71630116,2026-03-26,2026-03-27,2,2,1.0
71630117,2025-12-04,2026-03-31,118,118,1.0
71630119,2025-12-08,2026-03-31,114,114,1.0
71630121,2025-09-06,2026-03-31,207,207,1.0
71630123,2025-11-29,2026-03-31,123,123,1.0
71630124,2025-01-01,2026-03-31,455,455,1.0
71630107,2026-03-26,2026-03-27,2,2,1.0
71630108,2025-11-21,2026-03-31,131,131,1.0
71630109,2026-03-26,2026-03-27,2,2,1.0
71630111,2025-11-27,2026-03-31,125,125,1.0
71630112,2026-03-26,2026-03-27,2,2,1.0
71630115,2025-01-01,2026-03-31,455,455,1.0
71630084,2025-12-08,2026-03-31,114,114,1.0
71630086,2025-12-18,2026-03-31,104,104,1.0
71630087,2025-12-18,2026-03-31,104,104,1.0
71630089,2025-12-07,2026-03-31,115,115,1.0
71630093,2025-12-10,2026-03-31,112,112,1.0
71630094,2025-01-01,2026-03-31,455,455,1.0
71630105,2025-12-09,2026-03-31,113,113,1.0
71640026,2025-07-25,2026-03-31,250,250,1.0
71640028,2026-01-06,2026-03-31,85,85,1.0
71640029,2025-11-21,2026-03-31,131,131,1.0
71640030,2026-01-22,2026-03-31,69,69,1.0
71640031,2026-03-26,2026-03-27,2,2,1.0
71640034,2025-01-01,2026-03-31,455,455,1.0
71640047,2025-01-01,2026-03-31,455,455,1.0
71640048,2025-12-11,2026-03-31,111,111,1.0
71630266,2025-12-11,2026-03-31,111,111,1.0
71640012,2025-12-30,2026-03-31,92,92,1.0
71640018,2026-01-14,2026-03-31,77,77,1.0
71640020,2026-01-09,2026-03-31,82,82,1.0
71640021,2026-01-14,2026-03-31,77,77,1.0
71630260,2025-12-11,2026-03-31,111,111,1.0
71630261,2026-03-26,2026-03-27,2,2,1.0
71630262,2025-12-10,2026-03-31,112,112,1.0
71630263,2025-12-11,2026-03-31,111,111,1.0
71630264,2025-12-10,2026-03-31,112,112,1.0
71630145,2026-01-07,2026-03-31,84,84,1.0
71630152,2026-01-07,2026-03-31,84,84,1.0
71630154,2025-01-01,2025-09-12,255,255,1.0
71630157,2025-01-01,2026-03-31,455,455,1.0
71630158,2025-01-01,2026-03-31,455,455,1.0
71630257,2025-09-06,2026-03-31,207,207,1.0
71640121,2025-01-01,2025-09-12,255,255,1.0
71640122,2025-01-01,2026-03-31,455,455,1.0
71640132,2025-12-18,2026-03-31,104,104,1.0
71640134,2026-01-09,2026-03-31,82,82,1.0
71640135,2025-12-10,2026-03-31,112,112,1.0
71640136,2025-07-29,2026-03-31,246,246,1.0
71640142,2025-12-31,2026-03-31,91,91,1.0
71640073,2026-03-26,2026-03-27,2,2,1.0
71640086,2025-08-22,2026-03-31,222,222,1.0
71640087,2025-01-01,2025-12-11,345,345,1.0
71640088,2025-12-24,2026-03-31,98,98,1.0
71640093,2025-11-16,2026-03-31,136,136,1.0
71640114,2026-02-20,2026-03-31,40,40,1.0
71640120,2025-01-01,2026-03-31,455,455,1.0
71640058,2026-01-07,2026-03-31,84,84,1.0
71640059,2025-01-01,2026-03-31,455,455,1.0
71640061,2025-11-21,2026-03-31,131,131,1.0
71640062,2025-11-21,2026-03-31,131,131,1.0
71640070,2025-01-01,2025-11-29,333,333,1.0
71640072,2026-02-20,2026-03-31,40,40,1.0
71640051,2025-12-11,2026-03-31,111,111,1.0
71640052,2026-03-26,2026-03-27,2,2,1.0
71640053,2026-03-26,2026-03-27,2,2,1.0
71640054,2025-12-31,2026-03-31,91,91,1.0
71640055,2026-01-07,2026-03-31,84,84,1.0
71640056,2026-01-07,2026-03-01,54,54,1.0
71640057,2025-12-11,2026-03-31,111,111,1.0
71740054,2025-01-01,2026-03-31,455,455,1.0
71740056,2026-03-26,2026-03-27,2,2,1.0
71740057,2025-10-21,2026-03-31,162,162,1.0
71740058,2025-01-01,2026-03-31,455,455,1.0
71740061,2026-01-08,2026-03-31,83,83,1.0
71740062,2025-01-01,2026-01-08,373,373,1.0
71740063,2025-12-10,2026-03-31,112,112,1.0
71740064,2025-12-10,2026-03-31,112,112,1.0
71740036,2025-10-21,2026-03-31,162,162,1.0
71740039,2025-10-09,2026-03-31,174,174,1.0
71740040,2026-01-07,2026-03-31,84,84,1.0
71740042,2025-11-25,2026-03-31,127,127,1.0
71740043,2026-01-07,2026-03-31,84,84,1.0
71740044,2026-03-26,2026-03-27,2,2,1.0
71640840,2025-01-01,2026-03-31,455,455,1.0
71740007,2025-01-01,2026-03-31,455,455,1.0
71740008,2026-03-30,2026-03-31,2,2,1.0
71740013,2026-01-08,2026-03-31,83,83,1.0
71740017,2025-12-12,2026-03-31,110,110,1.0
71740018,2026-02-27,2026-03-31,33,33,1.0
71740025,2025-10-16,2026-03-31,167,167,1.0
71740026,2026-03-26,2026-03-27,2,2,1.0
71640709,2025-01-01,2026-03-31,455,455,1.0
71640747,2025-12-18,2026-03-31,104,104,1.0
71640748,2025-12-10,2026-03-31,112,112,1.0
71640749,2025-12-18,2026-03-31,104,104,1.0
71640750,2025-12-18,2026-03-31,104,104,1.0
71640751,2025-12-18,2026-03-31,104,104,1.0
700468858,2025-01-01,2026-03-31,455,455,1.0
700468983,2025-01-01,2026-03-31,455,455,1.0
700468988,2025-01-01,2026-03-31,455,455,1.0
700469003,2025-01-01,2026-03-31,455,455,1.0
700469052,2025-01-01,2026-03-31,455,455,1.0
700468353,2025-01-01,2026-03-31,455,455,1.0
700468382,2025-01-01,2026-03-31,455,455,1.0
700468582,2025-11-06,2026-03-31,146,146,1.0
700468586,2026-03-09,2026-03-29,21,21,1.0
700468596,2025-01-01,2026-03-31,455,455,1.0
700468618,2025-01-01,2026-03-31,455,455,1.0
700468116,2025-01-01,2026-03-31,455,455,1.0
700468117,2025-01-01,2026-03-31,455,455,1.0
700468160,2025-01-01,2026-03-31,455,455,1.0
700468163,2025-01-01,2026-03-31,455,455,1.0
700468172,2025-07-28,2025-08-20,24,24,1.0
700468284,2025-09-10,2026-03-31,203,203,1.0
700468332,2025-01-01,2026-03-31,455,455,1.0
700467673,2025-01-01,2026-03-31,455,455,1.0
700467957,2025-01-01,2026-03-31,455,455,1.0
700467959,2025-01-01,2026-03-31,455,455,1.0
700467965,2025-01-01,2026-03-31,455,455,1.0
700467968,2025-01-01,2026-03-31,455,455,1.0
700468047,2025-01-01,2025-06-17,168,168,1.0
700468086,2026-03-26,2026-03-27,2,2,1.0
71740184,2026-02-27,2026-03-31,33,33,1.0
71740201,2025-11-24,2025-12-30,37,37,1.0
71740203,2025-11-24,2026-03-31,128,128,1.0
71740208,2025-11-24,2026-03-31,128,128,1.0
71740211,2025-11-24,2026-03-31,128,128,1.0
71740089,2026-02-27,2026-03-31,33,33,1.0
71740090,2025-11-23,2026-03-31,129,129,1.0
71740092,2025-01-01,2026-03-31,455,455,1.0
71740094,2026-01-07,2026-03-31,84,84,1.0
71740098,2025-11-25,2026-03-31,127,127,1.0
71740167,2025-11-25,2026-03-31,127,127,1.0
71740168,2025-11-25,2026-03-31,127,127,1.0
71740079,2025-10-21,2026-03-31,162,162,1.0
71740080,2025-12-12,2026-03-31,110,110,1.0
71740081,2025-11-25,2026-03-31,127,127,1.0
71740082,2025-11-23,2026-03-31,129,129,1.0
71740083,2026-01-19,2026-03-31,72,72,1.0
71740085,2025-01-01,2025-06-17,168,168,1.0
71740087,2025-09-10,2026-03-31,203,203,1.0
71740088,2025-10-09,2026-03-31,174,174,1.0
71740068,2025-12-04,2026-03-31,118,118,1.0
71740069,2025-12-10,2026-03-31,112,112,1.0
71740070,2026-01-07,2026-03-31,84,84,1.0
71740071,2026-01-07,2026-03-31,84,84,1.0
71740072,2025-12-10,2026-03-31,112,112,1.0
71740073,2025-12-18,2026-03-31,104,104,1.0
71740077,2026-03-30,2026-03-31,2,2,1.0
71740352,2026-01-08,2026-03-03,55,55,1.0
71740353,2026-01-05,2026-02-23,50,50,1.0
71740358,2026-01-08,2026-03-31,83,83,1.0
71740363,2026-01-08,2026-03-31,83,83,1.0
71740364,2025-10-24,2026-03-31,159,159,1.0
71740366,2026-01-08,2026-03-31,83,83,1.0
71740319,2025-10-23,2026-03-31,160,160,1.0
71740327,2026-01-09,2026-03-31,82,82,1.0
71740338,2026-01-09,2026-03-31,82,82,1.0
71740343,2026-01-09,2026-03-31,82,82,1.0
71740345,2026-01-07,2026-03-31,84,84,1.0
71740346,2025-10-21,2026-03-31,162,162,1.0
71740227,2025-01-01,2026-03-31,455,455,1.0
71740228,2025-10-22,2026-03-31,161,161,1.0
71740231,2026-03-30,2026-03-31,2,2,1.0
71740232,2026-02-27,2026-03-31,33,33,1.0
71740233,2026-03-27,2026-03-31,5,5,1.0
71740234,2026-03-30,2026-03-31,2,2,1.0
71740235,2026-01-08,2026-03-31,83,83,1.0
71740236,2026-02-27,2026-03-31,33,33,1.0
71740213,2025-11-24,2026-03-31,128,128,1.0
71740214,2025-01-01,2025-06-17,168,168,1.0
71740216,2025-11-24,2026-03-31,128,128,1.0
71740217,2025-11-24,2026-02-26,95,95,1.0
71740223,2026-03-07,2026-03-31,25,25,1.0
71740225,2026-02-27,2026-03-31,33,33,1.0
71740226,2026-02-27,2026-03-31,33,33,1.0
71740732,2025-01-01,2026-03-31,455,455,1.0
71740733,2025-01-01,2026-03-31,455,455,1.0
71750032,2025-11-23,2026-03-31,129,129,1.0
71830002,2025-01-01,2025-09-23,266,266,1.0
71830012,2025-12-22,2026-03-31,100,100,1.0
71830013,2026-01-06,2026-03-31,85,85,1.0
71740563,2025-01-01,2026-03-31,455,455,1.0
71740579,2025-01-01,2026-03-31,455,455,1.0
71740580,2025-01-01,2026-02-11,407,407,1.0
71740611,2025-01-01,2026-03-31,455,455,1.0
71740457,2025-12-10,2026-03-31,112,112,1.0
71740459,2026-01-12,2026-03-31,79,79,1.0
71740469,2025-12-04,2026-03-31,118,118,1.0
71740471,2025-11-23,2026-03-31,129,129,1.0
71740475,2026-01-07,2026-03-31,84,84,1.0
71740476,2026-01-07,2026-03-31,84,84,1.0
71740438,2026-01-09,2026-03-31,82,82,1.0
71740442,2026-02-27,2026-03-31,33,33,1.0
71740444,2026-01-09,2026-03-31,82,82,1.0
71740445,2026-01-12,2026-03-31,79,79,1.0
71740446,2026-02-27,2026-03-31,33,33,1.0
71740449,2025-12-19,2026-03-31,103,103,1.0
71740456,2026-02-27,2026-03-31,33,33,1.0
700466877,2025-01-01,2025-04-20,110,110,1.0
700466927,2025-02-07,2026-03-31,418,418,1.0
700466940,2025-01-01,2026-03-31,455,455,1.0
700467019,2025-01-01,2026-03-31,455,455,1.0
700467255,2025-01-01,2026-03-31,455,455,1.0
700467261,2026-03-26,2026-03-27,2,2,1.0
700466648,2025-01-01,2026-03-31,455,455,1.0
700466800,2025-01-01,2026-03-31,455,455,1.0
700466821,2025-01-01,2026-03-31,455,455,1.0
700466835,2025-01-01,2026-03-31,455,455,1.0
700466838,2025-01-01,2026-03-31,455,455,1.0
700466411,2026-03-27,2026-03-27,1,1,1.0
700466491,2025-01-01,2026-03-31,455,455,1.0
700466508,2025-01-01,2026-03-31,455,455,1.0
700466546,2026-03-26,2026-03-27,2,2,1.0
700466567,2025-02-04,2025-06-17,134,134,1.0
700466571,2025-01-01,2025-09-26,269,269,1.0
700465852,2025-01-06,2025-01-06,1,1,1.0
700465860,2025-12-29,2026-03-31,93,93,1.0
700466060,2025-01-01,2025-06-17,168,168,1.0
700466341,2025-01-01,2026-03-31,455,455,1.0
71830244,2026-01-19,2026-03-31,72,72,1.0
71830245,2025-01-01,2026-03-31,455,455,1.0
71830251,2026-01-16,2026-03-31,75,75,1.0
71830252,2026-01-20,2026-03-31,71,71,1.0
71830253,2026-02-19,2026-03-31,41,41,1.0
71830254,2025-01-01,2026-03-31,455,455,1.0
71830257,2025-01-01,2026-03-31,455,455,1.0
71830266,2025-12-18,2026-03-31,104,104,1.0
71830200,2025-01-01,2026-03-31,455,455,1.0
71830208,2025-09-12,2025-09-12,1,1,1.0
71830209,2025-09-12,2025-09-12,1,1,1.0
71830217,2025-09-12,2026-03-31,201,201,1.0
71830224,2025-01-01,2026-03-31,455,455,1.0
71830229,2026-01-19,2026-03-31,72,72,1.0
71830126,2025-09-12,2026-03-31,201,201,1.0
71830140,2025-01-01,2026-03-31,455,455,1.0
71830145,2025-09-12,2026-03-31,201,201,1.0
71830158,2025-09-12,2025-09-15,4,4,1.0
71830166,2026-03-26,2026-03-27,2,2,1.0
71830179,2025-01-01,2026-03-31,455,455,1.0
71830193,2025-01-01,2026-03-31,455,455,1.0
71830089,2025-01-01,2026-03-31,455,455,1.0
71830100,2025-01-01,2026-03-31,455,455,1.0
71830105,2026-01-20,2026-03-31,71,71,1.0
71830119,2025-01-01,2026-03-31,455,455,1.0
71830406,2026-01-06,2026-03-31,85,85,1.0
71830424,2026-03-26,2026-03-27,2,2,1.0
71830426,2025-01-01,2026-03-31,455,455,1.0
71830427,2026-03-26,2026-03-27,2,2,1.0
71830430,2026-03-26,2026-03-27,2,2,1.0
71830433,2025-01-01,2026-03-31,455,455,1.0
71830434,2026-03-26,2026-03-27,2,2,1.0
71830438,2025-01-01,2026-03-31,455,455,1.0
71830346,2025-01-01,2026-03-31,455,455,1.0
71830357,2025-01-01,2025-02-08,39,39,1.0
71830360,2026-01-31,2026-03-31,60,60,1.0
71830376,2025-01-01,2026-03-31,455,455,1.0
71830377,2026-03-26,2026-03-27,2,2,1.0
71830379,2025-09-12,2026-03-31,201,201,1.0
71830392,2025-09-12,2026-03-31,201,201,1.0
71830319,2025-12-03,2026-03-31,119,119,1.0
71830325,2025-01-01,2026-03-31,455,455,1.0
71830326,2025-01-01,2025-09-12,255,255,1.0
71830329,2025-01-01,2025-05-26,146,146,1.0
71830330,2025-10-15,2026-03-31,168,168,1.0
71830331,2026-03-26,2026-03-27,2,2,1.0
71830336,2025-07-28,2026-03-31,247,247,1.0
71830288,2026-03-26,2026-03-27,2,2,1.0
71830291,2026-02-19,2026-03-31,41,41,1.0
71830293,2026-02-19,2026-03-31,41,41,1.0
71830298,2025-01-01,2026-03-31,455,455,1.0
71830300,2026-01-22,2026-03-31,69,69,1.0
71830310,2026-03-13,2026-03-31,19,19,1.0
71930025,2025-12-01,2026-03-31,121,121,1.0
71930028,2025-10-31,2026-03-31,152,152,1.0
71930029,2025-10-31,2026-03-31,152,152,1.0
71930031,2025-11-25,2026-03-31,127,127,1.0
71930035,2025-10-09,2025-12-19,72,72,1.0
71930037,2025-11-25,2026-03-31,127,127,1.0
71930038,2025-11-25,2026-03-31,127,127,1.0
71930011,2025-11-25,2026-03-25,121,121,1.0
71930013,2025-10-31,2026-01-05,67,67,1.0
71930016,2025-11-25,2026-03-31,127,127,1.0
71930017,2025-01-01,2026-03-31,455,455,1.0
71930019,2025-10-31,2026-03-31,152,152,1.0
71930021,2025-10-10,2026-03-31,173,173,1.0
71930004,2025-11-25,2026-03-31,127,127,1.0
71930005,2025-12-10,2026-03-31,112,112,1.0
71930007,2025-12-10,2026-03-31,112,112,1.0
71830490,2026-01-21,2026-03-31,70,70,1.0
71830512,2026-01-21,2026-03-31,70,70,1.0
71830513,2025-01-01,2026-03-31,455,455,1.0
71830526,2025-01-01,2025-09-12,255,255,1.0
71830581,2026-03-26,2026-03-27,2,2,1.0
71830608,2025-01-01,2026-01-16,381,381,1.0
700465752,2025-01-01,2026-03-31,455,455,1.0
700465792,2025-01-01,2026-03-31,455,455,1.0
700465801,2025-01-01,2026-03-31,455,455,1.0
700465802,2025-01-01,2026-03-31,455,455,1.0
700465830,2025-09-06,2026-03-31,207,207,1.0
700465605,2025-10-03,2026-03-31,180,180,1.0
700465645,2025-10-23,2026-03-31,160,160,1.0
700465657,2025-01-01,2025-09-02,245,245,1.0
700465715,2025-01-01,2026-03-31,455,455,1.0
700465716,2025-01-01,2026-03-31,455,455,1.0
700465279,2025-01-01,2026-03-31,455,455,1.0
700465434,2025-06-26,2025-09-10,77,77,1.0
700465439,2025-01-01,2026-03-31,455,455,1.0
700465463,2025-01-01,2026-03-31,455,455,1.0
700465475,2025-01-01,2026-03-31,455,455,1.0
700465491,2025-01-01,2025-09-12,255,255,1.0
700465589,2025-01-01,2025-09-12,255,255,1.0
700465157,2025-01-01,2026-03-31,455,455,1.0
700465178,2025-10-16,2026-01-05,82,82,1.0
700465182,2025-01-01,2025-09-12,255,255,1.0
700465208,2025-12-22,2026-03-31,100,100,1.0
700465221,2025-01-01,2025-09-12,255,255,1.0
700465258,2025-01-01,2025-09-12,255,255,1.0
71930071,2025-11-17,2026-03-31,135,135,1.0
71930072,2025-12-10,2026-03-31,112,112,1.0
71930073,2025-11-25,2026-03-31,127,127,1.0
71930074,2025-11-21,2026-03-31,131,131,1.0
71930075,2025-11-21,2026-03-31,131,131,1.0
71930076,2025-01-01,2026-03-31,455,455,1.0
71930081,2025-01-01,2026-03-31,455,455,1.0
71930060,2026-03-26,2026-03-27,2,2,1.0
71930064,2025-11-21,2026-03-31,131,131,1.0
71930065,2025-01-01,2026-03-31,455,455,1.0
71930066,2025-12-18,2026-03-31,104,104,1.0
71930067,2025-11-21,2026-03-31,131,131,1.0
71930069,2025-11-25,2026-03-31,127,127,1.0
71930070,2025-12-17,2026-03-31,105,105,1.0
71930052,2025-11-21,2026-03-31,131,131,1.0
71930053,2025-11-25,2026-03-31,127,127,1.0
71930054,2026-01-19,2026-03-31,72,72,1.0
71930055,2025-12-10,2026-03-31,112,112,1.0
71930056,2026-03-26,2026-03-27,2,2,1.0
71930057,2025-12-10,2026-03-31,112,112,1.0
71930058,2025-12-10,2026-03-31,112,112,1.0
71930041,2025-11-25,2026-03-31,127,127,1.0
71930042,2025-10-31,2026-03-31,152,152,1.0
71930044,2025-11-14,2026-03-31,138,138,1.0
71930048,2025-12-01,2026-03-31,121,121,1.0
71930049,2025-12-16,2026-03-31,106,106,1.0
71930050,2025-11-25,2026-03-31,127,127,1.0
71930121,2025-12-24,2026-03-31,98,98,1.0
71930122,2025-12-11,2026-03-31,111,111,1.0
71930123,2025-12-30,2026-03-31,92,92,1.0
71930126,2025-10-10,2025-12-23,75,75,1.0
71930127,2025-10-10,2025-12-21,73,73,1.0
71930107,2025-12-08,2026-03-29,112,112,1.0
71930112,2025-06-24,2026-03-31,281,281,1.0
71930115,2025-12-09,2026-03-31,113,113,1.0
71930116,2025-12-18,2026-03-31,104,104,1.0
71930117,2025-12-18,2026-03-29,102,102,1.0
71930118,2025-12-18,2026-03-29,102,102,1.0
71930119,2025-12-18,2026-03-31,104,104,1.0
71930120,2025-12-18,2026-03-29,102,102,1.0
71930097,2025-12-12,2026-03-31,110,110,1.0
71930098,2025-11-18,2026-03-31,134,134,1.0
71930100,2025-11-18,2026-03-31,134,134,1.0
71930102,2025-12-17,2026-03-29,103,103,1.0
71930103,2025-12-19,2026-03-31,103,103,1.0
71930082,2025-12-03,2026-03-31,119,119,1.0
71930085,2025-12-10,2026-03-31,112,112,1.0
71930087,2025-01-01,2026-03-31,455,455,1.0
71930089,2025-12-03,2026-03-31,119,119,1.0
71930093,2025-12-03,2026-03-31,119,119,1.0
71930094,2025-10-10,2026-03-31,173,173,1.0
71930095,2025-01-02,2025-01-02,1,1,1.0
71930264,2025-07-08,2026-03-31,267,267,1.0
71930268,2025-12-10,2026-03-31,112,112,1.0
71930272,2025-11-25,2026-03-31,127,127,1.0
71930274,2025-11-25,2026-03-31,127,127,1.0
71930276,2025-01-01,2026-03-31,455,455,1.0
71930297,2025-11-25,2026-03-31,127,127,1.0
71930298,2025-10-07,2026-03-31,176,176,1.0
71930168,2025-11-25,2026-03-31,127,127,1.0
71930169,2025-01-01,2025-01-31,31,31,1.0
71930186,2025-11-25,2026-03-31,127,127,1.0
71930249,2025-12-18,2026-03-31,104,104,1.0
71930256,2025-12-10,2026-03-31,112,112,1.0
71930257,2025-12-16,2026-03-31,106,106,1.0
71930148,2025-11-25,2026-03-31,127,127,1.0
71930149,2025-10-22,2026-03-31,161,161,1.0
71930150,2025-12-15,2026-03-31,107,107,1.0
71930154,2025-12-11,2026-03-31,111,111,1.0
71930155,2025-12-18,2026-03-29,102,102,1.0
71930161,2025-11-25,2026-03-31,127,127,1.0
71930162,2025-10-09,2026-03-31,174,174,1.0
71930167,2025-12-04,2026-03-31,118,118,1.0
71930132,2025-12-01,2026-03-31,121,121,1.0
71930137,2026-03-26,2026-03-27,2,2,1.0
71930138,2025-11-25,2026-03-31,127,127,1.0
71930144,2025-12-10,2026-03-31,112,112,1.0
71930146,2025-01-01,2026-03-31,455,455,1.0
700464833,2025-01-01,2025-09-12,255,255,1.0
700464881,2025-01-01,2026-03-31,455,455,1.0
700464884,2025-01-01,2025-09-12,255,255,1.0
700464912,2026-01-06,2026-03-29,83,83,1.0
700464976,2026-01-19,2026-03-31,72,72,1.0
700465120,2026-03-26,2026-03-27,2,2,1.0
700464581,2025-01-01,2026-03-31,455,455,1.0
700464719,2025-01-01,2026-03-31,455,455,1.0
700464824,2025-01-01,2026-03-31,455,455,1.0
700463458,2026-03-26,2026-03-27,2,2,1.0
700464087,2026-01-14,2026-03-31,77,77,1.0
700464088,2025-09-06,2026-03-31,207,207,1.0
700464215,2025-01-01,2025-09-12,255,255,1.0
700464381,2025-09-10,2025-12-14,96,96,1.0
700444741,2025-01-01,2026-03-31,455,455,1.0
700444743,2025-01-01,2026-03-31,455,455,1.0
700462891,2025-07-28,2025-08-20,24,24,1.0
700463032,2025-01-01,2026-03-31,455,455,1.0
700463076,2026-03-26,2026-03-27,2,2,1.0
700463134,2025-07-28,2025-08-20,24,24,1.0
71940216,2025-11-25,2026-03-31,127,127,1.0
71940217,2025-10-10,2026-03-31,173,173,1.0
71940218,2025-12-10,2026-03-31,112,112,1.0
71940219,2025-11-25,2026-03-31,127,127,1.0
71940220,2025-11-25,2026-03-31,127,127,1.0
71940222,2025-10-07,2026-03-31,176,176,1.0
71940233,2025-11-17,2026-03-31,135,135,1.0
71940237,2025-12-04,2026-03-31,118,118,1.0
71940199,2025-01-01,2026-03-31,455,455,1.0
71940200,2025-12-09,2026-03-31,113,113,1.0
71940203,2025-12-09,2026-03-31,113,113,1.0
71940207,2025-12-10,2026-03-31,112,112,1.0
71940214,2025-11-08,2026-03-31,144,144,1.0
71940215,2025-11-21,2026-03-31,131,131,1.0
71940033,2025-10-31,2026-03-31,152,152,1.0
71940042,2025-10-31,2026-03-31,152,152,1.0
71940045,2025-11-25,2026-03-31,127,127,1.0
71940157,2025-12-17,2026-03-31,105,105,1.0
71930324,2025-11-25,2026-03-31,127,127,1.0
71930330,2026-03-26,2026-03-27,2,2,1.0
71940030,2025-10-31,2026-03-31,152,152,1.0
71940032,2025-10-31,2026-03-31,152,152,1.0
72030009,2025-11-18,2026-03-31,134,134,1.0
72030017,2025-01-01,2026-03-31,455,455,1.0
72030018,2025-01-01,2026-03-31,455,455,1.0
72030020,2025-11-18,2026-03-31,134,134,1.0
72030021,2025-10-01,2026-03-31,182,182,1.0
71940476,2025-01-01,2026-03-31,455,455,1.0
71940484,2025-01-01,2026-03-31,455,455,1.0
72030001,2025-11-18,2026-03-31,134,134,1.0
72030002,2025-11-25,2026-03-31,127,127,1.0
72030003,2025-11-25,2026-03-31,127,127,1.0
72030004,2025-10-01,2026-03-31,182,182,1.0
72030005,2025-09-06,2026-03-31,207,207,1.0
72030006,2025-09-06,2026-03-31,207,207,1.0
71940347,2025-10-14,2026-03-31,169,169,1.0
71940416,2025-12-16,2026-03-31,106,106,1.0
71940434,2025-01-01,2026-03-31,455,455,1.0
71940465,2025-01-01,2025-09-24,267,267,1.0
71940467,2025-01-01,2026-03-31,455,455,1.0
71940475,2025-01-01,2025-09-12,255,255,1.0
71940250,2025-06-24,2026-03-31,281,281,1.0
71940252,2025-12-18,2026-03-31,104,104,1.0
71940258,2025-10-10,2025-12-29,81,81,1.0
71940264,2025-10-31,2026-03-31,152,152,1.0
71940266,2025-10-10,2026-03-31,173,173,1.0
71940282,2025-11-17,2026-03-31,135,135,1.0
71940283,2025-11-17,2026-03-31,135,135,1.0
72030061,2025-11-07,2026-03-31,145,145,1.0
72030062,2025-11-18,2026-03-31,134,134,1.0
72030070,2025-11-05,2026-03-31,147,147,1.0
72030087,2025-10-01,2026-03-31,182,182,1.0
72030090,2025-10-01,2026-03-31,182,182,1.0
72030091,2025-10-01,2026-03-31,182,182,1.0
72030042,2025-10-01,2026-03-31,182,182,1.0
72030044,2025-11-18,2026-03-31,134,134,1.0
72030050,2025-11-18,2026-03-18,121,121,1.0
72030052,2025-11-07,2026-03-31,145,145,1.0
72030053,2025-11-25,2026-03-31,127,127,1.0
72030055,2025-11-25,2026-03-31,127,127,1.0
72030056,2025-11-07,2026-03-31,145,145,1.0
72030057,2025-12-18,2026-03-31,104,104,1.0
72030030,2025-09-06,2026-03-31,207,207,1.0
72030032,2025-11-18,2026-03-31,134,134,1.0
72030033,2025-09-11,2026-03-31,202,202,1.0
72030035,2025-01-01,2026-03-31,455,455,1.0
72030041,2025-11-19,2026-03-31,133,133,1.0
72030022,2025-09-06,2026-03-31,207,207,1.0
72030023,2025-09-12,2026-03-31,201,201,1.0
72030024,2025-09-12,2026-03-31,201,201,1.0
72030025,2025-11-18,2026-03-31,134,134,1.0
72030026,2025-09-06,2026-03-31,207,207,1.0
72030027,2025-11-18,2026-03-31,134,134,1.0
72030028,2025-11-18,2026-03-31,134,134,1.0
72030029,2025-10-01,2026-03-31,182,182,1.0
72030170,2025-11-05,2026-03-31,147,147,1.0
72030171,2025-11-25,2026-03-31,127,127,1.0
72030173,2025-11-05,2026-03-31,147,147,1.0
72030206,2025-11-10,2026-03-09,120,120,1.0
72030208,2025-11-05,2026-03-31,147,147,1.0
72030211,2025-11-05,2026-03-31,147,147,1.0
72030139,2025-11-25,2026-03-31,127,127,1.0
72030141,2025-11-18,2026-03-31,134,134,1.0
72030142,2025-10-01,2026-03-31,182,182,1.0
72030148,2025-11-25,2026-03-31,127,127,1.0
72030153,2025-11-05,2026-03-31,147,147,1.0
72030154,2025-11-05,2026-03-31,147,147,1.0
72030127,2025-11-25,2026-03-31,127,127,1.0
72030132,2025-11-05,2026-03-31,147,147,1.0
72030134,2025-09-12,2026-03-31,201,201,1.0
72030137,2025-11-18,2026-03-31,134,134,1.0
72030138,2025-11-25,2026-03-31,127,127,1.0
72030092,2025-11-25,2026-03-31,127,127,1.0
72030093,2025-11-18,2026-03-31,134,134,1.0
72030094,2025-10-01,2026-03-31,182,182,1.0
72030095,2025-11-18,2026-03-31,134,134,1.0
72030107,2025-11-25,2026-03-31,127,127,1.0
72030124,2025-11-18,2026-03-31,134,134,1.0
700444723,2025-01-01,2026-03-31,455,455,1.0
700444731,2025-01-01,2026-03-31,455,455,1.0
700444732,2025-01-01,2026-03-31,455,455,1.0
700444733,2025-12-22,2026-03-31,100,100,1.0
700444734,2026-01-13,2026-03-31,78,78,1.0
700444740,2026-02-12,2026-03-31,48,48,1.0
700444630,2026-02-22,2026-03-31,38,38,1.0
700444632,2025-01-01,2026-03-31,455,455,1.0
700444675,2025-06-14,2026-03-31,291,291,1.0
700444676,2025-01-01,2026-03-31,455,455,1.0
700444713,2026-02-02,2026-03-31,58,58,1.0
700444718,2025-01-01,2026-03-31,455,455,1.0
700444450,2025-01-01,2026-03-31,455,455,1.0
700444517,2025-01-01,2026-03-31,455,455,1.0
700444522,2026-02-26,2026-03-31,34,34,1.0
700444625,2026-03-26,2026-03-27,2,2,1.0
700444626,2025-01-01,2026-03-14,438,438,1.0
700444233,2025-01-06,2025-01-06,1,1,1.0
700444236,2025-01-02,2025-06-17,167,167,1.0
700444238,2025-01-01,2026-03-31,455,455,1.0
700444298,2025-01-01,2026-03-31,455,455,1.0
700444326,2025-01-01,2026-03-31,455,455,1.0
700444358,2025-07-28,2025-08-20,24,24,1.0
700444361,2025-01-01,2026-03-31,455,455,1.0
700444362,2025-02-28,2026-03-31,397,397,1.0
72030281,2025-11-07,2026-03-31,145,145,1.0
72030282,2025-11-25,2026-03-31,127,127,1.0
72030283,2025-11-07,2026-03-31,145,145,1.0
72030284,2025-10-16,2026-03-31,167,167,1.0
72030286,2025-11-09,2026-03-31,143,143,1.0
72030288,2025-11-25,2026-03-31,127,127,1.0
72030291,2025-11-25,2026-03-31,127,127,1.0
72030261,2025-11-25,2026-03-31,127,127,1.0
72030265,2025-11-25,2026-03-31,127,127,1.0
72030266,2025-11-06,2026-03-31,146,146,1.0
72030267,2025-11-06,2026-03-31,146,146,1.0
72030244,2025-11-18,2026-03-31,134,134,1.0
72030245,2025-11-18,2026-03-31,134,134,1.0
72030247,2025-11-18,2026-03-31,134,134,1.0
72030250,2025-11-25,2026-03-31,127,127,1.0
72030254,2025-11-05,2026-03-31,147,147,1.0
72030255,2025-11-05,2026-03-31,147,147,1.0
72030257,2025-11-06,2026-03-31,146,146,1.0
72030259,2025-11-25,2026-03-31,127,127,1.0
72030218,2025-11-25,2026-03-14,110,110,1.0
72030219,2025-11-05,2026-03-31,147,147,1.0
72030227,2025-11-25,2026-03-31,127,127,1.0
72030236,2025-11-25,2026-03-31,127,127,1.0
72030240,2025-09-30,2026-03-31,183,183,1.0
72030242,2025-09-30,2026-03-31,183,183,1.0
72030243,2025-11-18,2026-03-31,134,134,1.0
72030354,2025-11-25,2026-03-31,127,127,1.0
72030358,2025-11-18,2026-03-31,134,134,1.0
72030366,2025-10-01,2026-03-31,182,182,1.0
72030368,2025-11-18,2026-03-31,134,134,1.0
72030369,2025-09-12,2026-03-31,201,201,1.0
72030370,2025-11-18,2026-03-31,134,134,1.0
72030330,2025-11-18,2026-03-31,134,134,1.0
72030331,2025-11-18,2026-03-31,134,134,1.0
72030332,2025-11-18,2026-03-31,134,134,1.0
72030349,2025-11-05,2026-03-31,147,147,1.0
72030351,2025-11-25,2026-03-31,127,127,1.0
72030352,2025-11-06,2026-03-31,146,146,1.0
72030353,2025-11-25,2026-03-31,127,127,1.0
72030312,2025-09-30,2026-03-31,183,183,1.0
72030313,2025-11-18,2026-03-31,134,134,1.0
72030314,2026-01-13,2026-03-31,78,78,1.0
72030322,2025-11-18,2026-03-31,134,134,1.0
72030323,2025-11-25,2026-03-31,127,127,1.0
72030324,2025-09-30,2026-03-31,183,183,1.0
72030328,2025-11-18,2026-03-31,134,134,1.0
72030329,2025-09-30,2026-03-31,183,183,1.0
72030299,2025-09-30,2026-03-31,183,183,1.0
72030302,2025-11-18,2026-03-31,134,134,1.0
72030304,2025-11-18,2026-03-31,134,134,1.0
72030305,2025-09-30,2026-03-31,183,183,1.0
72030306,2025-11-25,2026-03-31,127,127,1.0
72030307,2025-09-30,2026-03-31,183,183,1.0
72030309,2025-11-18,2026-03-31,134,134,1.0
72030310,2025-09-30,2026-03-31,183,183,1.0
72040046,2025-11-07,2026-03-31,145,145,1.0
72040048,2025-11-07,2026-03-31,145,145,1.0
72040049,2025-11-25,2026-03-31,127,127,1.0
72040051,2025-01-01,2026-03-31,455,455,1.0
72040058,2025-01-01,2026-03-31,455,455,1.0
72040070,2025-01-01,2026-03-31,455,455,1.0
72040094,2025-01-01,2026-03-31,455,455,1.0
72040007,2025-11-18,2026-03-31,134,134,1.0
72040008,2025-11-18,2026-03-31,134,134,1.0
72040009,2025-11-18,2026-03-31,134,134,1.0
72040011,2025-09-09,2025-09-10,2,2,1.0
72040044,2025-11-25,2026-03-31,127,127,1.0
72030476,2025-01-01,2026-03-31,455,455,1.0
72040001,2025-10-10,2026-03-31,173,173,1.0
72040002,2025-10-10,2026-03-31,173,173,1.0
72040003,2025-09-09,2025-09-10,2,2,1.0
72040004,2025-10-10,2026-03-31,173,173,1.0
72040005,2025-09-12,2026-03-31,201,201,1.0
72040006,2025-10-10,2026-03-31,173,173,1.0
72030371,2025-11-18,2026-03-31,134,134,1.0
72030393,2025-11-25,2026-03-31,127,127,1.0
72030400,2025-11-25,2026-03-31,127,127,1.0
72030438,2025-01-01,2026-03-31,455,455,1.0
72030439,2025-10-17,2026-03-31,166,166,1.0
72240003,2025-01-01,2026-02-13,409,409,1.0
72240008,2026-03-26,2026-03-27,2,2,1.0
72240010,2025-01-01,2026-03-31,455,455,1.0
72240011,2025-01-01,2026-03-31,455,455,1.0
72240012,2026-02-13,2026-03-31,47,47,1.0
72240014,2026-02-25,2026-03-31,35,35,1.0
72130207,2025-09-06,2026-03-31,207,207,1.0
72130223,2025-01-01,2026-03-31,455,455,1.0
72221397,2025-06-12,2026-03-31,293,293,1.0
72221522,2026-02-16,2026-03-31,44,44,1.0
72224283,2026-01-22,2026-03-31,69,69,1.0
72240001,2025-01-01,2026-03-31,455,455,1.0
72130093,2025-03-13,2025-03-13,1,1,1.0
72130131,2025-10-10,2025-11-27,49,49,1.0
72130132,2025-01-01,2026-03-31,455,455,1.0
72130164,2025-01-01,2026-03-31,455,455,1.0
72130171,2025-07-01,2025-09-12,74,74,1.0
72130032,2025-05-15,2025-09-12,121,121,1.0
72130045,2025-09-10,2026-03-31,203,203,1.0
72130051,2026-03-26,2026-03-27,2,2,1.0
72130066,2025-10-10,2025-12-10,62,62,1.0
72130074,2025-01-01,2025-11-28,332,332,1.0
72130076,2025-09-10,2026-03-31,203,203,1.0
72240082,2026-01-29,2026-01-29,1,1,1.0
72240091,2025-01-01,2026-03-31,455,455,1.0
72240092,2025-01-01,2026-03-31,455,455,1.0
72240102,2026-03-24,2026-03-31,8,8,1.0
72240105,2026-03-24,2026-03-31,8,8,1.0
72240109,2025-01-01,2026-03-31,455,455,1.0
72240112,2026-02-26,2026-03-31,34,34,1.0
72240054,2026-02-25,2026-03-31,35,35,1.0
72240063,2026-02-25,2026-03-31,35,35,1.0
72240065,2025-07-29,2026-03-31,246,246,1.0
72240067,2026-02-12,2026-03-31,48,48,1.0
72240070,2025-01-01,2025-11-07,311,311,1.0
72240071,2026-02-13,2026-03-31,47,47,1.0
72240073,2026-02-13,2026-03-31,47,47,1.0
72240081,2026-01-22,2026-03-31,69,69,1.0
72240033,2026-02-12,2026-03-31,48,48,1.0
72240035,2026-02-13,2026-03-31,47,47,1.0
72240036,2026-02-25,2026-03-31,35,35,1.0
72240038,2026-02-12,2026-03-31,48,48,1.0
72240042,2026-03-26,2026-03-27,2,2,1.0
72240050,2025-01-01,2026-03-31,455,455,1.0
72240051,2025-01-01,2026-03-31,455,455,1.0
72240053,2026-02-19,2026-03-31,41,41,1.0
72240017,2025-06-10,2026-03-31,295,295,1.0
72240020,2025-01-01,2026-03-31,455,455,1.0
72240021,2025-01-01,2025-06-17,168,168,1.0
72240024,2026-01-22,2026-03-31,69,69,1.0
72240026,2026-01-22,2026-03-31,69,69,1.0
72240027,2025-01-01,2026-03-31,455,455,1.0
72240028,2026-01-22,2026-03-31,69,69,1.0
72240030,2025-01-01,2026-03-31,455,455,1.0
700443587,2025-01-01,2026-03-31,455,455,1.0
700443746,2025-01-01,2026-03-31,455,455,1.0
700444042,2025-01-01,2026-03-31,455,455,1.0
700444044,2026-01-12,2026-03-31,79,79,1.0
700444178,2025-01-01,2026-03-31,455,455,1.0
700444180,2025-01-01,2026-03-31,455,455,1.0
700444182,2025-09-06,2026-03-31,207,207,1.0
700443409,2025-01-01,2026-03-31,455,455,1.0
700443467,2025-01-01,2026-03-31,455,455,1.0
700443471,2025-01-01,2026-03-31,455,455,1.0
700443568,2025-01-01,2026-03-31,455,455,1.0
700443571,2025-01-01,2026-03-31,455,455,1.0
700443363,2025-01-01,2026-03-31,455,455,1.0
700443368,2026-03-26,2026-03-27,2,2,1.0
700443382,2025-01-01,2026-03-31,455,455,1.0
700443385,2025-01-01,2026-03-31,455,455,1.0
700443386,2026-02-02,2026-03-31,58,58,1.0
700443405,2025-06-17,2026-03-31,288,288,1.0
700443406,2025-01-01,2026-03-31,455,455,1.0
700441525,2025-01-01,2026-03-31,455,455,1.0
700442830,2025-01-01,2026-03-31,455,455,1.0
700443243,2025-01-01,2026-03-31,455,455,1.0
700443244,2025-01-01,2026-03-31,455,455,1.0
700443245,2025-01-01,2026-03-31,455,455,1.0
700443359,2025-01-01,2026-03-31,455,455,1.0
700443362,2025-09-10,2025-11-15,67,67,1.0
72240201,2026-03-23,2026-03-31,9,9,1.0
72240218,2026-02-13,2026-03-31,47,47,1.0
72240219,2026-03-26,2026-03-27,2,2,1.0
72240221,2026-02-27,2026-03-31,33,33,1.0
72240223,2025-06-24,2025-09-10,79,79,1.0
72240224,2025-01-01,2026-03-31,455,455,1.0
72240184,2025-01-01,2025-08-25,237,237,1.0
72240185,2025-01-01,2026-02-16,412,412,1.0
72240186,2026-02-18,2026-03-31,42,42,1.0
72240189,2025-01-01,2025-09-12,255,255,1.0
72240190,2025-08-01,2025-09-10,41,41,1.0
72240191,2026-03-25,2026-03-31,7,7,1.0
72240192,2026-03-25,2026-03-31,7,7,1.0
72240198,2026-03-26,2026-03-27,2,2,1.0
72240156,2026-03-24,2026-03-31,8,8,1.0
72240157,2025-01-01,2025-09-12,255,255,1.0
72240158,2026-03-25,2026-03-31,7,7,1.0
72240163,2025-06-24,2026-03-31,281,281,1.0
72240164,2025-06-24,2026-03-31,281,281,1.0
72240165,2026-03-25,2026-03-31,7,7,1.0
72240168,2026-03-25,2026-03-31,7,7,1.0
72240171,2025-11-17,2026-03-31,135,135,1.0
72240113,2025-01-01,2026-03-31,455,455,1.0
72240114,2025-01-01,2026-03-31,455,455,1.0
72240117,2025-01-01,2026-03-31,455,455,1.0
72240135,2026-02-26,2026-03-31,34,34,1.0
72240136,2026-02-26,2026-03-31,34,34,1.0
72240154,2026-03-23,2026-03-31,9,9,1.0
72240155,2025-01-01,2026-03-31,455,455,1.0
72240353,2025-01-01,2026-03-31,455,455,1.0
72240354,2026-02-26,2026-03-31,34,34,1.0
72240355,2026-02-26,2026-03-31,34,34,1.0
72240356,2026-02-26,2026-03-31,34,34,1.0
72240690,2025-01-01,2026-03-31,455,455,1.0
72240805,2025-01-01,2025-09-12,255,255,1.0
72240820,2025-01-01,2026-03-31,455,455,1.0
72240291,2025-06-23,2026-03-31,282,282,1.0
72240292,2025-06-24,2025-11-05,135,135,1.0
72240297,2026-02-25,2026-03-31,35,35,1.0
72240298,2026-02-25,2026-03-31,35,35,1.0
72240299,2026-02-25,2026-03-31,35,35,1.0
72240300,2026-02-25,2026-03-31,35,35,1.0
72240351,2026-02-26,2026-03-31,34,34,1.0
72240352,2026-02-26,2026-03-31,34,34,1.0
72240263,2025-01-01,2026-03-31,455,455,1.0
72240264,2025-06-17,2026-03-31,288,288,1.0
72240266,2026-03-26,2026-03-27,2,2,1.0
72240268,2025-06-10,2025-06-17,8,8,1.0
72240283,2026-03-26,2026-03-27,2,2,1.0
72240285,2026-03-26,2026-03-27,2,2,1.0
72240288,2025-01-01,2026-03-31,455,455,1.0
72240240,2025-12-19,2026-03-31,103,103,1.0
72240242,2026-03-30,2026-03-31,2,2,1.0
72240243,2026-03-30,2026-03-31,2,2,1.0
72240248,2026-02-18,2026-03-31,42,42,1.0
72240253,2026-03-25,2026-03-31,7,7,1.0
72240255,2026-03-25,2026-03-31,7,7,1.0
72240262,2026-03-26,2026-03-27,2,2,1.0
72340070,2026-03-26,2026-03-27,2,2,1.0
72340073,2026-03-26,2026-03-27,2,2,1.0
72340081,2025-10-24,2026-03-31,159,159,1.0
72340085,2025-10-21,2026-03-29,160,160,1.0
72340086,2025-10-21,2026-03-31,162,162,1.0
72340152,2025-01-01,2026-03-31,455,455,1.0
72340173,2025-10-24,2026-03-31,159,159,1.0
72340016,2026-03-26,2026-03-27,2,2,1.0
72340025,2026-03-26,2026-03-27,2,2,1.0
72340027,2026-03-26,2026-03-27,2,2,1.0
72340038,2025-03-02,2025-06-17,108,108,1.0
72340043,2025-01-01,2026-03-31,455,455,1.0
72340044,2025-07-28,2025-08-20,24,24,1.0
72330010,2026-03-26,2026-03-27,2,2,1.0
72330014,2026-02-18,2026-03-31,42,42,1.0
72330031,2026-03-26,2026-03-27,2,2,1.0
72330052,2026-02-18,2026-03-31,42,42,1.0
72330067,2026-02-18,2026-03-31,42,42,1.0
72330068,2025-01-01,2026-03-31,455,455,1.0
72330069,2025-01-01,2026-03-31,455,455,1.0
72240822,2025-05-28,2025-05-28,1,1,1.0
72240842,2025-01-01,2026-03-31,455,455,1.0
72240843,2025-01-01,2026-03-31,455,455,1.0
72240854,2025-01-01,2026-03-31,455,455,1.0
72240867,2025-01-01,2026-03-31,455,455,1.0
72240881,2025-01-01,2026-03-31,455,455,1.0
72430021,2025-11-25,2026-03-31,127,127,1.0
72430025,2025-11-25,2026-03-31,127,127,1.0
72430026,2025-11-07,2026-03-31,145,145,1.0
72430027,2025-11-10,2026-03-31,142,142,1.0
72430028,2025-11-10,2026-03-31,142,142,1.0
72430010,2025-11-17,2026-03-31,135,135,1.0
72430011,2025-11-25,2026-03-31,127,127,1.0
72430012,2025-10-22,2026-03-31,161,161,1.0
72430013,2025-11-25,2026-03-31,127,127,1.0
72430015,2025-10-26,2026-03-31,157,157,1.0
72430016,2025-10-26,2026-03-31,157,157,1.0
72430017,2025-11-25,2026-03-31,127,127,1.0
72430018,2025-11-25,2026-03-31,127,127,1.0
72340360,2025-01-01,2026-03-31,455,455,1.0
72430002,2025-11-25,2026-03-31,127,127,1.0
72430003,2025-11-25,2026-03-31,127,127,1.0
72430004,2025-11-15,2026-03-31,137,137,1.0
72430006,2025-11-25,2026-03-31,127,127,1.0
72430008,2025-11-25,2026-03-31,127,127,1.0
72430009,2025-11-25,2026-03-31,127,127,1.0
72340176,2026-03-26,2026-03-27,2,2,1.0
72340178,2025-01-01,2026-03-31,455,455,1.0
72340181,2025-10-24,2026-03-31,159,159,1.0
72340212,2025-01-01,2025-12-11,345,345,1.0
72340258,2025-12-18,2026-03-31,104,104,1.0
72340309,2025-01-01,2026-03-31,455,455,1.0
72440081,2025-11-17,2026-03-31,135,135,1.0
72440083,2025-11-17,2026-03-31,135,135,1.0
72440087,2025-11-21,2026-03-31,131,131,1.0
72440089,2025-10-24,2026-03-31,159,159,1.0
72440090,2025-11-25,2026-03-31,127,127,1.0
72440091,2025-11-16,2026-03-31,136,136,1.0
72440092,2025-11-16,2026-03-31,136,136,1.0
72440008,2025-01-01,2026-03-31,455,455,1.0
72440019,2025-11-25,2026-03-31,127,127,1.0
72440074,2025-11-20,2026-03-31,132,132,1.0
72440075,2025-11-20,2026-03-31,132,132,1.0
72440076,2025-11-25,2026-03-31,127,127,1.0
72440079,2025-11-21,2026-03-31,131,131,1.0
72440080,2025-09-25,2026-03-31,188,188,1.0
72430218,2025-11-25,2026-03-31,127,127,1.0
72430220,2025-09-07,2026-03-31,206,206,1.0
72430222,2025-12-12,2026-03-31,110,110,1.0
72430223,2025-11-10,2026-03-31,142,142,1.0
72430226,2025-09-26,2026-03-31,187,187,1.0
72440001,2025-11-19,2026-03-31,133,133,1.0
72440004,2025-11-25,2026-03-31,127,127,1.0
72430030,2025-11-25,2026-03-31,127,127,1.0
72430031,2025-11-25,2026-03-31,127,127,1.0
72430032,2025-11-25,2026-03-31,127,127,1.0
72430033,2025-11-25,2026-03-31,127,127,1.0
72430034,2025-11-08,2026-03-31,144,144,1.0
72430035,2025-11-17,2026-03-31,135,135,1.0
72430216,2025-11-25,2026-03-31,127,127,1.0
72430217,2025-11-25,2026-03-31,127,127,1.0
700441177,2025-01-01,2026-03-31,455,455,1.0
700441346,2025-01-01,2026-03-31,455,455,1.0
700441347,2025-01-01,2026-03-31,455,455,1.0
700441378,2025-01-01,2026-03-31,455,455,1.0
700441421,2025-01-01,2026-03-31,455,455,1.0
700441074,2025-09-26,2025-11-18,54,54,1.0
700441139,2025-01-01,2025-07-25,206,206,1.0
700441140,2025-01-01,2026-03-31,455,455,1.0
700441148,2025-01-01,2026-03-31,455,455,1.0
700441149,2025-01-01,2026-03-31,455,455,1.0
700441175,2025-01-01,2026-03-31,455,455,1.0
700438023,2025-01-01,2026-03-31,455,455,1.0
700438237,2025-01-01,2026-03-31,455,455,1.0
700438238,2025-01-01,2026-03-31,455,455,1.0
700438247,2025-01-01,2026-03-31,455,455,1.0
700438262,2025-01-01,2026-03-31,455,455,1.0
700438263,2025-01-01,2026-03-31,455,455,1.0
700440971,2025-01-01,2026-03-31,455,455,1.0
700426619,2025-01-01,2026-03-31,455,455,1.0
700426635,2025-01-01,2026-03-31,455,455,1.0
700427015,2025-09-06,2025-12-08,94,94,1.0
700429558,2025-01-01,2026-03-31,455,455,1.0
700437602,2025-01-01,2026-03-31,455,455,1.0
700437826,2025-01-16,2026-03-31,440,440,1.0
72540016,2026-03-26,2026-03-31,6,6,1.0
72540017,2026-03-23,2026-03-31,9,9,1.0
72540018,2026-03-09,2026-03-31,23,23,1.0
72540019,2026-03-23,2026-03-31,9,9,1.0
72540020,2026-03-23,2026-03-31,9,9,1.0
72540021,2026-03-23,2026-03-31,9,9,1.0
72540022,2026-03-09,2026-03-31,23,23,1.0
72540023,2026-03-23,2026-03-31,9,9,1.0
72440262,2025-01-01,2026-03-31,455,455,1.0
72440266,2025-01-01,2026-03-31,455,455,1.0
72540013,2026-03-26,2026-03-27,2,2,1.0
72540014,2026-03-26,2026-03-31,6,6,1.0
72540015,2026-03-26,2026-03-27,2,2,1.0
72440108,2025-11-16,2026-03-31,136,136,1.0
72440202,2025-11-25,2026-03-31,127,127,1.0
72440203,2025-11-15,2026-03-31,137,137,1.0
72440235,2025-11-25,2026-03-31,127,127,1.0
72440240,2025-11-12,2026-03-31,140,140,1.0
72440258,2025-01-01,2026-03-31,455,455,1.0
72440093,2025-11-25,2026-03-31,127,127,1.0
72440094,2025-11-25,2026-03-31,127,127,1.0
72440100,2026-03-26,2026-03-27,2,2,1.0
72440102,2025-11-21,2026-03-31,131,131,1.0
72440106,2025-11-25,2026-03-31,127,127,1.0
72440107,2025-11-12,2026-03-31,140,140,1.0
72540118,2025-02-19,2026-03-31,406,406,1.0
72540137,2026-03-23,2026-03-31,9,9,1.0
72540141,2026-03-26,2026-03-27,2,2,1.0
72540142,2026-03-30,2026-03-31,2,2,1.0
72540143,2025-10-10,2026-03-31,173,173,1.0
72540145,2026-03-06,2026-03-31,26,26,1.0
72540146,2026-03-06,2026-03-31,26,26,1.0
72540147,2026-03-26,2026-03-27,2,2,1.0
72540087,2026-03-04,2026-03-31,28,28,1.0
72540102,2025-04-18,2026-03-30,347,347,1.0
72540104,2025-04-17,2025-06-17,62,62,1.0
72540106,2026-03-04,2026-03-31,28,28,1.0
72540110,2026-03-26,2026-03-27,2,2,1.0
72540111,2026-03-26,2026-03-31,6,6,1.0
72540113,2025-06-24,2025-09-10,79,79,1.0
72540116,2025-01-01,2026-03-31,455,455,1.0
72540040,2026-03-12,2026-03-31,20,20,1.0
72540048,2026-03-26,2026-03-31,6,6,1.0
72540050,2026-03-26,2026-03-27,2,2,1.0
72540053,2026-03-23,2026-03-31,9,9,1.0
72540066,2026-03-11,2026-03-31,21,21,1.0
72540069,2025-10-02,2026-03-31,181,181,1.0
72540082,2026-03-04,2026-03-31,28,28,1.0
72540085,2026-03-04,2026-03-31,28,28,1.0
72540026,2026-03-26,2026-03-27,2,2,1.0
72540027,2026-03-23,2026-03-31,9,9,1.0
72540028,2026-03-26,2026-03-27,2,2,1.0
72540032,2026-03-09,2026-03-31,23,23,1.0
72540034,2025-01-01,2026-03-31,455,455,1.0
72540036,2026-03-26,2026-03-27,2,2,1.0
72540038,2026-03-26,2026-03-27,2,2,1.0
72540039,2026-03-23,2026-03-31,9,9,1.0
72630285,2025-01-01,2026-03-31,455,455,1.0
72630318,2025-01-01,2026-03-31,455,455,1.0
72630329,2025-05-28,2025-05-28,1,1,1.0
72630341,2025-07-29,2026-03-31,246,246,1.0
72640004,2026-03-27,2026-03-31,5,5,1.0
72640006,2025-01-01,2026-03-31,455,455,1.0
72640007,2025-01-01,2026-03-31,455,455,1.0
72540178,2026-03-30,2026-03-31,2,2,1.0
72540184,2025-09-26,2026-03-31,187,187,1.0
72540187,2026-03-26,2026-03-27,2,2,1.0
72540197,2025-10-09,2026-03-31,174,174,1.0
72540231,2026-03-26,2026-03-31,6,6,1.0
72630128,2025-11-11,2025-11-24,14,14,1.0
72630140,2025-12-24,2026-03-31,98,98,1.0
72630143,2025-04-17,2026-03-31,349,349,1.0
72540160,2026-03-09,2026-03-31,23,23,1.0
72540161,2026-03-09,2026-03-31,23,23,1.0
72540166,2026-03-30,2026-03-31,2,2,1.0
72540170,2026-03-30,2026-03-31,2,2,1.0
72540171,2026-03-09,2026-03-31,23,23,1.0
72540172,2025-02-27,2026-03-31,398,398,1.0
72540173,2026-03-30,2026-03-31,2,2,1.0
72540177,2026-03-26,2026-03-27,2,2,1.0
72540148,2026-03-30,2026-03-31,2,2,1.0
72540150,2026-03-26,2026-03-27,2,2,1.0
72540151,2026-03-30,2026-03-31,2,2,1.0
72540152,2026-03-30,2026-03-31,2,2,1.0
72540153,2026-03-26,2026-03-27,2,2,1.0
72540155,2026-03-06,2026-03-31,26,26,1.0
72540156,2026-03-23,2026-03-31,9,9,1.0
72540158,2026-03-23,2026-03-31,9,9,1.0
72640656,2025-04-06,2025-06-17,73,73,1.0
72640662,2026-03-31,2026-03-31,1,1,1.0
72640766,2025-06-24,2025-09-10,79,79,1.0
72640774,2026-03-10,2026-03-31,22,22,1.0
72640777,2025-01-01,2026-03-31,455,455,1.0
72640779,2025-11-20,2026-03-31,132,132,1.0
72640780,2025-01-01,2026-03-31,455,455,1.0
72640790,2026-03-10,2026-03-31,22,22,1.0
72640161,2025-01-01,2025-06-17,168,168,1.0
72640500,2025-01-01,2026-03-31,455,455,1.0
72640508,2025-12-22,2026-03-31,100,100,1.0
72640529,2025-09-06,2026-03-31,207,207,1.0
72640536,2025-01-01,2026-03-31,455,455,1.0
72640052,2025-07-08,2025-09-09,64,64,1.0
72640055,2025-01-01,2026-03-31,455,455,1.0
72640056,2025-01-01,2025-07-25,206,206,1.0
72640100,2026-01-07,2026-01-07,1,1,1.0
72640109,2025-01-01,2025-09-12,255,255,1.0
72640013,2025-01-01,2026-03-31,455,455,1.0
72640020,2025-01-01,2026-03-31,455,455,1.0
72640031,2025-01-01,2025-06-17,168,168,1.0
72640032,2025-12-19,2026-03-31,103,103,1.0
72640034,2025-01-01,2025-07-26,207,207,1.0
72640044,2025-01-01,2026-03-31,455,455,1.0
72640047,2025-12-22,2026-03-31,100,100,1.0
72641365,2025-01-01,2026-03-31,455,455,1.0
72641435,2025-01-01,2026-03-31,455,455,1.0
72641461,2025-01-01,2026-03-31,455,455,1.0
72641465,2025-01-01,2026-03-31,455,455,1.0
72641474,2025-01-01,2026-03-31,455,455,1.0
72641483,2025-04-17,2026-03-31,349,349,1.0
72641489,2025-01-01,2026-03-31,455,455,1.0
72641226,2025-11-25,2026-03-31,127,127,1.0
72641236,2025-01-01,2026-03-31,455,455,1.0
72641288,2025-11-20,2026-03-31,132,132,1.0
72641302,2025-01-01,2026-03-31,455,455,1.0
72641352,2025-01-01,2026-03-31,455,455,1.0
72641360,2025-01-01,2025-09-12,255,255,1.0
72640822,2025-11-20,2026-03-31,132,132,1.0
72640835,2026-03-10,2026-03-31,22,22,1.0
72640892,2025-12-26,2026-03-31,96,96,1.0
72640944,2025-01-01,2026-03-31,455,455,1.0
72640797,2025-01-01,2026-03-31,455,455,1.0
72640802,2025-01-21,2025-06-17,148,148,1.0
72640804,2025-01-01,2026-03-31,455,455,1.0
72640805,2025-01-01,2025-06-17,168,168,1.0
72640815,2025-06-24,2025-09-10,79,79,1.0
72640820,2025-01-01,2025-06-17,168,168,1.0
700426484,2025-01-01,2026-03-31,455,455,1.0
700426486,2025-01-01,2026-03-31,455,455,1.0
700426502,2025-01-01,2026-03-31,455,455,1.0
700426504,2025-12-04,2026-03-31,118,118,1.0
700426515,2026-03-26,2026-03-27,2,2,1.0
700426520,2025-01-01,2026-03-31,455,455,1.0
700426528,2025-01-01,2026-03-31,455,455,1.0
700426539,2025-01-01,2026-03-31,455,455,1.0
700426125,2025-01-01,2026-03-31,455,455,1.0
700426147,2025-01-01,2026-03-31,455,455,1.0
700426159,2025-01-01,2026-03-31,455,455,1.0
700426160,2025-01-01,2026-03-31,455,455,1.0
700426202,2025-01-01,2026-03-31,455,455,1.0
700425201,2026-03-26,2026-03-27,2,2,1.0
700425301,2025-01-01,2026-03-31,455,455,1.0
700425522,2025-01-01,2026-03-31,455,455,1.0
700425527,2025-01-01,2026-03-31,455,455,1.0
700425982,2025-02-25,2026-03-31,400,400,1.0
700426097,2025-01-01,2026-03-31,455,455,1.0
700417021,2026-03-26,2026-03-27,2,2,1.0
700425115,2025-01-01,2026-03-31,455,455,1.0
700425121,2026-03-26,2026-03-27,2,2,1.0
700425150,2025-07-28,2025-08-19,23,23,1.0
700425166,2025-07-28,2025-08-20,24,24,1.0
700425175,2025-01-01,2026-03-31,455,455,1.0
700425181,2025-01-01,2026-03-31,455,455,1.0
72730388,2025-01-01,2026-03-31,455,455,1.0
72730392,2025-01-01,2026-03-31,455,455,1.0
72740003,2026-01-21,2026-03-31,70,70,1.0
72740012,2025-01-01,2026-03-31,455,455,1.0
72740020,2026-02-26,2026-03-31,34,34,1.0
72740023,2025-11-20,2026-03-31,132,132,1.0
72730346,2025-01-01,2026-03-31,455,455,1.0
72730347,2025-01-01,2025-07-27,208,208,1.0
72730351,2025-01-01,2026-03-31,455,455,1.0
72730385,2025-01-01,2026-03-31,455,455,1.0
72730387,2025-01-01,2026-03-31,455,455,1.0
72730260,2026-01-19,2026-03-31,72,72,1.0
72730261,2025-01-01,2026-03-31,455,455,1.0
72730288,2025-01-01,2026-03-31,455,455,1.0
72730303,2026-03-06,2026-03-31,26,26,1.0
72730307,2026-03-06,2026-03-31,26,26,1.0
72730322,2025-12-31,2026-03-31,91,91,1.0
72730331,2025-12-22,2026-01-27,37,37,1.0
72641491,2025-01-01,2026-03-31,455,455,1.0
72730025,2025-12-16,2026-03-11,86,86,1.0
72730056,2025-01-01,2026-03-31,455,455,1.0
72730130,2025-01-01,2026-03-31,455,455,1.0
72730136,2025-01-01,2026-03-31,455,455,1.0
72730213,2025-07-28,2025-08-20,24,24,1.0
72730224,2025-01-01,2025-06-17,168,168,1.0
72740775,2025-01-01,2026-03-31,455,455,1.0
72740785,2025-01-01,2026-03-31,455,455,1.0
72740864,2025-01-01,2026-03-31,455,455,1.0
72740951,2025-01-01,2026-03-31,455,455,1.0
72740953,2025-06-25,2025-09-10,78,78,1.0
72740964,2025-06-25,2026-03-31,280,280,1.0
72740382,2025-01-01,2026-03-31,455,455,1.0
72740408,2025-01-01,2026-03-31,455,455,1.0
72740508,2025-01-01,2026-03-31,455,455,1.0
72740566,2025-01-01,2026-03-31,455,455,1.0
72740602,2025-01-01,2026-03-31,455,455,1.0
72740605,2025-06-30,2026-03-31,275,275,1.0
72740764,2025-01-01,2026-03-31,455,455,1.0
72740055,2026-02-26,2026-03-31,34,34,1.0
72740107,2025-01-01,2026-03-31,455,455,1.0
72740320,2025-01-01,2025-09-12,255,255,1.0
72740329,2025-12-19,2026-03-31,103,103,1.0
72740330,2025-12-15,2026-03-31,107,107,1.0
72740336,2025-12-19,2026-03-31,103,103,1.0
72740355,2026-03-26,2026-03-27,2,2,1.0
72740028,2025-01-01,2025-09-12,255,255,1.0
72740030,2025-01-01,2025-10-07,280,280,1.0
72740031,2026-03-26,2026-03-27,2,2,1.0
72740032,2025-01-01,2026-03-31,455,455,1.0
72740040,2026-03-13,2026-03-31,19,19,1.0
72740045,2025-01-01,2026-01-08,373,373,1.0
72740054,2025-06-17,2025-09-10,86,86,1.0
72741179,2025-01-01,2026-03-31,455,455,1.0
72741184,2025-01-01,2026-03-31,455,455,1.0
72741186,2025-01-01,2026-03-31,455,455,1.0
72741190,2025-01-01,2026-03-31,455,455,1.0
72741192,2025-01-01,2026-03-31,455,455,1.0
72830002,2026-03-16,2026-03-31,16,16,1.0
72830003,2026-03-05,2026-03-31,27,27,1.0
72830004,2026-03-26,2026-03-27,2,2,1.0
72741108,2025-01-01,2026-03-31,455,455,1.0
72741146,2025-01-01,2026-03-31,455,455,1.0
72741147,2025-01-01,2026-03-31,455,455,1.0
72741158,2025-01-01,2026-03-31,455,455,1.0
72741159,2025-01-01,2026-03-31,455,455,1.0
72741166,2025-01-01,2026-03-31,455,455,1.0
72741173,2025-01-01,2026-03-31,455,455,1.0
72741175,2025-01-01,2026-03-31,455,455,1.0
72741030,2025-01-01,2026-03-31,455,455,1.0
72741034,2025-01-01,2026-03-31,455,455,1.0
72741057,2025-01-01,2025-09-12,255,255,1.0
72741092,2025-01-01,2026-03-31,455,455,1.0
72741093,2025-01-01,2026-03-31,455,455,1.0
72741097,2025-01-01,2026-03-31,455,455,1.0
72741103,2025-01-01,2026-03-31,455,455,1.0
72740965,2025-06-25,2025-09-10,78,78,1.0
72740966,2025-01-01,2026-03-31,455,455,1.0
72740978,2025-06-25,2025-09-10,78,78,1.0
72740999,2025-01-01,2025-09-12,255,255,1.0
72741000,2025-01-01,2026-03-31,455,455,1.0
72741022,2025-01-01,2026-03-31,455,455,1.0
72741023,2025-01-01,2026-03-31,455,455,1.0
72741024,2026-01-29,2026-03-31,62,62,1.0
72830098,2026-03-11,2026-03-31,21,21,1.0
72830128,2026-03-16,2026-03-31,16,16,1.0
72840001,2026-02-09,2026-03-31,51,51,1.0
72840004,2026-02-09,2026-03-31,51,51,1.0
72840024,2025-01-01,2026-03-31,455,455,1.0
72840031,2025-01-01,2026-03-31,455,455,1.0
72840043,2025-01-01,2026-03-31,455,455,1.0
72840044,2026-03-13,2026-03-31,19,19,1.0
72830081,2025-01-01,2026-03-31,455,455,1.0
72830090,2025-01-01,2026-03-31,455,455,1.0
72830097,2026-03-17,2026-03-31,15,15,1.0
72830051,2026-01-12,2026-03-31,79,79,1.0
72830052,2025-08-18,2026-03-31,226,226,1.0
72830066,2026-03-15,2026-03-31,17,17,1.0
72830071,2025-01-01,2026-03-31,455,455,1.0
72830074,2026-03-26,2026-03-27,2,2,1.0
72830006,2025-01-01,2026-03-31,455,455,1.0
72830014,2026-03-05,2026-03-31,27,27,1.0
72830016,2026-03-26,2026-03-27,2,2,1.0
72830018,2026-03-24,2026-03-31,8,8,1.0
72830024,2026-03-26,2026-03-27,2,2,1.0
72830028,2025-01-01,2026-03-31,455,455,1.0
72830036,2025-01-01,2026-03-31,455,455,1.0
72830047,2025-01-01,2026-03-31,455,455,1.0
700417006,2025-01-01,2025-02-16,47,47,1.0
700417007,2025-10-20,2026-03-31,163,163,1.0
700417008,2025-01-01,2026-03-31,455,455,1.0
700417012,2025-01-01,2026-03-31,455,455,1.0
700417015,2025-01-01,2026-03-31,455,455,1.0
700417019,2025-01-01,2026-03-31,455,455,1.0
700416969,2025-09-10,2026-03-31,203,203,1.0
700416972,2025-05-13,2026-03-31,323,323,1.0
700416976,2025-01-01,2026-03-31,455,455,1.0
700417003,2025-01-01,2026-03-31,455,455,1.0
700417004,2025-01-01,2026-03-31,455,455,1.0
700416914,2025-01-01,2026-03-31,455,455,1.0
700416917,2025-01-01,2026-03-31,455,455,1.0
700416938,2025-01-01,2026-03-31,455,455,1.0
700416942,2025-01-01,2026-03-31,455,455,1.0
700416873,2025-01-01,2026-03-31,455,455,1.0
700416883,2025-10-13,2026-03-31,170,170,1.0
700416908,2025-01-01,2026-03-31,455,455,1.0
72840187,2026-02-09,2026-03-31,51,51,1.0
72840188,2026-03-05,2026-03-31,27,27,1.0
72840203,2026-02-06,2026-03-31,54,54,1.0
72840204,2025-01-01,2026-03-31,455,455,1.0
72840205,2026-02-06,2026-03-31,54,54,1.0
72840224,2026-02-24,2026-03-31,36,36,1.0
72840160,2026-02-24,2026-03-31,36,36,1.0
72840163,2026-03-13,2026-03-31,19,19,1.0
72840164,2026-03-10,2026-03-31,22,22,1.0
72840167,2026-03-12,2026-03-31,20,20,1.0
72840173,2026-02-09,2026-03-31,51,51,1.0
72840180,2025-01-01,2026-03-31,455,455,1.0
72840186,2025-01-01,2025-02-28,59,59,1.0
72840124,2026-03-13,2026-03-31,19,19,1.0
72840141,2025-01-01,2026-03-31,455,455,1.0
72840144,2025-11-24,2026-03-31,128,128,1.0
72840145,2025-11-24,2026-03-31,128,128,1.0
72840148,2025-09-06,2026-03-31,207,207,1.0
72840156,2025-01-01,2026-03-31,455,455,1.0
72840158,2025-07-28,2025-08-19,23,23,1.0
72840045,2025-01-01,2026-03-31,455,455,1.0
72840060,2026-03-25,2026-03-31,7,7,1.0
72840061,2025-12-23,2026-03-31,99,99,1.0
72840062,2025-06-24,2025-09-07,76,76,1.0
72840063,2025-01-01,2025-01-10,10,10,1.0
72840064,2026-03-13,2026-03-31,19,19,1.0
72840089,2026-03-24,2026-03-31,8,8,1.0
72840113,2025-03-27,2026-03-31,370,370,1.0
72840789,2025-01-01,2026-03-31,455,455,1.0
72840804,2025-01-01,2026-03-31,455,455,1.0
72840813,2025-01-01,2026-03-31,455,455,1.0
72840845,2025-01-01,2026-03-31,455,455,1.0
72840846,2025-01-01,2025-09-12,255,255,1.0
72840909,2026-02-26,2026-03-31,34,34,1.0
72840565,2026-03-11,2026-03-31,21,21,1.0
72840566,2026-03-11,2026-03-31,21,21,1.0
72840582,2025-01-01,2026-03-31,455,455,1.0
72840649,2025-01-01,2026-03-31,455,455,1.0
72840734,2025-01-01,2026-03-31,455,455,1.0
72840735,2025-01-01,2026-03-31,455,455,1.0
72840766,2025-01-01,2026-03-31,455,455,1.0
72840372,2025-01-01,2026-03-31,455,455,1.0
72840378,2025-01-01,2026-03-31,455,455,1.0
72840387,2026-03-26,2026-03-27,2,2,1.0
72840456,2026-03-11,2026-03-31,21,21,1.0
72840463,2026-02-06,2026-03-31,54,54,1.0
72840471,2026-02-06,2026-03-31,54,54,1.0
72840497,2026-03-05,2026-03-31,27,27,1.0
72840276,2026-03-18,2026-03-31,14,14,1.0
72840285,2026-02-26,2026-03-31,34,34,1.0
72840292,2025-01-01,2026-03-31,455,455,1.0
72840348,2025-01-01,2026-03-31,455,455,1.0
72930087,2025-11-25,2026-03-31,127,127,1.0
72930097,2025-09-24,2026-03-31,189,189,1.0
72930098,2025-08-19,2026-03-31,225,225,1.0
72930117,2025-08-21,2026-03-31,223,223,1.0
72930121,2025-08-19,2026-03-31,225,225,1.0
72930028,2025-11-25,2026-03-31,127,127,1.0
72930058,2025-11-25,2026-03-31,127,127,1.0
72930059,2025-11-25,2026-03-31,127,127,1.0
72930060,2025-08-21,2026-03-31,223,223,1.0
72930062,2025-08-25,2026-03-31,219,219,1.0
72930063,2025-09-23,2026-03-31,190,190,1.0
72930072,2025-11-25,2026-03-31,127,127,1.0
72930016,2025-09-12,2026-03-31,201,201,1.0
72930018,2025-09-21,2026-03-31,192,192,1.0
72930019,2025-11-25,2026-03-31,127,127,1.0
72930020,2025-11-25,2026-03-31,127,127,1.0
72930022,2025-09-12,2026-03-31,201,201,1.0
72930025,2025-12-08,2026-03-31,114,114,1.0
72930026,2025-09-17,2026-03-31,196,196,1.0
72840910,2025-01-01,2025-09-12,255,255,1.0
72930002,2025-11-25,2026-03-31,127,127,1.0
72930004,2025-11-26,2026-03-31,126,126,1.0
72930006,2026-03-26,2026-03-27,2,2,1.0
72930010,2025-11-25,2026-03-31,127,127,1.0
72930011,2025-11-25,2026-03-31,127,127,1.0
72930012,2025-09-15,2026-03-31,198,198,1.0
72930013,2025-11-03,2026-03-31,149,149,1.0
700416853,2025-01-01,2026-03-31,455,455,1.0
700416854,2025-06-01,2026-03-31,304,304,1.0
700416856,2025-01-01,2026-03-31,455,455,1.0
700416857,2025-01-01,2026-03-31,455,455,1.0
700416815,2025-01-01,2026-03-31,455,455,1.0
700416819,2025-01-01,2026-03-31,455,455,1.0
700416820,2025-01-01,2026-03-31,455,455,1.0
700416835,2025-01-01,2026-03-31,455,455,1.0
700416851,2025-10-22,2026-03-31,161,161,1.0
700416616,2025-01-01,2026-03-31,455,455,1.0
700416617,2025-07-31,2026-03-31,244,244,1.0
700416808,2025-01-01,2026-03-31,455,455,1.0
700416809,2025-01-01,2026-03-31,455,455,1.0
700416812,2025-01-01,2026-03-31,455,455,1.0
700416813,2025-01-01,2026-03-31,455,455,1.0
700416814,2025-01-01,2026-03-31,455,455,1.0
700416596,2025-09-17,2026-03-31,196,196,1.0
700416597,2025-01-01,2026-03-31,455,455,1.0
700416601,2025-01-01,2026-03-31,455,455,1.0
700416611,2025-01-01,2026-03-31,455,455,1.0
700416613,2026-03-26,2026-03-27,2,2,1.0
72930217,2025-11-25,2026-03-31,127,127,1.0
72930218,2025-10-06,2026-03-31,177,177,1.0
72930227,2025-09-26,2026-01-16,113,113,1.0
72930230,2025-09-25,2026-03-31,188,188,1.0
72930231,2025-09-12,2026-03-31,201,201,1.0
72930193,2025-09-26,2026-03-31,187,187,1.0
72930209,2025-09-25,2026-03-31,188,188,1.0
72930210,2025-08-19,2026-03-31,225,225,1.0
72930214,2025-10-06,2026-03-31,177,177,1.0
72930169,2025-11-25,2026-03-31,127,127,1.0
72930171,2025-10-09,2026-03-31,174,174,1.0
72930172,2025-11-26,2026-03-31,126,126,1.0
72930175,2025-10-06,2026-03-31,177,177,1.0
72930185,2025-09-24,2026-03-31,189,189,1.0
72930134,2026-03-11,2026-03-31,21,21,1.0
72930142,2025-06-24,2026-03-31,281,281,1.0
72930143,2025-11-07,2026-03-31,145,145,1.0
72930144,2025-01-01,2026-03-31,455,455,1.0
72930146,2025-08-19,2026-03-31,225,225,1.0
72930157,2025-09-25,2026-03-31,188,188,1.0
72930327,2025-11-25,2026-03-31,127,127,1.0
72930329,2025-08-15,2025-08-15,1,1,1.0
72930331,2025-12-02,2026-03-31,120,120,1.0
72930332,2025-10-06,2026-03-31,177,177,1.0
72930333,2025-10-06,2026-03-31,177,177,1.0
72930311,2025-12-01,2026-03-31,121,121,1.0
72930312,2025-12-25,2026-03-31,97,97,1.0
72930313,2025-10-03,2026-03-31,180,180,1.0
72930320,2026-02-19,2026-03-31,41,41,1.0
72930324,2025-09-10,2025-09-30,21,21,1.0
72930325,2025-10-03,2026-03-31,180,180,1.0
72930326,2025-10-09,2026-03-31,174,174,1.0
72930269,2026-03-09,2026-03-31,23,23,1.0
72930291,2025-06-25,2025-09-10,78,78,1.0
72930294,2025-09-23,2026-03-31,190,190,1.0
72930302,2026-03-11,2026-03-26,16,16,1.0
72930305,2025-11-25,2026-03-31,127,127,1.0
72930308,2025-10-09,2026-03-31,174,174,1.0
72930244,2025-09-23,2026-03-31,190,190,1.0
72930246,2025-06-24,2025-09-10,79,79,1.0
72930258,2025-11-25,2026-03-31,127,127,1.0
72930260,2025-11-25,2026-03-31,127,127,1.0
72930264,2025-11-25,2026-03-31,127,127,1.0
72930267,2025-06-24,2025-09-10,79,79,1.0
72930268,2025-08-18,2026-03-31,226,226,1.0
700416556,2025-01-01,2026-01-29,394,394,1.0
700416557,2025-01-01,2026-03-31,455,455,1.0
700416584,2026-02-24,2026-02-24,1,1,1.0
700416593,2025-01-01,2026-03-31,455,455,1.0
700416594,2025-01-01,2026-03-31,455,455,1.0
700416595,2025-12-08,2026-03-31,114,114,1.0
700416544,2025-01-01,2026-03-31,455,455,1.0
700416546,2025-01-01,2026-02-13,409,409,1.0
700416549,2025-01-01,2026-03-31,455,455,1.0
700416555,2025-01-01,2026-03-31,455,455,1.0
700416515,2025-09-07,2026-03-31,206,206,1.0
700416517,2025-01-01,2026-03-31,455,455,1.0
700416533,2025-01-01,2026-03-31,455,455,1.0
700416535,2025-01-01,2026-03-31,455,455,1.0
700416537,2025-01-01,2025-09-12,255,255,1.0
700330309,2025-01-01,2026-03-31,455,455,1.0
700387731,2026-01-09,2026-03-31,82,82,1.0
700387732,2025-04-17,2026-03-31,349,349,1.0
700387742,2025-07-04,2026-03-31,271,271,1.0
700416317,2025-01-01,2026-03-31,455,455,1.0
72930511,2025-09-23,2026-03-31,190,190,1.0
72930514,2025-09-23,2026-03-31,190,190,1.0
72930515,2025-09-23,2026-03-31,190,190,1.0
72930540,2025-08-19,2026-03-31,225,225,1.0
72930541,2025-12-25,2026-03-31,97,97,1.0
72930565,2025-09-22,2026-03-31,191,191,1.0
72930492,2025-01-01,2026-03-31,455,455,1.0
72930500,2025-12-12,2026-03-31,110,110,1.0
72930501,2025-12-12,2026-03-31,110,110,1.0
72930502,2025-12-12,2026-03-31,110,110,1.0
72930507,2025-09-23,2026-03-31,190,190,1.0
72930508,2025-09-23,2026-03-31,190,190,1.0
72930456,2025-09-10,2026-03-31,203,203,1.0
72930463,2026-03-10,2026-03-31,22,22,1.0
72930476,2025-08-21,2026-03-31,223,223,1.0
72930481,2025-12-12,2026-03-31,110,110,1.0
72930483,2025-01-01,2026-03-31,455,455,1.0
72930337,2025-08-21,2026-03-31,223,223,1.0
72930340,2025-12-25,2026-03-31,97,97,1.0
72930373,2025-08-19,2026-03-31,225,225,1.0
72930455,2025-08-27,2025-09-05,10,10,1.0
72940014,2025-12-11,2026-03-31,111,111,1.0
72940020,2025-09-24,2026-03-31,189,189,1.0
72940023,2025-11-25,2026-03-31,127,127,1.0
72940025,2025-12-25,2026-03-31,97,97,1.0
72940026,2025-09-10,2026-03-31,203,203,1.0
72940027,2025-12-25,2026-03-31,97,97,1.0
72940028,2025-11-25,2026-03-31,127,127,1.0
72930755,2025-01-01,2026-03-31,455,455,1.0
72930772,2025-01-01,2026-03-31,455,455,1.0
72930798,2025-01-01,2026-03-31,455,455,1.0
72940013,2025-09-19,2026-03-31,194,194,1.0
72930666,2025-10-26,2026-03-31,157,157,1.0
72930691,2025-09-23,2026-03-31,190,190,1.0
72930692,2025-06-25,2025-09-12,80,80,1.0
72930739,2025-01-01,2026-03-31,455,455,1.0
72930752,2025-01-01,2025-09-12,255,255,1.0
72930572,2025-08-15,2026-03-31,229,229,1.0
72930603,2025-08-26,2026-03-31,218,218,1.0
72930609,2025-11-25,2026-03-31,127,127,1.0
72930624,2025-01-01,2026-03-31,455,455,1.0
72930651,2025-11-25,2026-03-31,127,127,1.0
72930664,2025-07-28,2025-08-20,24,24,1.0
72940092,2025-11-25,2026-03-31,127,127,1.0
72940093,2025-11-25,2026-03-31,127,127,1.0
72940095,2025-09-10,2026-03-31,203,203,1.0
72940096,2025-11-14,2026-03-31,138,138,1.0
72940097,2025-11-26,2026-03-31,126,126,1.0
72940098,2025-09-10,2026-03-31,203,203,1.0
72940064,2025-11-25,2026-03-31,127,127,1.0
72940065,2025-09-15,2026-03-31,198,198,1.0
72940072,2025-09-12,2026-03-31,201,201,1.0
72940073,2025-11-25,2026-03-31,127,127,1.0
72940074,2025-09-11,2026-03-31,202,202,1.0
72940089,2026-03-26,2026-03-27,2,2,1.0
72940090,2025-11-26,2026-03-31,126,126,1.0
72940051,2025-09-10,2026-03-31,203,203,1.0
72940053,2025-09-30,2026-03-31,183,183,1.0
72940056,2025-11-18,2026-03-31,134,134,1.0
72940057,2025-11-25,2026-03-31,127,127,1.0
72940058,2025-09-12,2026-03-31,201,201,1.0
72940059,2025-12-11,2026-03-31,111,111,1.0
72940060,2025-09-11,2026-03-31,202,202,1.0
72940061,2025-09-15,2026-03-31,198,198,1.0
72940030,2025-09-12,2026-03-31,201,201,1.0
72940033,2025-09-25,2026-03-31,188,188,1.0
72940040,2025-09-25,2026-03-31,188,188,1.0
72940044,2025-11-25,2026-03-31,127,127,1.0
72940045,2025-06-24,2025-09-10,79,79,1.0
72940046,2025-11-25,2026-03-31,127,127,1.0
72940048,2025-09-18,2026-03-31,195,195,1.0
72940050,2025-10-10,2025-12-25,77,77,1.0
700330289,2025-07-29,2025-08-20,23,23,1.0
700330290,2025-06-19,2026-03-31,286,286,1.0
700330291,2025-01-01,2026-03-31,455,455,1.0
700330293,2025-11-04,2026-03-31,148,148,1.0
700330295,2025-10-24,2026-03-31,159,159,1.0
700330298,2025-01-01,2026-03-31,455,455,1.0
700330305,2025-01-01,2025-10-22,295,295,1.0
700330273,2025-12-31,2026-03-29,89,89,1.0
700330274,2025-01-01,2026-03-31,455,455,1.0
700330275,2025-01-01,2026-03-31,455,455,1.0
700330279,2025-01-01,2026-03-31,455,455,1.0
700330280,2025-01-01,2026-03-31,455,455,1.0
700330285,2025-01-01,2026-03-31,455,455,1.0
700330287,2026-03-09,2026-03-31,23,23,1.0
700330288,2025-01-01,2026-03-31,455,455,1.0
700330262,2025-01-01,2026-03-31,455,455,1.0
700330265,2025-01-01,2026-03-31,455,455,1.0
700330269,2025-01-13,2026-03-31,443,443,1.0
700330270,2025-01-20,2026-03-31,436,436,1.0
700330271,2026-03-26,2026-03-27,2,2,1.0
700330248,2025-06-26,2026-03-31,279,279,1.0
700330253,2025-01-01,2026-03-31,455,455,1.0
700330254,2025-01-01,2026-03-31,455,455,1.0
700330255,2025-01-01,2026-03-31,455,455,1.0
73030138,2025-01-01,2026-03-31,455,455,1.0
73040002,2025-06-23,2025-09-10,80,80,1.0
73040004,2026-02-20,2026-03-31,40,40,1.0
73040015,2025-10-23,2026-03-31,160,160,1.0
73040019,2025-01-01,2026-03-31,455,455,1.0
73040020,2025-06-19,2025-09-10,84,84,1.0
73040021,2025-10-22,2025-10-23,2,2,1.0
73030016,2025-01-01,2026-03-31,455,455,1.0
73030018,2025-06-19,2026-03-31,286,286,1.0
73030075,2025-06-20,2026-03-31,285,285,1.0
73030101,2026-03-13,2026-03-31,19,19,1.0
73030104,2026-03-13,2026-03-13,1,1,1.0
72940458,2025-01-01,2026-03-31,455,455,1.0
73010001,2025-01-01,2026-03-31,455,455,1.0
73030003,2025-01-01,2025-09-12,255,255,1.0
73030009,2025-01-01,2025-09-12,255,255,1.0
73030012,2026-02-21,2026-03-31,39,39,1.0
72940100,2025-11-25,2026-03-31,127,127,1.0
72940101,2025-11-25,2026-03-31,127,127,1.0
72940128,2025-11-25,2026-03-31,127,127,1.0
72940132,2025-09-25,2026-03-31,188,188,1.0
72940134,2025-09-25,2026-03-31,188,188,1.0
72940274,2025-08-19,2026-03-31,225,225,1.0
73130089,2025-01-01,2026-03-31,455,455,1.0
73130090,2025-06-17,2026-03-31,288,288,1.0
73130092,2025-12-31,2026-03-31,91,91,1.0
73130094,2025-12-09,2026-03-31,113,113,1.0
73130098,2026-02-25,2026-03-31,35,35,1.0
73130107,2026-02-20,2026-03-31,40,40,1.0
73130045,2026-03-26,2026-03-27,2,2,1.0
73130061,2025-07-04,2026-03-31,271,271,1.0
73130063,2025-01-01,2026-03-31,455,455,1.0
73130078,2025-01-10,2025-06-17,159,159,1.0
73130010,2026-01-30,2026-03-31,61,61,1.0
73130015,2025-11-21,2026-03-31,131,131,1.0
73130016,2026-02-19,2026-03-31,41,41,1.0
73130022,2025-01-01,2025-06-17,168,168,1.0
73130023,2025-12-08,2026-03-31,114,114,1.0
73130025,2026-03-26,2026-03-27,2,2,1.0
73040613,2025-04-18,2026-03-31,348,348,1.0
73040704,2026-03-26,2026-03-27,2,2,1.0
73040706,2025-01-01,2026-03-31,455,455,1.0
73130005,2025-01-01,2026-03-31,455,455,1.0
73130008,2025-01-01,2026-03-31,455,455,1.0
700330233,2025-01-01,2026-03-31,455,455,1.0
700330234,2025-01-01,2026-03-31,455,455,1.0
700330235,2025-01-13,2026-03-31,443,443,1.0
700330237,2025-01-01,2026-03-31,455,455,1.0
700330239,2026-03-26,2026-03-27,2,2,1.0
700330241,2025-01-01,2026-03-31,455,455,1.0
700330245,2025-01-01,2026-03-31,455,455,1.0
700330221,2025-09-10,2026-03-31,203,203,1.0
700330222,2025-07-28,2025-08-20,24,24,1.0
700330224,2025-01-01,2026-03-31,455,455,1.0
700330202,2025-05-09,2025-05-09,1,1,1.0
700330205,2025-01-01,2026-03-31,455,455,1.0
700330206,2025-08-18,2026-03-31,226,226,1.0
700330207,2025-01-01,2026-03-20,444,444,1.0
700330209,2025-01-01,2026-03-31,455,455,1.0
700330210,2025-01-01,2026-03-31,455,455,1.0
700330215,2025-11-17,2026-03-31,135,135,1.0
700330179,2025-09-20,2026-03-31,193,193,1.0
700330181,2025-01-01,2026-03-31,455,455,1.0
700330197,2025-01-01,2025-09-22,265,265,1.0
700330200,2025-07-28,2025-08-20,24,24,1.0
73130219,2025-06-17,2026-03-31,288,288,1.0
73130220,2026-03-26,2026-03-27,2,2,1.0
73130222,2025-07-07,2026-03-31,268,268,1.0
73130228,2025-09-06,2026-03-31,207,207,1.0
73130230,2026-03-10,2026-03-31,22,22,1.0
73130183,2025-01-01,2026-03-31,455,455,1.0
73130187,2026-03-11,2026-03-31,21,21,1.0
73130189,2025-12-12,2026-03-31,110,110,1.0
73130191,2025-11-20,2026-03-31,132,132,1.0
73130196,2025-09-10,2026-03-31,203,203,1.0
73130202,2025-12-10,2026-03-31,112,112,1.0
73130208,2026-03-26,2026-03-27,2,2,1.0
73130144,2025-01-01,2026-03-31,455,455,1.0
73130145,2025-06-17,2026-03-31,288,288,1.0
73130160,2025-07-04,2026-03-31,271,271,1.0
73130181,2025-01-01,2026-03-31,455,455,1.0
73130110,2025-06-17,2026-03-31,288,288,1.0
73130114,2025-12-08,2026-03-31,114,114,1.0
73130116,2025-01-01,2025-06-17,168,168,1.0
73130120,2025-01-01,2026-03-31,455,455,1.0
73130134,2026-03-26,2026-03-27,2,2,1.0
73130137,2025-01-01,2026-03-31,455,455,1.0
73130138,2025-11-26,2026-03-31,126,126,1.0
73130314,2025-09-10,2026-03-31,203,203,1.0
73130317,2025-01-01,2026-03-31,455,455,1.0
73130318,2025-01-01,2026-03-31,455,455,1.0
73130320,2025-02-26,2026-03-31,399,399,1.0
73130321,2025-12-31,2026-03-31,91,91,1.0
73130324,2025-01-16,2025-09-12,240,240,1.0
73130275,2026-03-09,2026-03-31,23,23,1.0
73130282,2025-01-01,2026-03-31,455,455,1.0
73130283,2025-01-01,2026-03-31,455,455,1.0
73130288,2025-09-11,2026-03-31,202,202,1.0
73130293,2026-03-26,2026-03-27,2,2,1.0
73130303,2025-01-01,2026-03-31,455,455,1.0
73130304,2026-01-30,2026-03-31,61,61,1.0
73130248,2025-07-28,2025-08-20,24,24,1.0
73130263,2026-03-09,2026-03-31,23,23,1.0
73130264,2025-12-11,2026-03-31,111,111,1.0
73130266,2025-12-09,2026-03-31,113,113,1.0
73130270,2025-01-01,2026-03-31,455,455,1.0
73130236,2025-12-11,2026-03-31,111,111,1.0
73130238,2025-11-20,2026-03-31,132,132,1.0
73130239,2025-12-11,2026-03-31,111,111,1.0
73130241,2025-11-20,2026-03-31,132,132,1.0
73130242,2025-11-20,2026-03-31,132,132,1.0
73130243,2025-01-01,2025-06-17,168,168,1.0
73130247,2026-02-02,2026-03-31,58,58,1.0
73130412,2025-09-11,2026-03-31,202,202,1.0
73130420,2025-09-06,2026-03-31,207,207,1.0
73130437,2025-09-10,2025-09-30,21,21,1.0
73130386,2026-01-30,2026-03-31,61,61,1.0
73130390,2026-03-11,2026-03-31,21,21,1.0
73130392,2025-07-04,2026-03-31,271,271,1.0
73130402,2025-01-01,2026-03-31,455,455,1.0
73130406,2025-12-15,2026-03-31,107,107,1.0
73130359,2026-03-26,2026-03-27,2,2,1.0
73130361,2026-03-26,2026-03-27,2,2,1.0
73130362,2026-02-13,2026-03-31,47,47,1.0
73130368,2025-12-09,2026-03-31,113,113,1.0
73130378,2025-12-08,2026-03-31,114,114,1.0
73130331,2025-01-01,2026-03-31,455,455,1.0
73130341,2026-02-06,2026-03-31,54,54,1.0
73130342,2026-02-11,2026-03-31,49,49,1.0
73130348,2026-03-26,2026-03-27,2,2,1.0
73130349,2026-02-26,2026-03-31,34,34,1.0
73130355,2026-02-06,2026-02-20,15,15,1.0
73130356,2026-02-05,2026-03-31,55,55,1.0
700330154,2025-01-01,2026-03-31,455,455,1.0
700330155,2025-01-01,2026-03-31,455,455,1.0
700330163,2025-01-01,2026-03-31,455,455,1.0
700330169,2026-03-26,2026-03-27,2,2,1.0
700330174,2025-01-01,2026-03-31,455,455,1.0
700330176,2025-01-01,2025-11-22,326,326,1.0
700330138,2025-01-01,2026-03-31,455,455,1.0
700330145,2025-07-28,2025-08-20,24,24,1.0
700330147,2025-01-01,2026-03-31,455,455,1.0
700330151,2025-01-01,2026-03-31,455,455,1.0
700330116,2025-07-28,2025-08-20,24,24,1.0
700330117,2025-07-07,2026-03-31,268,268,1.0
700330118,2026-03-06,2026-03-06,1,1,1.0
700330129,2025-07-28,2025-08-20,24,24,1.0
700330133,2025-01-01,2025-06-17,168,168,1.0
700330136,2025-01-01,2025-06-14,165,165,1.0
700330093,2025-07-28,2025-08-20,24,24,1.0
700330103,2025-01-01,2026-03-31,455,455,1.0
700330106,2025-07-28,2025-08-20,24,24,1.0
700330110,2025-07-28,2025-08-20,24,24,1.0
700330112,2025-07-28,2025-08-20,24,24,1.0
73130483,2025-01-01,2026-03-31,455,455,1.0
73130484,2025-01-01,2026-03-31,455,455,1.0
73130485,2025-01-01,2026-03-31,455,455,1.0
73130486,2025-01-01,2026-03-31,455,455,1.0
73130487,2025-01-01,2026-03-31,455,455,1.0
73130489,2025-01-01,2026-03-31,455,455,1.0
73130475,2025-01-01,2026-03-31,455,455,1.0
73130477,2025-01-01,2026-03-31,455,455,1.0
73130480,2025-01-01,2026-03-31,455,455,1.0
73130462,2025-01-01,2026-03-31,455,455,1.0
73130463,2025-01-01,2026-03-31,455,455,1.0
73130465,2025-01-01,2026-03-31,455,455,1.0
73130466,2025-01-01,2026-03-31,455,455,1.0
73130471,2025-01-01,2026-03-31,455,455,1.0
73130445,2025-11-20,2026-03-31,132,132,1.0
73130455,2025-01-01,2026-03-31,455,455,1.0
73130458,2025-07-25,2025-09-17,55,55,1.0
73130460,2025-01-01,2026-03-31,455,455,1.0
73230126,2025-01-01,2025-06-17,168,168,1.0
73230130,2025-01-01,2025-08-22,234,234,1.0
73230134,2026-02-02,2026-03-31,58,58,1.0
73230137,2025-11-19,2026-03-31,133,133,1.0
73230141,2025-01-01,2025-09-12,255,255,1.0
73230150,2025-01-01,2026-03-31,455,455,1.0
73230060,2025-01-01,2026-03-31,455,455,1.0
73230063,2025-11-19,2026-03-31,133,133,1.0
73230069,2025-01-01,2026-03-31,455,455,1.0
73230075,2025-11-19,2026-03-31,133,133,1.0
73230081,2026-02-25,2026-03-31,35,35,1.0
73230117,2026-03-24,2026-03-31,8,8,1.0
73230019,2025-05-23,2026-03-31,313,313,1.0
73230022,2025-12-12,2026-03-31,110,110,1.0
73230031,2025-06-17,2026-03-31,288,288,1.0
73230041,2025-09-10,2026-03-31,203,203,1.0
73230042,2026-03-24,2026-03-31,8,8,1.0
73230044,2026-03-26,2026-03-27,2,2,1.0
73230055,2025-10-20,2026-03-31,163,163,1.0
73130490,2025-01-01,2026-03-31,455,455,1.0
73130491,2025-01-01,2026-03-31,455,455,1.0
73130492,2025-01-01,2026-03-31,455,455,1.0
73130493,2025-01-01,2026-03-31,455,455,1.0
73130496,2026-03-09,2026-03-31,23,23,1.0
73130498,2025-01-01,2026-03-31,455,455,1.0
73130499,2025-01-01,2026-03-31,455,455,1.0
73230014,2025-11-19,2026-03-31,133,133,1.0
700330070,2025-05-30,2026-03-31,306,306,1.0
700330072,2025-01-01,2026-03-31,455,455,1.0
700330074,2025-07-28,2025-08-20,24,24,1.0
700330080,2025-01-01,2026-03-31,455,455,1.0
700330084,2025-07-28,2025-08-20,24,24,1.0
700330085,2025-01-01,2026-03-31,455,455,1.0
700330089,2025-01-01,2026-03-31,455,455,1.0
700330057,2025-07-28,2025-08-20,24,24,1.0
700330061,2026-01-16,2026-01-16,1,1,1.0
700330067,2025-01-01,2026-03-31,455,455,1.0
700330068,2025-12-18,2026-03-31,104,104,1.0
700330069,2025-06-26,2026-03-31,279,279,1.0
700330039,2025-01-01,2025-09-12,255,255,1.0
700330043,2025-01-01,2026-03-31,455,455,1.0
700330046,2025-01-01,2026-03-31,455,455,1.0
700330051,2025-07-28,2025-08-20,24,24,1.0
700330056,2025-07-28,2025-08-20,24,24,1.0
700330017,2025-07-28,2025-08-20,24,24,1.0
700330023,2025-01-01,2026-03-31,455,455,1.0
700330028,2025-01-01,2026-03-31,455,455,1.0
700330029,2025-01-01,2026-03-31,455,455,1.0
700330031,2025-07-28,2025-08-20,24,24,1.0
700330036,2025-05-07,2026-03-31,329,329,1.0
700330038,2025-07-28,2025-08-20,24,24,1.0
75040902,2025-01-01,2026-02-23,419,419,1.0
75040908,2025-01-01,2025-09-11,254,254,1.0
75070101,2025-01-01,2026-03-31,455,455,1.0
75080106,2025-01-01,2025-09-12,255,255,1.0
75080302,2025-01-01,2026-03-31,455,455,1.0
75080303,2025-01-01,2026-03-31,455,455,1.0
75020112,2025-01-01,2026-03-31,455,455,1.0
75020402,2025-01-01,2026-03-31,455,455,1.0
75020410,2025-01-01,2026-03-31,455,455,1.0
75040214,2025-01-01,2026-03-31,455,455,1.0
75010706,2025-01-01,2026-03-31,455,455,1.0
75010708,2025-01-01,2026-03-31,455,455,1.0
75010709,2025-01-01,2026-03-31,455,455,1.0
75020101,2025-01-01,2026-03-31,455,455,1.0
75010202,2025-01-01,2026-03-31,455,455,1.0
75010304,2025-01-01,2026-03-31,455,455,1.0
75010305,2025-01-01,2026-03-31,455,455,1.0
75010306,2025-01-01,2026-03-31,455,455,1.0
75010310,2026-03-26,2026-03-27,2,2,1.0
75010313,2025-01-01,2026-03-31,455,455,1.0
75010705,2025-01-01,2026-03-31,455,455,1.0
77140149,2025-07-10,2026-03-31,265,265,1.0
77140192,2025-01-01,2026-03-31,455,455,1.0
77140201,2025-01-01,2026-03-31,455,455,1.0
77140215,2025-01-01,2026-03-31,455,455,1.0
77140222,2025-01-01,2025-02-22,53,53,1.0
75280901,2025-01-01,2026-03-31,455,455,1.0
75788601,2025-01-01,2026-03-31,455,455,1.0
77140054,2025-01-01,2026-03-31,455,455,1.0
77140055,2025-01-01,2026-03-31,455,455,1.0
77140058,2026-03-26,2026-03-27,2,2,1.0
75141011,2025-01-01,2025-12-29,363,363,1.0
75141012,2025-01-01,2025-12-29,363,363,1.0
75152901,2026-03-26,2026-03-27,2,2,1.0
75162401,2025-01-01,2026-03-31,455,455,1.0
75080305,2025-01-01,2026-03-31,455,455,1.0
75082213,2025-01-01,2026-03-31,455,455,1.0
75090401,2025-01-01,2026-03-31,455,455,1.0
75090405,2025-01-01,2026-03-31,455,455,1.0
75090406,2025-01-01,2026-03-31,455,455,1.0
75092801,2025-07-28,2025-08-20,24,24,1.0
77140577,2025-01-01,2026-03-31,455,455,1.0
77140594,2025-05-30,2026-03-31,306,306,1.0
77140818,2025-01-01,2026-03-31,455,455,1.0
77140892,2026-03-26,2026-03-27,2,2,1.0
77140893,2026-03-26,2026-03-27,2,2,1.0
77141025,2025-10-16,2026-03-31,167,167,1.0
77141044,2025-01-01,2025-09-12,255,255,1.0
77140449,2025-01-01,2026-03-31,455,455,1.0
77140455,2025-07-29,2026-03-31,246,246,1.0
77140515,2025-01-01,2026-03-31,455,455,1.0
77140528,2025-01-01,2026-03-31,455,455,1.0
77140543,2025-10-16,2026-03-31,167,167,1.0
77140549,2025-01-01,2026-03-31,455,455,1.0
77140560,2025-01-01,2026-03-31,455,455,1.0
77140566,2026-03-26,2026-03-27,2,2,1.0
77140320,2025-01-01,2026-03-31,455,455,1.0
77140329,2025-11-10,2026-03-31,142,142,1.0
77140367,2025-01-01,2026-03-31,455,455,1.0
77140368,2025-01-01,2026-03-31,455,455,1.0
77140382,2025-01-01,2025-06-17,168,168,1.0
77140442,2025-01-01,2026-03-31,455,455,1.0
77140447,2025-03-28,2026-03-31,369,369,1.0
77140223,2025-01-01,2026-03-17,441,441,1.0
77140226,2025-01-01,2025-09-05,248,248,1.0
77140229,2025-01-01,2026-03-31,455,455,1.0
77140232,2025-01-01,2026-03-31,455,455,1.0
77140233,2025-07-29,2026-03-31,246,246,1.0
77140259,2025-01-01,2026-03-31,455,455,1.0
77140263,2025-01-01,2026-03-31,455,455,1.0
700330002,2025-01-01,2026-03-31,455,455,1.0
700330006,2026-03-26,2026-03-27,2,2,1.0
700330008,2025-01-06,2026-03-31,450,450,1.0
700330009,2025-06-20,2025-09-12,85,85,1.0
700330013,2025-07-24,2026-03-31,251,251,1.0
700330014,2026-03-11,2026-03-31,21,21,1.0
700329977,2025-06-25,2026-03-31,280,280,1.0
700329978,2025-01-01,2026-03-31,455,455,1.0
700329981,2026-03-26,2026-03-27,2,2,1.0
700329982,2025-01-01,2026-03-31,455,455,1.0
700329998,2025-01-01,2026-01-29,394,394,1.0
700329964,2025-07-28,2025-08-20,24,24,1.0
700329965,2025-07-29,2025-08-20,23,23,1.0
700329971,2025-06-26,2026-03-31,279,279,1.0
700329973,2026-01-17,2026-01-17,1,1,1.0
700329974,2025-01-01,2025-09-26,269,269,1.0
700329934,2025-07-28,2025-08-20,24,24,1.0
700329939,2025-06-18,2025-09-10,85,85,1.0
700329943,2025-07-28,2025-08-20,24,24,1.0
700329945,2025-07-28,2025-08-20,24,24,1.0
700329951,2025-01-01,2026-03-31,455,455,1.0
700329956,2026-02-24,2026-03-31,36,36,1.0
700329959,2025-07-28,2025-08-20,24,24,1.0
77142130,2025-01-01,2026-03-31,455,455,1.0
77142141,2025-01-01,2026-03-31,455,455,1.0
77142142,2025-01-01,2026-03-31,455,455,1.0
77142145,2025-01-01,2026-03-31,455,455,1.0
77142147,2026-03-26,2026-03-27,2,2,1.0
77142161,2025-01-01,2026-03-31,455,455,1.0
77141756,2026-03-26,2026-03-27,2,2,1.0
77141820,2025-10-15,2026-03-31,168,168,1.0
77141866,2025-01-01,2026-03-31,455,455,1.0
77141904,2025-06-01,2025-06-17,17,17,1.0
77142004,2025-01-01,2026-03-31,455,455,1.0
77142099,2025-07-28,2025-07-29,2,2,1.0
77141447,2026-03-26,2026-03-27,2,2,1.0
77141487,2025-11-07,2026-03-31,145,145,1.0
77141571,2026-03-26,2026-03-27,2,2,1.0
77141588,2025-11-07,2026-03-31,145,145,1.0
77141047,2025-08-12,2026-03-31,232,232,1.0
77141083,2026-03-26,2026-03-27,2,2,1.0
77141272,2026-03-26,2026-03-27,2,2,1.0
77141289,2025-01-01,2026-03-31,455,455,1.0
77141411,2026-03-26,2026-03-27,2,2,1.0
77141417,2025-11-06,2026-03-31,146,146,1.0
77141440,2026-01-13,2026-01-13,1,1,1.0
77230109,2025-01-01,2026-03-31,455,455,1.0
77230195,2025-01-01,2025-06-17,168,168,1.0
77230217,2025-11-20,2025-12-27,38,38,1.0
77230258,2025-01-01,2025-06-17,168,168,1.0
77230046,2025-05-28,2026-03-31,308,308,1.0
77230054,2025-01-01,2025-09-12,255,255,1.0
77230055,2025-01-10,2025-06-17,159,159,1.0
77230064,2025-06-19,2025-09-10,84,84,1.0
77230072,2025-01-01,2025-06-17,168,168,1.0
77230076,2025-01-01,2026-03-31,455,455,1.0
77230079,2025-01-01,2025-06-17,168,168,1.0
77230082,2025-01-01,2026-03-31,455,455,1.0
77230024,2026-03-26,2026-03-27,2,2,1.0
77142162,2025-01-01,2025-09-12,255,255,1.0
77142163,2025-01-01,2026-03-31,455,455,1.0
77142165,2025-01-01,2026-03-31,455,455,1.0
77142174,2025-01-01,2026-03-31,455,455,1.0
77142183,2025-01-01,2026-03-31,455,455,1.0
77142184,2025-01-01,2026-03-31,455,455,1.0
77142250,2025-01-01,2026-03-31,455,455,1.0
77142312,2025-01-01,2026-03-31,455,455,1.0
700329904,2025-01-01,2026-03-31,455,455,1.0
700329918,2026-02-25,2026-03-31,35,35,1.0
700329920,2026-02-25,2026-02-25,1,1,1.0
700329921,2025-01-24,2026-03-31,432,432,1.0
700329926,2025-01-01,2026-03-31,455,455,1.0
700329927,2025-01-01,2026-03-31,455,455,1.0
700329928,2025-07-28,2025-08-20,24,24,1.0
700329869,2026-02-02,2026-03-31,58,58,1.0
700329873,2025-01-01,2026-03-31,455,455,1.0
700329901,2025-12-18,2026-03-31,104,104,1.0
700329902,2025-01-01,2026-03-31,455,455,1.0
700329903,2025-04-14,2026-03-31,352,352,1.0
700292143,2025-08-06,2025-08-20,15,15,1.0
700292145,2026-03-26,2026-03-27,2,2,1.0
700329837,2025-07-28,2025-08-20,24,24,1.0
700329844,2025-01-01,2026-03-31,455,455,1.0
700329845,2025-07-28,2025-08-20,24,24,1.0
700329850,2025-01-01,2025-07-08,189,189,1.0
700329857,2025-01-01,2026-03-31,455,455,1.0
700292126,2025-01-01,2026-03-31,455,455,1.0
700292128,2025-10-24,2026-03-31,159,159,1.0
700292133,2025-01-01,2026-03-31,455,455,1.0
700292134,2025-01-01,2026-03-31,455,455,1.0
700292136,2025-01-01,2026-03-31,455,455,1.0
700292137,2025-01-01,2026-03-31,455,455,1.0
77230995,2025-01-01,2026-03-31,455,455,1.0
77240007,2025-01-01,2026-03-31,455,455,1.0
77240014,2025-08-01,2025-10-12,73,73,1.0
77230619,2025-01-01,2026-03-31,455,455,1.0
77230722,2025-01-01,2025-06-17,168,168,1.0
77230726,2026-03-26,2026-03-26,1,1,1.0
77230860,2025-09-06,2026-03-31,207,207,1.0
77230435,2025-01-01,2025-06-17,168,168,1.0
77230463,2025-01-01,2025-06-17,168,168,1.0
77230494,2025-01-01,2025-06-17,168,168,1.0
77230524,2025-11-04,2025-12-18,45,45,1.0
77230527,2025-01-01,2025-06-17,168,168,1.0
77230532,2025-10-10,2025-12-23,75,75,1.0
77230266,2025-01-01,2025-06-17,168,168,1.0
77240456,2025-12-11,2025-12-18,8,8,1.0
77240628,2025-01-01,2026-03-31,455,455,1.0
77330001,2025-01-01,2026-03-31,455,455,1.0
77340005,2025-05-15,2025-05-15,1,1,1.0
77340014,2025-06-30,2026-03-31,275,275,1.0
77240426,2025-04-22,2025-04-22,1,1,1.0
77240075,2025-01-01,2026-03-31,455,455,1.0
77240086,2025-06-23,2025-09-10,80,80,1.0
77240109,2025-01-01,2026-03-31,455,455,1.0
77240113,2025-01-01,2026-03-31,455,455,1.0
77240189,2025-01-01,2025-06-17,168,168,1.0
77240024,2025-01-01,2026-03-31,455,455,1.0
77240043,2025-01-08,2025-01-08,1,1,1.0
77240052,2026-01-06,2026-03-31,85,85,1.0
77240054,2025-01-01,2026-03-31,455,455,1.0
77240060,2025-01-01,2026-03-31,455,455,1.0
77240067,2025-01-01,2026-03-31,455,455,1.0
77240073,2025-01-01,2026-03-31,455,455,1.0
700292120,2025-01-01,2026-03-31,455,455,1.0
700292121,2026-02-02,2026-03-31,58,58,1.0
700292123,2025-01-01,2026-03-31,455,455,1.0
700292124,2025-01-01,2026-03-31,455,455,1.0
700292098,2025-07-28,2025-08-20,24,24,1.0
700292101,2026-02-17,2026-02-19,3,3,1.0
700292103,2025-01-01,2026-03-31,455,455,1.0
700292104,2025-05-15,2026-03-31,321,321,1.0
700292111,2025-07-28,2025-08-20,24,24,1.0
700292117,2025-07-02,2026-03-31,273,273,1.0
700292076,2025-06-18,2026-03-31,287,287,1.0
700292077,2025-07-28,2025-08-20,24,24,1.0
700292078,2025-07-28,2025-08-20,24,24,1.0
700292079,2025-05-30,2026-03-31,306,306,1.0
700292085,2025-12-31,2026-03-31,91,91,1.0
700292088,2025-07-28,2025-08-20,24,24,1.0
700292095,2025-01-01,2026-03-31,455,455,1.0
700292057,2025-07-28,2025-08-20,24,24,1.0
700292059,2025-07-28,2025-08-20,24,24,1.0
700292067,2025-07-28,2025-08-20,24,24,1.0
700292069,2025-01-01,2026-03-31,455,455,1.0
700292071,2025-01-01,2026-03-31,455,455,1.0
700292072,2025-05-16,2026-03-31,320,320,1.0
700292073,2025-07-28,2025-08-20,24,24,1.0
700292074,2025-07-17,2026-03-31,258,258,1.0
77340346,2025-11-18,2026-03-31,134,134,1.0
77340350,2025-09-22,2026-03-31,191,191,1.0
77340417,2025-01-01,2025-06-17,168,168,1.0
77340420,2025-10-08,2026-03-31,175,175,1.0
77340423,2025-09-10,2025-09-12,3,3,1.0
77340427,2025-01-01,2026-03-31,455,455,1.0
77340430,2025-10-08,2026-03-31,175,175,1.0
77340269,2025-01-01,2026-03-31,455,455,1.0
77340275,2025-03-07,2026-03-31,390,390,1.0
77340276,2025-09-10,2026-03-31,203,203,1.0
77340310,2025-10-08,2026-03-31,175,175,1.0
77340314,2025-06-03,2026-03-31,302,302,1.0
77340325,2026-03-26,2026-03-27,2,2,1.0
77340168,2025-05-30,2025-06-11,13,13,1.0
77340178,2025-08-08,2025-09-09,33,33,1.0
77340222,2025-10-22,2026-03-31,161,161,1.0
77340236,2025-12-18,2026-03-31,104,104,1.0
77340237,2025-12-01,2026-03-31,121,121,1.0
77340238,2025-01-10,2026-03-31,446,446,1.0
77340259,2026-02-24,2026-03-31,36,36,1.0
77340041,2025-06-11,2025-09-06,88,88,1.0
77340059,2025-06-12,2025-06-12,1,1,1.0
77340064,2025-10-24,2026-03-31,159,159,1.0
77340090,2025-10-13,2025-12-24,73,73,1.0
77340091,2025-09-08,2025-09-08,1,1,1.0
77340140,2025-10-08,2026-03-31,175,175,1.0
77340715,2025-10-01,2026-03-31,182,182,1.0
77340722,2026-02-05,2026-03-31,55,55,1.0
77340732,2025-05-27,2025-09-10,107,107,1.0
77340758,2025-09-10,2025-10-01,22,22,1.0
77340766,2025-01-01,2025-01-07,7,7,1.0
77340796,2026-03-26,2026-03-27,2,2,1.0
77340567,2026-03-02,2026-03-31,30,30,1.0
77340590,2026-02-24,2026-03-31,36,36,1.0
77340601,2025-11-05,2026-03-31,147,147,1.0
77340608,2025-01-01,2025-06-17,168,168,1.0
77340641,2026-03-26,2026-03-27,2,2,1.0
77340685,2025-01-01,2026-03-31,455,455,1.0
77340714,2025-07-03,2026-03-31,272,272,1.0
77340492,2025-09-24,2026-03-31,189,189,1.0
77340494,2025-01-01,2025-06-12,163,163,1.0
77340525,2025-07-29,2025-09-10,44,44,1.0
77340537,2025-09-10,2025-09-12,3,3,1.0
77340547,2026-02-24,2026-03-31,36,36,1.0
77340557,2025-09-10,2025-09-12,3,3,1.0
77340558,2025-01-08,2025-01-08,1,1,1.0
77340435,2025-01-01,2025-06-17,168,168,1.0
77340456,2025-01-01,2026-03-31,455,455,1.0
77340484,2025-12-11,2026-03-31,111,111,1.0
77440143,2025-01-01,2026-03-31,455,455,1.0
77440153,2025-10-10,2026-03-31,173,173,1.0
77440158,2025-05-15,2026-03-31,321,321,1.0
77440191,2025-01-01,2026-03-31,455,455,1.0
77440201,2025-01-01,2026-03-31,455,455,1.0
77440254,2026-03-26,2026-03-27,2,2,1.0
77341127,2025-01-01,2026-03-31,455,455,1.0
77341208,2025-01-01,2026-03-31,455,455,1.0
77341212,2025-01-01,2026-03-31,455,455,1.0
77341225,2025-01-01,2026-03-31,455,455,1.0
77440009,2025-01-01,2026-03-31,455,455,1.0
77440123,2025-01-01,2026-03-31,455,455,1.0
77440134,2025-11-17,2026-03-31,135,135,1.0
77341077,2026-03-27,2026-03-31,5,5,1.0
77341100,2025-01-01,2026-03-31,455,455,1.0
77341101,2025-01-01,2026-02-01,397,397,1.0
77341106,2025-01-01,2026-03-31,455,455,1.0
77341121,2025-05-27,2026-03-31,309,309,1.0
77340814,2025-10-08,2026-03-31,175,175,1.0
77340872,2025-12-08,2026-03-31,114,114,1.0
77340981,2026-03-26,2026-03-27,2,2,1.0
77341034,2025-10-09,2026-03-31,174,174,1.0
700292027,2025-07-28,2025-08-20,24,24,1.0
700292030,2025-07-28,2025-08-20,24,24,1.0
700292031,2025-07-28,2025-08-05,9,9,1.0
700292039,2026-03-10,2026-03-31,22,22,1.0
700292040,2025-07-28,2025-08-20,24,24,1.0
700292042,2025-01-01,2026-03-31,455,455,1.0
700292044,2025-06-25,2025-11-17,146,146,1.0
700292048,2025-07-28,2025-08-20,24,24,1.0
700291992,2025-07-28,2025-08-20,24,24,1.0
700291993,2025-07-28,2025-08-20,24,24,1.0
700291996,2025-01-22,2026-03-31,434,434,1.0
700292012,2025-07-28,2025-08-20,24,24,1.0
700292016,2025-07-28,2025-08-20,24,24,1.0
700292022,2025-07-28,2025-08-20,24,24,1.0
700291965,2025-09-29,2026-03-31,184,184,1.0
700291971,2026-01-12,2026-03-31,79,79,1.0
700291972,2025-01-01,2025-02-14,45,45,1.0
700291973,2025-07-30,2026-01-05,160,160,1.0
700291981,2025-07-28,2025-08-20,24,24,1.0
700291991,2025-07-28,2025-08-20,24,24,1.0
700291929,2025-07-28,2025-07-29,2,2,1.0
700291937,2025-08-04,2025-08-04,1,1,1.0
700291942,2025-07-28,2025-08-20,24,24,1.0
700291961,2025-07-28,2025-08-20,24,24,1.0
700291964,2025-07-28,2025-08-20,24,24,1.0
77540144,2025-04-16,2026-03-31,350,350,1.0
77540160,2025-01-01,2026-03-31,455,455,1.0
77540161,2025-01-01,2026-03-31,455,455,1.0
77540169,2025-12-02,2026-03-31,120,120,1.0
77540173,2025-01-01,2025-08-27,239,239,1.0
77540175,2025-01-01,2026-03-31,455,455,1.0
77540096,2025-01-01,2026-03-31,455,455,1.0
77540099,2025-01-01,2026-03-31,455,455,1.0
77540136,2025-01-01,2026-03-31,455,455,1.0
77540137,2025-01-01,2026-03-31,455,455,1.0
77530002,2025-01-01,2026-03-31,455,455,1.0
77530003,2025-01-01,2026-03-31,455,455,1.0
77540019,2025-01-01,2025-11-17,321,321,1.0
77540074,2025-01-01,2026-03-31,455,455,1.0
77540077,2025-01-01,2026-03-31,455,455,1.0
77540085,2025-01-01,2026-03-31,455,455,1.0
77440267,2025-01-01,2026-03-31,455,455,1.0
77440284,2026-03-26,2026-03-27,2,2,1.0
77440312,2025-01-01,2026-03-31,455,455,1.0
77440313,2025-01-01,2026-03-31,455,455,1.0
77440316,2025-01-01,2026-03-31,455,455,1.0
77440319,2025-01-01,2026-03-31,455,455,1.0
77540362,2025-01-01,2025-01-07,7,7,1.0
77540366,2026-01-29,2026-03-31,62,62,1.0
77540371,2025-05-15,2025-05-17,3,3,1.0
77540372,2025-05-15,2025-05-17,3,3,1.0
77630024,2026-01-15,2026-03-31,76,76,1.0
77630025,2026-02-19,2026-03-31,41,41,1.0
77540263,2025-01-06,2026-03-31,450,450,1.0
77540280,2025-01-01,2026-03-31,455,455,1.0
77540289,2025-01-01,2026-03-31,455,455,1.0
77540303,2025-01-01,2026-03-31,455,455,1.0
77540344,2025-01-01,2026-03-31,455,455,1.0
77540222,2025-05-27,2026-03-31,309,309,1.0
77540235,2025-01-01,2026-03-31,455,455,1.0
77540240,2025-05-16,2026-03-31,320,320,1.0
77540180,2025-01-01,2026-03-31,455,455,1.0
77540191,2026-03-26,2026-03-27,2,2,1.0
77540194,2025-05-22,2026-03-31,314,314,1.0
77540199,2025-01-01,2026-03-31,455,455,1.0
77540207,2025-01-01,2026-03-22,446,446,1.0
77540211,2026-03-26,2026-03-27,2,2,1.0
77540212,2025-01-01,2025-09-12,255,255,1.0
77540213,2026-03-26,2026-03-27,2,2,1.0
77730008,2025-01-01,2026-03-31,455,455,1.0
77730011,2025-09-13,2026-01-16,126,126,1.0
77730017,2025-01-01,2026-03-31,455,455,1.0
77730024,2025-07-25,2026-03-31,250,250,1.0
77730036,2025-07-25,2026-03-31,250,250,1.0
77640153,2025-01-01,2026-03-31,455,455,1.0
77640161,2026-01-18,2026-03-31,73,73,1.0
77640170,2025-01-01,2026-03-31,455,455,1.0
77640174,2026-03-26,2026-03-27,2,2,1.0
77640179,2025-10-07,2026-03-31,176,176,1.0
77640221,2025-01-01,2026-03-31,455,455,1.0
77640009,2026-01-19,2026-03-31,72,72,1.0
77640020,2026-03-25,2026-03-31,7,7,1.0
77640021,2026-01-20,2026-03-31,71,71,1.0
77640026,2026-01-20,2026-03-31,71,71,1.0
77640028,2026-01-20,2026-03-31,71,71,1.0
77640031,2026-03-25,2026-03-31,7,7,1.0
77640150,2025-01-01,2026-03-31,455,455,1.0
77630062,2025-01-01,2026-03-31,455,455,1.0
77630118,2025-01-01,2026-03-31,455,455,1.0
77630134,2026-03-25,2026-03-31,7,7,1.0
77630135,2026-03-25,2026-03-31,7,7,1.0
77630136,2026-03-25,2026-03-31,7,7,1.0
77630137,2026-03-25,2026-03-31,7,7,1.0
77630169,2026-01-20,2026-03-31,71,71,1.0
77630170,2026-01-21,2026-03-31,70,70,1.0
700291881,2025-07-28,2025-08-20,24,24,1.0
700291888,2025-07-28,2025-08-20,24,24,1.0
700291891,2025-07-28,2025-08-20,24,24,1.0
700291899,2025-01-01,2026-03-31,455,455,1.0
700291905,2025-07-28,2025-08-20,24,24,1.0
700291908,2025-07-28,2025-08-20,24,24,1.0
700291921,2025-01-01,2026-03-31,455,455,1.0
700291856,2025-08-01,2026-03-31,243,243,1.0
700291857,2025-02-25,2026-03-31,400,400,1.0
700291860,2025-07-28,2025-08-20,24,24,1.0
700291861,2025-07-28,2025-08-20,24,24,1.0
700291864,2025-11-10,2026-03-31,142,142,1.0
700291870,2026-02-10,2026-03-31,50,50,1.0
700291871,2025-06-23,2026-03-31,282,282,1.0
700291880,2025-09-15,2026-03-31,198,198,1.0
700291813,2026-03-26,2026-03-27,2,2,1.0
700291822,2025-07-28,2025-08-20,24,24,1.0
700291825,2025-07-28,2025-08-20,24,24,1.0
700291828,2025-07-28,2025-08-20,24,24,1.0
700291839,2025-07-28,2025-08-20,24,24,1.0
700291848,2025-07-28,2025-08-20,24,24,1.0
700291852,2025-07-28,2025-08-20,24,24,1.0
700291763,2025-07-28,2025-08-20,24,24,1.0
700291766,2025-07-28,2025-08-20,24,24,1.0
700291774,2025-07-28,2025-08-20,24,24,1.0
700291800,2025-07-28,2025-08-20,24,24,1.0
700291802,2025-07-28,2025-08-20,24,24,1.0
700291805,2025-07-28,2025-08-20,24,24,1.0
700291810,2025-07-28,2025-08-20,24,24,1.0
77740076,2026-02-16,2026-03-31,44,44,1.0
77740111,2025-01-01,2026-03-31,455,455,1.0
77740129,2025-10-07,2026-02-04,121,121,1.0
77740206,2025-01-01,2026-03-31,455,455,1.0
77740207,2025-01-01,2026-03-31,455,455,1.0
77730370,2025-01-01,2026-03-31,455,455,1.0
77730372,2025-01-01,2026-03-31,455,455,1.0
77730409,2025-01-01,2026-03-31,455,455,1.0
77730410,2025-01-01,2026-03-31,455,455,1.0
77730413,2025-01-01,2025-09-12,255,255,1.0
77740022,2025-01-01,2025-06-14,165,165,1.0
77740064,2025-01-01,2026-03-31,455,455,1.0
77740068,2025-01-01,2026-03-31,455,455,1.0
77730172,2025-07-25,2025-11-24,123,123,1.0
77730184,2026-03-26,2026-03-27,2,2,1.0
77730294,2025-01-01,2025-01-30,30,30,1.0
77730307,2025-08-06,2026-03-31,238,238,1.0
77730331,2025-11-07,2026-03-31,145,145,1.0
77730338,2025-11-07,2026-03-31,145,145,1.0
77730041,2025-11-07,2026-03-31,145,145,1.0
77730061,2025-01-01,2026-03-31,455,455,1.0
77730064,2025-11-07,2026-03-31,145,145,1.0
77730108,2025-05-23,2026-03-31,313,313,1.0
77730113,2025-01-01,2026-03-31,455,455,1.0
77730159,2025-01-01,2026-03-31,455,455,1.0
77830077,2025-01-01,2026-03-31,455,455,1.0
77830086,2025-06-30,2025-09-10,73,73,1.0
77830087,2025-12-15,2026-03-31,107,107,1.0
77830090,2025-10-30,2026-03-31,153,153,1.0
77830092,2025-09-04,2026-03-31,209,209,1.0
77830093,2025-09-30,2026-03-31,183,183,1.0
77830095,2025-10-08,2026-03-31,175,175,1.0
77830048,2026-03-05,2026-03-31,27,27,1.0
77830050,2026-01-16,2026-03-31,75,75,1.0
77830055,2025-01-01,2026-03-31,455,455,1.0
77830076,2025-10-28,2026-03-31,155,155,1.0
77830018,2025-10-30,2026-03-31,153,153,1.0
77830020,2025-01-01,2026-03-31,455,455,1.0
77830029,2025-11-21,2025-12-08,18,18,1.0
77830038,2025-10-24,2026-03-31,159,159,1.0
77830041,2025-10-29,2026-03-31,154,154,1.0
77830002,2026-02-12,2026-03-31,48,48,1.0
77830009,2025-10-30,2026-03-31,153,153,1.0
77830011,2025-01-01,2026-03-31,455,455,1.0
77830013,2025-10-30,2026-03-31,153,153,1.0
77830014,2026-01-15,2026-03-31,76,76,1.0
77830184,2025-01-01,2025-06-17,168,168,1.0
77830272,2025-11-05,2026-03-31,147,147,1.0
77830279,2025-12-25,2026-03-31,97,97,1.0
77830281,2025-11-05,2026-03-31,147,147,1.0
77830292,2025-06-30,2025-09-10,73,73,1.0
77830298,2026-03-26,2026-03-27,2,2,1.0
77830160,2025-11-03,2026-03-31,149,149,1.0
77830169,2025-10-08,2026-03-31,175,175,1.0
77830174,2025-10-22,2026-03-31,161,161,1.0
77830175,2025-10-01,2026-03-31,182,182,1.0
77830177,2025-12-25,2026-03-31,97,97,1.0
77830182,2026-01-16,2026-03-31,75,75,1.0
77830110,2025-11-07,2026-03-31,145,145,1.0
77830111,2025-01-01,2026-01-29,394,394,1.0
77830121,2025-09-10,2025-09-10,1,1,1.0
77830146,2025-09-23,2026-03-31,190,190,1.0
77830155,2026-03-26,2026-03-27,2,2,1.0
77830096,2026-03-26,2026-03-27,2,2,1.0
77830099,2025-11-25,2026-03-31,127,127,1.0
77830102,2025-09-10,2026-03-31,203,203,1.0
77830108,2025-10-30,2026-03-31,153,153,1.0
77830109,2025-10-30,2026-03-31,153,153,1.0
700291734,2026-02-02,2026-03-31,58,58,1.0
700291740,2025-07-28,2025-08-20,24,24,1.0
700291747,2025-06-20,2026-03-31,285,285,1.0
700291749,2025-07-28,2025-08-20,24,24,1.0
700291758,2025-07-28,2025-08-20,24,24,1.0
700291761,2025-08-06,2026-03-31,238,238,1.0
700291692,2025-07-28,2025-08-20,24,24,1.0
700291699,2025-01-01,2025-06-10,161,161,1.0
700291706,2025-01-01,2026-03-31,455,455,1.0
700291708,2025-01-01,2026-03-31,455,455,1.0
700291717,2025-01-01,2026-03-31,455,455,1.0
700291722,2025-01-01,2026-01-30,395,395,1.0
700291730,2025-07-28,2025-08-20,24,24,1.0
700291650,2025-01-01,2026-03-31,455,455,1.0
700291662,2025-12-10,2026-03-31,112,112,1.0
700291663,2025-01-01,2026-03-31,455,455,1.0
700291678,2025-01-01,2026-03-31,455,455,1.0
700291680,2025-06-30,2026-03-31,275,275,1.0
700291684,2025-01-01,2026-03-31,455,455,1.0
700291588,2025-09-10,2026-03-31,203,203,1.0
700291619,2025-07-28,2025-08-20,24,24,1.0
700291621,2025-01-01,2026-03-31,455,455,1.0
700291630,2025-07-28,2025-08-20,24,24,1.0
700291632,2026-01-30,2026-03-31,61,61,1.0
700291645,2025-01-01,2026-03-31,455,455,1.0
77840176,2026-03-26,2026-03-27,2,2,1.0
77840178,2026-01-14,2026-03-31,77,77,1.0
77840181,2025-06-11,2026-03-31,294,294,1.0
77840271,2025-01-01,2026-03-31,455,455,1.0
77840284,2025-11-10,2026-03-31,142,142,1.0
77830776,2025-01-01,2026-03-31,455,455,1.0
77830784,2025-01-01,2026-03-31,455,455,1.0
77840058,2025-04-11,2025-09-12,155,155,1.0
77840072,2025-06-17,2026-03-31,288,288,1.0
77840172,2026-02-20,2026-03-31,40,40,1.0
77830708,2026-03-04,2026-03-31,28,28,1.0
77830715,2025-01-01,2026-03-31,455,455,1.0
77830720,2025-11-19,2026-03-31,133,133,1.0
77830735,2025-11-12,2026-03-31,140,140,1.0
77830383,2026-01-14,2026-03-31,77,77,1.0
77830425,2025-11-10,2026-03-31,142,142,1.0
77830488,2025-12-17,2026-03-31,105,105,1.0
77830606,2026-02-11,2026-03-31,49,49,1.0
77830703,2025-12-25,2026-03-31,97,97,1.0
77840741,2025-11-13,2026-03-31,139,139,1.0
77840774,2026-03-16,2026-03-31,16,16,1.0
77840791,2025-10-27,2026-03-31,156,156,1.0
77840792,2026-03-26,2026-03-27,2,2,1.0
77840793,2025-11-03,2026-03-31,149,149,1.0
77840694,2026-03-26,2026-03-27,2,2,1.0
77840715,2026-01-14,2026-03-31,77,77,1.0
77840726,2025-10-02,2026-03-31,181,181,1.0
77840727,2025-10-28,2026-03-31,155,155,1.0
77840737,2026-03-26,2026-03-27,2,2,1.0
77840478,2026-02-20,2026-03-20,29,29,1.0
77840480,2025-11-11,2026-03-31,141,141,1.0
77840485,2025-01-01,2025-06-17,168,168,1.0
77840597,2025-11-10,2026-03-31,142,142,1.0
77840599,2025-09-22,2025-09-26,5,5,1.0
77840672,2025-01-01,2026-03-31,455,455,1.0
77840290,2026-03-26,2026-03-27,2,2,1.0
77840297,2025-10-30,2026-03-30,152,152,1.0
77840419,2026-01-15,2026-03-31,76,76,1.0
77840445,2025-01-01,2026-03-31,455,455,1.0
700291535,2025-07-28,2025-08-20,24,24,1.0
700291542,2025-01-01,2026-03-31,455,455,1.0
700291550,2026-02-02,2026-03-31,58,58,1.0
700291552,2026-02-05,2026-03-31,55,55,1.0
700291562,2025-01-01,2026-03-31,455,455,1.0
700291565,2025-07-29,2026-03-31,246,246,1.0
700291571,2025-05-24,2025-09-05,105,105,1.0
700291516,2025-01-01,2025-09-12,255,255,1.0
700291517,2025-01-01,2026-03-31,455,455,1.0
700291523,2025-01-06,2025-01-06,1,1,1.0
700291534,2026-03-26,2026-03-27,2,2,1.0
700232754,2025-01-01,2026-03-31,455,455,1.0
700232761,2025-01-01,2026-03-31,455,455,1.0
700232763,2025-07-28,2025-08-20,24,24,1.0
700232767,2025-10-24,2026-03-31,159,159,1.0
700232771,2025-07-23,2025-08-20,29,29,1.0
700232773,2025-01-01,2026-03-31,455,455,1.0
700232705,2025-01-01,2026-03-31,455,455,1.0
700232707,2026-02-02,2026-03-31,58,58,1.0
700232709,2025-07-09,2025-07-18,10,10,1.0
700232714,2025-01-01,2026-03-31,455,455,1.0
700232724,2025-07-28,2025-08-20,24,24,1.0
700232727,2025-01-01,2026-03-31,455,455,1.0
700232731,2025-01-01,2026-03-31,455,455,1.0
700232738,2025-07-04,2026-03-31,271,271,1.0
77841147,2025-12-04,2026-03-31,118,118,1.0
77841303,2025-01-01,2026-03-31,455,455,1.0
77841342,2025-09-10,2026-03-31,203,203,1.0
77940006,2025-10-09,2026-03-31,174,174,1.0
77940008,2025-10-09,2026-03-11,154,154,1.0
77940022,2025-12-23,2026-03-31,99,99,1.0
77840947,2026-01-14,2026-02-14,32,32,1.0
77841058,2026-01-24,2026-02-20,28,28,1.0
77841118,2026-03-26,2026-03-27,2,2,1.0
77841144,2025-12-04,2026-03-31,118,118,1.0
77840882,2025-11-03,2026-03-31,149,149,1.0
77840884,2025-11-03,2026-03-31,149,149,1.0
77840794,2025-11-03,2026-03-31,149,149,1.0
77840796,2025-01-01,2026-03-31,455,455,1.0
77840797,2025-11-01,2026-03-31,151,151,1.0
77840815,2025-09-26,2026-03-31,187,187,1.0
77840841,2025-11-03,2026-03-31,149,149,1.0
77840845,2025-11-03,2026-03-31,149,149,1.0
77840853,2026-01-14,2026-03-31,77,77,1.0
77840855,2026-02-20,2026-03-31,40,40,1.0
77940478,2026-03-24,2026-03-31,8,8,1.0
77940496,2025-12-26,2026-03-31,96,96,1.0
77940504,2025-01-01,2025-09-12,255,255,1.0
77940530,2025-01-01,2026-03-31,455,455,1.0
78030180,2025-01-01,2025-06-17,168,168,1.0
78040002,2025-01-01,2026-03-31,455,455,1.0
77940322,2025-01-01,2026-03-31,455,455,1.0
77940344,2025-11-28,2026-03-31,124,124,1.0
77940470,2025-11-27,2026-03-27,121,121,1.0
77940476,2026-03-27,2026-03-31,5,5,1.0
77940182,2026-03-26,2026-03-31,6,6,1.0
77940291,2025-09-16,2026-03-31,197,197,1.0
77940292,2026-03-26,2026-03-31,6,6,1.0
77940317,2025-12-15,2026-03-31,107,107,1.0
77940027,2026-01-07,2026-03-31,84,84,1.0
77940029,2025-01-01,2026-03-31,455,455,1.0
77940043,2025-05-21,2025-05-22,2,2,1.0
77940047,2025-05-21,2025-05-22,2,2,1.0
77940051,2025-09-12,2026-03-31,201,201,1.0
77940058,2025-12-15,2026-03-31,107,107,1.0
77940102,2025-09-12,2026-03-31,201,201,1.0
700232679,2025-01-01,2025-09-12,255,255,1.0
700232682,2025-06-20,2026-03-31,285,285,1.0
700232684,2025-01-01,2026-03-31,455,455,1.0
700232686,2025-01-22,2026-03-31,434,434,1.0
700232692,2025-07-28,2025-08-20,24,24,1.0
700232696,2025-01-01,2026-03-31,455,455,1.0
700232703,2025-06-17,2026-03-31,288,288,1.0
700232636,2025-07-28,2025-08-20,24,24,1.0
700232643,2025-01-01,2026-03-31,455,455,1.0
700232645,2026-02-02,2026-03-31,58,58,1.0
700232655,2025-01-01,2026-03-31,455,455,1.0
700232669,2025-03-06,2026-03-31,391,391,1.0
700232673,2025-01-22,2026-03-31,434,434,1.0
700232675,2025-01-01,2026-03-31,455,455,1.0
700232609,2025-01-01,2026-03-31,455,455,1.0
700232611,2025-01-01,2026-03-31,455,455,1.0
700232613,2025-01-01,2026-03-31,455,455,1.0
700232625,2026-02-02,2026-03-31,58,58,1.0
700232629,2026-03-26,2026-03-27,2,2,1.0
700232635,2025-01-01,2026-03-31,455,455,1.0
700232593,2025-01-01,2026-03-31,455,455,1.0
700232598,2025-01-01,2026-03-31,455,455,1.0
700232599,2025-01-01,2026-03-31,455,455,1.0
700232600,2025-01-01,2026-03-31,455,455,1.0
700232603,2025-01-01,2026-03-31,455,455,1.0
78040081,2025-12-26,2026-03-31,96,96,1.0
78040089,2025-01-01,2026-03-31,455,455,1.0
78040103,2025-11-27,2026-03-31,125,125,1.0
78040129,2025-01-01,2026-03-31,455,455,1.0
78040132,2026-03-26,2026-03-27,2,2,1.0
78040133,2025-11-23,2026-03-31,129,129,1.0
78040134,2026-03-26,2026-03-27,2,2,1.0
78040069,2025-10-15,2026-03-31,168,168,1.0
78040070,2025-01-01,2026-02-06,402,402,1.0
78040071,2025-01-01,2026-03-31,455,455,1.0
78040072,2025-11-26,2026-03-31,126,126,1.0
78040073,2025-07-29,2026-03-31,246,246,1.0
78040077,2025-11-26,2026-03-31,126,126,1.0
78040023,2026-03-13,2026-03-31,19,19,1.0
78040026,2025-01-01,2026-03-31,455,455,1.0
78040027,2025-11-25,2026-03-31,127,127,1.0
78040034,2025-06-17,2025-09-10,86,86,1.0
78040055,2025-02-06,2026-01-14,343,343,1.0
78040056,2025-01-01,2026-03-31,455,455,1.0
78040064,2026-03-26,2026-03-27,2,2,1.0
78040007,2025-11-24,2026-03-31,128,128,1.0
78040008,2025-10-16,2026-03-31,167,167,1.0
78040011,2025-12-25,2026-03-31,97,97,1.0
78040017,2025-12-24,2026-03-31,98,98,1.0
78040020,2026-03-26,2026-03-27,2,2,1.0
78040022,2026-03-13,2026-03-31,19,19,1.0
78140056,2025-01-01,2026-03-31,455,455,1.0
78140064,2025-03-14,2026-03-31,383,383,1.0
78140097,2025-01-01,2026-03-31,455,455,1.0
78140125,2025-09-17,2025-09-17,1,1,1.0
78140134,2025-01-01,2026-03-31,455,455,1.0
78042889,2025-01-01,2026-03-31,455,455,1.0
78042891,2025-01-01,2026-03-31,455,455,1.0
78140002,2025-07-25,2025-11-07,106,106,1.0
78140039,2026-03-30,2026-03-31,2,2,1.0
78140042,2025-04-21,2025-06-21,62,62,1.0
78140043,2025-08-20,2025-09-12,24,24,1.0
78040166,2025-12-25,2026-03-31,97,97,1.0
78040170,2025-01-01,2026-03-31,455,455,1.0
78040173,2026-03-26,2026-03-27,2,2,1.0
78040176,2025-11-25,2026-03-31,127,127,1.0
78040177,2025-11-26,2026-03-31,126,126,1.0
78040184,2026-03-26,2026-03-31,6,6,1.0
78040145,2025-12-04,2026-03-31,118,118,1.0
78040155,2026-03-26,2026-03-27,2,2,1.0
78040156,2025-01-01,2025-06-17,168,168,1.0
78040158,2025-01-01,2025-06-17,168,168,1.0
78040159,2025-01-01,2025-06-17,168,168,1.0
78040160,2025-11-25,2026-03-31,127,127,1.0
78040162,2025-10-17,2026-03-31,166,166,1.0
78240015,2026-02-02,2026-03-31,58,58,1.0
78240019,2025-01-01,2026-03-31,455,455,1.0
78240022,2026-01-26,2026-03-31,65,65,1.0
78240031,2025-06-23,2025-09-10,80,80,1.0
78240035,2026-03-26,2026-03-31,6,6,1.0
78240036,2026-03-26,2026-03-27,2,2,1.0
78240037,2025-01-01,2026-03-31,455,455,1.0
78230011,2026-01-07,2026-03-31,84,84,1.0
78230025,2025-01-01,2026-03-31,455,455,1.0
78230054,2026-03-26,2026-03-27,2,2,1.0
78230057,2025-01-01,2026-03-31,455,455,1.0
78230080,2025-01-01,2026-03-31,455,455,1.0
78240005,2026-03-26,2026-03-27,2,2,1.0
78240006,2025-01-01,2026-03-31,455,455,1.0
78240010,2025-06-30,2025-06-30,1,1,1.0
78140253,2025-01-01,2026-03-31,455,455,1.0
78140262,2025-01-01,2026-03-31,455,455,1.0
78230001,2026-01-07,2026-03-31,84,84,1.0
78230002,2026-01-07,2026-03-31,84,84,1.0
78230004,2026-01-06,2026-03-31,85,85,1.0
78230006,2025-01-01,2026-03-31,455,455,1.0
78230009,2026-01-08,2026-03-31,83,83,1.0
78140167,2025-01-01,2026-03-31,455,455,1.0
78140180,2025-01-01,2026-03-31,455,455,1.0
78140217,2025-03-11,2025-09-12,186,186,1.0
78140228,2025-04-17,2026-03-26,344,344,1.0
78140231,2025-01-01,2026-03-31,455,455,1.0
78240167,2025-06-13,2026-03-31,292,292,1.0
78240173,2025-01-01,2026-03-31,455,455,1.0
78240174,2025-05-06,2026-03-31,330,330,1.0
78240176,2026-01-26,2026-03-31,65,65,1.0
78240185,2026-03-26,2026-03-27,2,2,1.0
78240186,2026-03-26,2026-03-27,2,2,1.0
78240111,2025-01-01,2026-03-31,455,455,1.0
78240114,2026-03-26,2026-03-27,2,2,1.0
78240115,2026-01-22,2026-03-31,69,69,1.0
78240117,2026-01-22,2026-03-31,69,69,1.0
78240130,2026-01-27,2026-03-31,64,64,1.0
78240131,2026-01-26,2026-03-31,65,65,1.0
78240073,2025-01-07,2026-03-31,449,449,1.0
78240075,2025-01-01,2025-06-17,168,168,1.0
78240077,2026-01-26,2026-03-31,65,65,1.0
78240081,2025-03-07,2026-03-31,390,390,1.0
78240083,2025-07-28,2025-08-20,24,24,1.0
78240104,2025-12-01,2026-03-31,121,121,1.0
78240040,2026-01-22,2026-03-31,69,69,1.0
78240044,2026-01-27,2026-03-31,64,64,1.0
78240053,2026-03-26,2026-03-31,6,6,1.0
78240055,2026-03-26,2026-03-27,2,2,1.0
78240063,2025-07-01,2025-09-10,72,72,1.0
78240064,2026-03-27,2026-03-31,5,5,1.0
78240069,2025-06-23,2025-09-10,80,80,1.0
78240350,2026-03-26,2026-03-27,2,2,1.0
78240354,2026-01-08,2026-03-31,83,83,1.0
78240421,2025-06-23,2025-09-10,80,80,1.0
78330002,2026-01-07,2026-03-31,84,84,1.0
78330008,2025-07-28,2025-08-20,24,24,1.0
78240337,2026-01-13,2026-03-31,78,78,1.0
78240338,2026-01-13,2026-03-31,78,78,1.0
78240342,2026-01-13,2026-03-31,78,78,1.0
78240344,2026-01-13,2026-03-31,78,78,1.0
78240345,2026-01-13,2026-03-31,78,78,1.0
78240347,2026-01-13,2026-03-31,78,78,1.0
78240349,2026-01-08,2026-03-31,83,83,1.0
78240251,2026-01-23,2026-03-31,68,68,1.0
78240252,2026-01-26,2026-03-31,65,65,1.0
78240254,2026-01-23,2026-03-31,68,68,1.0
78240257,2026-03-26,2026-03-27,2,2,1.0
78240259,2026-01-26,2026-03-31,65,65,1.0
78240286,2026-01-19,2026-03-31,72,72,1.0
78240329,2026-01-07,2026-03-31,84,84,1.0
78240330,2026-03-26,2026-03-27,2,2,1.0
78240190,2025-09-06,2026-03-31,207,207,1.0
78240192,2026-01-09,2026-03-31,82,82,1.0
78240193,2026-01-09,2026-02-10,33,33,1.0
78240195,2026-01-09,2026-03-31,82,82,1.0
78240230,2026-01-22,2026-03-31,69,69,1.0
78240232,2025-01-01,2025-01-07,7,7,1.0
78240250,2026-01-19,2026-03-31,72,72,1.0
700232584,2025-01-01,2026-03-31,455,455,1.0
700232585,2025-01-01,2026-03-31,455,455,1.0
700232586,2026-03-26,2026-03-27,2,2,1.0
700232587,2025-05-14,2026-03-31,322,322,1.0
700232588,2025-01-01,2026-03-31,455,455,1.0
700232589,2025-01-14,2025-06-17,155,155,1.0
700232590,2025-01-01,2026-03-31,455,455,1.0
700232592,2025-01-01,2026-03-31,455,455,1.0
700232575,2025-01-01,2025-09-12,255,255,1.0
700232577,2025-02-21,2026-03-31,404,404,1.0
700232578,2025-01-01,2026-03-31,455,455,1.0
700232579,2025-01-01,2026-03-31,455,455,1.0
700232580,2025-01-01,2026-03-31,455,455,1.0
700232582,2025-01-01,2026-03-31,455,455,1.0
700232583,2025-01-01,2026-03-31,455,455,1.0
700153110,2025-01-01,2026-03-31,455,455,1.0
700153111,2025-01-01,2026-03-31,455,455,1.0
700153113,2025-01-01,2026-03-31,455,455,1.0
700232567,2025-01-01,2026-03-31,455,455,1.0
700232569,2025-01-01,2026-03-31,455,455,1.0
700232570,2025-01-01,2026-03-31,455,455,1.0
700232571,2025-06-17,2026-03-31,288,288,1.0
700232573,2025-01-01,2026-03-31,455,455,1.0
700153091,2025-01-01,2026-03-31,455,455,1.0
700153103,2025-04-07,2026-03-31,359,359,1.0
700153106,2025-01-01,2026-03-31,455,455,1.0
700153107,2025-01-01,2026-03-31,455,455,1.0
700153108,2025-01-01,2026-03-31,455,455,1.0
78330100,2025-01-01,2026-03-31,455,455,1.0
78330101,2025-12-17,2026-03-31,105,105,1.0
78330102,2026-03-26,2026-03-27,2,2,1.0
78330104,2025-01-01,2026-03-31,455,455,1.0
78330106,2026-01-09,2026-03-31,82,82,1.0
78330076,2025-01-01,2026-03-31,455,455,1.0
78330078,2026-03-26,2026-03-27,2,2,1.0
78330080,2025-12-12,2026-03-31,110,110,1.0
78330081,2025-08-21,2026-03-31,223,223,1.0
78330087,2025-12-25,2026-03-31,97,97,1.0
78330090,2026-01-07,2026-03-31,84,84,1.0
78330091,2026-01-07,2026-03-31,84,84,1.0
78330033,2026-03-26,2026-03-27,2,2,1.0
78330034,2025-01-01,2026-03-31,455,455,1.0
78330062,2025-01-01,2025-12-05,339,339,1.0
78330069,2025-01-01,2026-03-31,455,455,1.0
78330070,2026-01-09,2026-03-31,82,82,1.0
78330073,2025-12-26,2026-03-31,96,96,1.0
78330011,2025-06-30,2025-09-10,73,73,1.0
78330016,2025-01-01,2026-03-31,455,455,1.0
78330017,2025-12-10,2026-03-31,112,112,1.0
78330020,2026-01-07,2026-03-31,84,84,1.0
78330023,2025-12-12,2026-03-31,110,110,1.0
78330024,2025-01-01,2026-03-31,455,455,1.0
78330027,2025-01-01,2026-03-31,455,455,1.0
78330285,2025-01-07,2025-01-07,1,1,1.0
78330301,2025-10-10,2026-03-31,173,173,1.0
78330305,2025-05-15,2026-03-31,321,321,1.0
78330306,2026-01-09,2026-03-31,82,82,1.0
78330311,2026-01-09,2026-03-31,82,82,1.0
78330151,2026-01-08,2026-03-31,83,83,1.0
78330188,2025-01-01,2026-03-31,455,455,1.0
78330205,2026-03-26,2026-03-27,2,2,1.0
78330224,2025-01-01,2026-03-31,455,455,1.0
78330253,2025-07-16,2026-03-31,259,259,1.0
78330255,2025-06-20,2025-09-12,85,85,1.0
78330257,2025-01-01,2026-03-31,455,455,1.0
78330132,2026-03-26,2026-03-27,2,2,1.0
78330133,2025-12-18,2026-03-31,104,104,1.0
78330134,2026-01-07,2026-03-31,84,84,1.0
78330142,2025-01-01,2026-03-31,455,455,1.0
78330144,2026-01-07,2026-03-31,84,84,1.0
78330148,2026-01-07,2026-03-31,84,84,1.0
78330149,2025-12-31,2026-03-31,91,91,1.0
78330113,2025-07-11,2026-03-31,264,264,1.0
78330115,2025-06-23,2025-09-13,83,83,1.0
78330117,2026-01-13,2026-03-31,78,78,1.0
78330121,2025-06-27,2026-03-31,278,278,1.0
700153077,2025-01-01,2026-03-31,455,455,1.0
700153082,2025-01-01,2026-03-31,455,455,1.0
700153087,2025-01-01,2026-03-31,455,455,1.0
700153089,2025-01-01,2026-03-31,455,455,1.0
700153090,2025-01-01,2026-03-31,455,455,1.0
700153056,2026-01-22,2026-03-31,69,69,1.0
700153057,2025-01-01,2026-03-31,455,455,1.0
700153064,2025-01-01,2026-03-31,455,455,1.0
700153071,2025-01-01,2026-03-31,455,455,1.0
700153074,2025-07-28,2025-08-20,24,24,1.0
700153047,2025-05-12,2026-03-31,324,324,1.0
700153048,2025-01-01,2026-03-31,455,455,1.0
700153049,2025-06-17,2025-09-10,86,86,1.0
700153051,2025-01-01,2026-03-31,455,455,1.0
700153053,2025-01-01,2026-03-31,455,455,1.0
700153054,2025-01-01,2026-03-31,455,455,1.0
700153055,2025-01-01,2026-03-31,455,455,1.0
700153035,2025-01-01,2025-09-12,255,255,1.0
700153040,2025-01-01,2026-03-31,455,455,1.0
700153041,2025-01-01,2025-09-12,255,255,1.0
700153042,2025-01-01,2026-03-31,455,455,1.0
700153043,2025-01-01,2026-03-31,455,455,1.0
700153045,2025-01-01,2026-03-31,455,455,1.0
78340402,2026-01-09,2026-03-31,82,82,1.0
78340459,2025-12-24,2026-03-31,98,98,1.0
78340570,2025-01-07,2025-01-07,1,1,1.0
78340571,2025-07-11,2026-03-31,264,264,1.0
78340573,2026-03-26,2026-03-27,2,2,1.0
78340133,2025-01-21,2026-02-01,377,377,1.0
78340138,2026-01-06,2026-03-31,85,85,1.0
78340139,2026-01-07,2026-03-31,84,84,1.0
78340140,2026-01-06,2026-03-31,85,85,1.0
78340270,2026-03-26,2026-03-27,2,2,1.0
78340271,2026-01-09,2026-03-30,81,81,1.0
78340045,2025-11-14,2026-03-31,138,138,1.0
78340080,2025-12-18,2026-03-31,104,104,1.0
78330444,2025-01-01,2026-03-31,455,455,1.0
78330447,2025-01-01,2026-03-31,455,455,1.0
78330460,2026-01-07,2026-03-31,84,84,1.0
78330467,2026-01-13,2026-03-31,78,78,1.0
78340011,2025-01-01,2026-03-31,455,455,1.0
78340040,2025-01-01,2026-03-31,455,455,1.0
78340043,2025-07-11,2026-03-31,264,264,1.0
78340044,2025-12-25,2026-03-31,97,97,1.0
78430019,2025-07-11,2026-02-26,231,231,1.0
78430024,2025-06-30,2026-03-31,275,275,1.0
78430033,2025-06-30,2026-03-31,275,275,1.0
78430036,2025-12-22,2026-03-07,76,76,1.0
78430064,2025-12-18,2026-01-27,41,41,1.0
78430072,2025-06-17,2025-09-10,86,86,1.0
78340725,2025-01-01,2026-03-31,455,455,1.0
78430005,2025-06-30,2026-03-31,275,275,1.0
78430010,2026-01-09,2026-03-31,82,82,1.0
78430011,2025-06-30,2026-03-31,275,275,1.0
78430013,2025-06-30,2025-09-12,75,75,1.0
78340667,2025-07-11,2025-07-31,21,21,1.0
78340692,2025-01-01,2026-03-31,455,455,1.0
78340696,2025-01-01,2026-03-31,455,455,1.0
78340720,2025-01-01,2025-07-25,206,206,1.0
78340724,2025-01-01,2026-03-31,455,455,1.0
78340622,2025-01-01,2026-03-31,455,455,1.0
78340632,2026-01-08,2026-03-31,83,83,1.0
700096063,2025-01-01,2026-03-31,455,455,1.0
700096067,2025-01-01,2026-03-31,455,455,1.0
700153031,2025-01-01,2026-03-31,455,455,1.0
700153032,2025-01-01,2026-03-31,455,455,1.0
700096054,2025-01-01,2025-09-12,255,255,1.0
700096056,2025-01-01,2026-03-31,455,455,1.0
700096059,2025-01-01,2025-09-12,255,255,1.0
700096060,2025-01-01,2025-09-12,255,255,1.0
700096062,2025-01-01,2026-03-31,455,455,1.0
700096047,2025-01-01,2026-03-31,455,455,1.0
700096050,2025-01-01,2025-09-12,255,255,1.0
700096051,2025-01-01,2025-09-12,255,255,1.0
700096052,2025-01-01,2026-01-21,386,386,1.0
700096053,2025-01-01,2026-03-31,455,455,1.0
700096038,2025-01-01,2026-03-31,455,455,1.0
700096040,2025-01-01,2026-03-31,455,455,1.0
700096041,2025-01-01,2026-01-10,375,375,1.0
700096045,2025-01-01,2026-03-31,455,455,1.0
